#
# There is insufficient memory for the Java Runtime Environment to continue.
# Native memory allocation (malloc) failed to allocate 32744 bytes. Error detail: ChunkPool::allocate
# Possible reasons:
#   The system is out of physical RAM or swap space
#   This process is running with CompressedOops enabled, and the Java Heap may be blocking the growth of the native heap
# Possible solutions:
#   Reduce memory load on the system
#   Increase physical memory or swap space
#   Check if swap backing store is full
#   Decrease Java heap size (-Xmx/-Xms)
#   Decrease number of Java threads
#   Decrease Java thread stack sizes (-Xss)
#   Set larger code cache with -XX:ReservedCodeCacheSize=
#   JVM is running with Zero Based Compressed Oops mode in which the Java heap is
#     placed in the first 32GB address space. The Java Heap base address is the
#     maximum limit for the native heap growth. Please use -XX:HeapBaseMinAddress
#     to set the Java Heap base and to place the Java Heap above 32GB virtual address.
# This output file may be truncated or incomplete.
#
#  Out of Memory Error (arena.cpp:79), pid=23784, tid=26052
#
# JRE version: OpenJDK Runtime Environment Temurin-17.0.17+10 (17.0.17+10) (build 17.0.17+10)
# Java VM: OpenJDK 64-Bit Server VM Temurin-17.0.17+10 (17.0.17+10, mixed mode, sharing, tiered, compressed oops, compressed class ptrs, g1 gc, windows-amd64)
# No core dump will be written. Minidumps are not enabled by default on client versions of Windows
#

---------------  S U M M A R Y ------------

Command Line: --add-opens=java.base/java.lang=ALL-UNNAMED --add-opens=java.base/java.lang.invoke=ALL-UNNAMED --add-opens=java.base/java.util=ALL-UNNAMED --add-opens=java.prefs/java.util.prefs=ALL-UNNAMED --add-exports=jdk.compiler/com.sun.tools.javac.api=ALL-UNNAMED --add-exports=jdk.compiler/com.sun.tools.javac.util=ALL-UNNAMED --add-opens=java.base/java.util=ALL-UNNAMED --add-opens=java.prefs/java.util.prefs=ALL-UNNAMED --add-opens=java.base/java.nio.charset=ALL-UNNAMED --add-opens=java.base/java.net=ALL-UNNAMED --add-opens=java.base/java.util.concurrent.atomic=ALL-UNNAMED --add-opens=java.xml/javax.xml.namespace=ALL-UNNAMED -XX:MaxMetaspaceSize=4G -XX:ReservedCodeCacheSize=512m -XX:+HeapDumpOnOutOfMemoryError -Xmx8G -Dfile.encoding=windows-1252 -Duser.country=US -Duser.language=en -Duser.variant -javaagent:C:\Users\USER\.gradle\wrapper\dists\gradle-8.14-all\c2qonpi39x1mddn7hk5gh9iqj\gradle-8.14\lib\agents\gradle-instrumentation-agent-8.14.jar org.gradle.launcher.daemon.bootstrap.GradleDaemon 8.14

Host: 13th Gen Intel(R) Core(TM) i7-1355U, 12 cores, 7G,  Windows 11 , 64 bit Build 26100 (10.0.26100.9444)
Time: Sat Sep 19 17:18:20 2026 Pakistan Standard Time elapsed time: 197.958732 seconds (0d 0h 3m 17s)

---------------  T H R E A D  ---------------

Current thread (0x000002ec4512d8e0):  JavaThread "C2 CompilerThread0" daemon [_thread_in_native, id=26052, stack(0x000000eccc800000,0x000000eccc900000)]


Current CompileTask:
C2:197958 24115       4       org.gradle.internal.operations.CurrentBuildOperationRef::get (11 bytes)

Stack: [0x000000eccc800000,0x000000eccc900000]
Native frames: (J=compiled Java code, j=interpreted, Vv=VM code, C=native code)
V  [jvm.dll+0x683fb9]
V  [jvm.dll+0x83a1b5]
V  [jvm.dll+0x83bc2e]
V  [jvm.dll+0x83c2b3]
V  [jvm.dll+0x248eff]
V  [jvm.dll+0xad69e]
V  [jvm.dll+0xadb3c]
V  [jvm.dll+0x6602f5]
V  [jvm.dll+0x65fe1e]
V  [jvm.dll+0x1a9f5a]
V  [jvm.dll+0x6966e1]
V  [jvm.dll+0x218e88]
V  [jvm.dll+0x1a4920]
V  [jvm.dll+0x22989a]
V  [jvm.dll+0x227a4b]
V  [jvm.dll+0x7effb8]
V  [jvm.dll+0x7ea44c]
V  [jvm.dll+0x682e87]
C  [ucrtbase.dll+0x2cd30]
C  [KERNEL32.DLL+0x2cd87]
C  [ntdll.dll+0xacaec]


---------------  P R O C E S S  ---------------

Threads class SMR info:
_java_thread_list=0x000002ec52471c80, length=191, elements={
0x000002ebf616e4c0, 0x000002ebb34184c0, 0x000002ebb3418f90, 0x000002ec45122520,
0x000002ec45124e00, 0x000002ec451256d0, 0x000002ec45126fb0, 0x000002ec4512d8e0,
0x000002ec451466c0, 0x000002ec45146fd0, 0x000002ebb33fe8c0, 0x000002ec452d3e20,
0x000002ec4628b5f0, 0x000002ec46b30820, 0x000002ec46c31020, 0x000002ec46d49810,
0x000002ec46d479b0, 0x000002ec46d46a80, 0x000002ec46d483d0, 0x000002ec476263b0,
0x000002ec47623b30, 0x000002ec49d5a780, 0x000002ec47718660, 0x000002ec47718b70,
0x000002ec47719080, 0x000002ec47719590, 0x000002ec4858cad0, 0x000002ec4858f860,
0x000002ec4788ceb0, 0x000002ec47889c10, 0x000002ec48590ca0, 0x000002ec47625990,
0x000002ec4b7b5d60, 0x000002ec4b7b6780, 0x000002ec4b7b2fd0, 0x000002ec4b7b3f00,
0x000002ec4b7b4410, 0x000002ec4b7b6c90, 0x000002ec49d560a0, 0x000002ec49d579f0,
0x000002ec49d57f00, 0x000002ec49d565b0, 0x000002ec49d574e0, 0x000002ec49d5a270,
0x000002ec49d59340, 0x000002ec49d59850, 0x000002ec49d56ac0, 0x000002ec49d58410,
0x000002ec49d58920, 0x000002ec49d58e30, 0x000002ec49d56fd0, 0x000002ec49d5d510,
0x000002ec49d5ac90, 0x000002ec49d5caf0, 0x000002ec49d5b1a0, 0x000002ec49d5c0d0,
0x000002ec49d5bbc0, 0x000002ec49d5b6b0, 0x000002ec49d5c5e0, 0x000002ec4858b690,
0x000002ec4858c5c0, 0x000002ec4858d4f0, 0x000002ec4858bba0, 0x000002ec4858da00,
0x000002ec4858a250, 0x000002ec4858df10, 0x000002ec4858b180, 0x000002ec4858a760,
0x000002ec4858e420, 0x000002ec4858ac70, 0x000002ec4858ee40, 0x000002ec4858c0b0,
0x000002ec485911b0, 0x000002ec4858e930, 0x000002ec4858fd70, 0x000002ec4858f350,
0x000002ec48590790, 0x000002ec485916c0, 0x000002ec48591bd0, 0x000002ec47625480,
0x000002ec47624f70, 0x000002ec47625ea0, 0x000002ec476272e0, 0x000002ec47624040,
0x000002ec47624550, 0x000002ec47629650, 0x000002ec47629b60, 0x000002ec476277f0,
0x000002ec47629140, 0x000002ec47628210, 0x000002ec4762a070, 0x000002ec476268c0,
0x000002ec4762afa0, 0x000002ec47628720, 0x000002ec4762b4b0, 0x000002ec4762a580,
0x000002ec4762aa90, 0x000002ec47627d00, 0x000002ec47628c30, 0x000002ec47714490,
0x000002ec477149a0, 0x000002ec477158d0, 0x000002ec477153c0, 0x000002ec47715de0,
0x000002ec47716800, 0x000002ec47713f80, 0x000002ec477162f0, 0x000002ec47716d10,
0x000002ec47717220, 0x000002ec47713a70, 0x000002ec47719aa0, 0x000002ec47717730,
0x000002ec47719fb0, 0x000002ec4771a4c0, 0x000002ec4771b3f0, 0x000002ec46d46060,
0x000002ec46d488e0, 0x000002ec46d48df0, 0x000002ec46d474a0, 0x000002ec46d49300,
0x000002ec46d46570, 0x000002ec46d47ec0, 0x000002ec478891f0, 0x000002ec4788b050,
0x000002ec478878a0, 0x000002ec47889700, 0x000002ec4788ab40, 0x000002ec4788f220,
0x000002ec4b7b4e30, 0x000002ec4b7b6270, 0x000002ec45e997c0, 0x000002ec45e96010,
0x000002ec45e99cd0, 0x000002ec45e97e70, 0x000002ec45e97450, 0x000002ec45e98380,
0x000002ec45e96520, 0x000002ec45e992b0, 0x000002ec45e9a1e0, 0x000002ec45e96a30,
0x000002ec45e9a6f0, 0x000002ec45e96f40, 0x000002ec45e98da0, 0x000002ec45e98890,
0x000002ec45e9b110, 0x000002ec45e9ac00, 0x000002ec45e97960, 0x000002ec45e9d990,
0x000002ec45e9b620, 0x000002ec45e9bb30, 0x000002ec45e9c040, 0x000002ec45e9c550,
0x000002ec45e9ca60, 0x000002ec45e9d480, 0x000002ec49bbc380, 0x000002ec49bbf620,
0x000002ec49bbd7c0, 0x000002ec49bbbe70, 0x000002ec49bbf110, 0x000002ec49bbd2b0,
0x000002ec49bbe1e0, 0x000002ec49bbdcd0, 0x000002ec49bbc890, 0x000002ec49bbe6f0,
0x000002ec49bbec00, 0x000002ec45e9cf70, 0x000002ec539ad680, 0x000002ec539aeac0,
0x000002ec539af9f0, 0x000002ec539aff00, 0x000002ec539b0410, 0x000002ec539aefd0,
0x000002ec539af4e0, 0x000002ec539b0920, 0x000002ec539b0e30, 0x000002ec539b1340,
0x000002ec539adb90, 0x000002ec539b1850, 0x000002ec539ae5b0, 0x000002ec539b45e0,
0x000002ec539b2c90, 0x000002ec539b4af0, 0x000002ec539b36b0, 0x000002ec539b2270,
0x000002ec539b5000, 0x000002ec539b2780, 0x000002ec539b31a0, 0x000002ec53f83380,
0x000002ec53f805f0, 0x000002ec53f83890, 0x000002ec53f800e0
}

Java Threads: ( => current thread )
  0x000002ebf616e4c0 JavaThread "main" [_thread_blocked, id=15508, stack(0x000000eccbb00000,0x000000eccbc00000)]
  0x000002ebb34184c0 JavaThread "Reference Handler" daemon [_thread_blocked, id=21224, stack(0x000000eccc200000,0x000000eccc300000)]
  0x000002ebb3418f90 JavaThread "Finalizer" daemon [_thread_blocked, id=11212, stack(0x000000eccc300000,0x000000eccc400000)]
  0x000002ec45122520 JavaThread "Signal Dispatcher" daemon [_thread_blocked, id=13432, stack(0x000000eccc400000,0x000000eccc500000)]
  0x000002ec45124e00 JavaThread "Attach Listener" daemon [_thread_blocked, id=5236, stack(0x000000eccc500000,0x000000eccc600000)]
  0x000002ec451256d0 JavaThread "Service Thread" daemon [_thread_blocked, id=3040, stack(0x000000eccc600000,0x000000eccc700000)]
  0x000002ec45126fb0 JavaThread "Monitor Deflation Thread" daemon [_thread_blocked, id=21716, stack(0x000000eccc700000,0x000000eccc800000)]
=>0x000002ec4512d8e0 JavaThread "C2 CompilerThread0" daemon [_thread_in_native, id=26052, stack(0x000000eccc800000,0x000000eccc900000)]
  0x000002ec451466c0 JavaThread "C1 CompilerThread0" daemon [_thread_blocked, id=21016, stack(0x000000eccc900000,0x000000eccca00000)]
  0x000002ec45146fd0 JavaThread "Sweeper thread" daemon [_thread_blocked, id=16608, stack(0x000000eccca00000,0x000000ecccb00000)]
  0x000002ebb33fe8c0 JavaThread "Common-Cleaner" daemon [_thread_blocked, id=6068, stack(0x000000ecccb00000,0x000000ecccc00000)]
  0x000002ec452d3e20 JavaThread "Notification Thread" daemon [_thread_blocked, id=2132, stack(0x000000ecccc00000,0x000000ecccd00000)]
  0x000002ec4628b5f0 JavaThread "Daemon health stats" [_thread_blocked, id=13696, stack(0x000000eccd200000,0x000000eccd300000)]
  0x000002ec46b30820 JavaThread "Incoming local TCP Connector on port 56881" [_thread_in_native, id=11336, stack(0x000000eccd300000,0x000000eccd400000)]
  0x000002ec46c31020 JavaThread "Daemon periodic checks" [_thread_blocked, id=11672, stack(0x000000eccd400000,0x000000eccd500000)]
  0x000002ec46d49810 JavaThread "Cache worker for journal cache (C:\Users\USER\.gradle\caches\journal-1)" [_thread_blocked, id=9704, stack(0x000000eccdc00000,0x000000eccdd00000)]
  0x000002ec46d479b0 JavaThread "File lock request listener" [_thread_in_native, id=8316, stack(0x000000eccdd00000,0x000000eccde00000)]
  0x000002ec46d46a80 JavaThread "Cache worker for file hash cache (C:\Users\USER\.gradle\caches\8.14\fileHashes)" [_thread_blocked, id=18672, stack(0x000000eccde00000,0x000000eccdf00000)]
  0x000002ec46d483d0 JavaThread "File watcher server" daemon [_thread_in_native, id=20588, stack(0x000000ecce900000,0x000000eccea00000)]
  0x000002ec476263b0 JavaThread "File watcher consumer" daemon [_thread_blocked, id=19780, stack(0x000000eccea00000,0x000000ecceb00000)]
  0x000002ec47623b30 JavaThread "Cache worker for file content cache (C:\Users\USER\.gradle\caches\8.14\fileContent)" [_thread_blocked, id=7248, stack(0x000000eccec00000,0x000000ecced00000)]
  0x000002ec49d5a780 JavaThread "Memory manager" [_thread_blocked, id=9184, stack(0x000000ecd1100000,0x000000ecd1200000)]
  0x000002ec47718660 JavaThread "RMI Scheduler(0)" daemon [_thread_blocked, id=20164, stack(0x000000ecd4300000,0x000000ecd4400000)]
  0x000002ec47718b70 JavaThread "RMI GC Daemon" daemon [_thread_blocked, id=6400, stack(0x000000ecd4500000,0x000000ecd4600000)]
  0x000002ec47719080 JavaThread "RMI TCP Accept-0" daemon [_thread_in_native, id=21892, stack(0x000000ecd4600000,0x000000ecd4700000)]
  0x000002ec47719590 JavaThread "RMI Reaper" [_thread_blocked, id=20328, stack(0x000000ecd4700000,0x000000ecd4800000)]
  0x000002ec4858cad0 JavaThread "jar transforms" [_thread_blocked, id=24892, stack(0x000000ecd6e00000,0x000000ecd6f00000)]
  0x000002ec4858f860 JavaThread "jar transforms Thread 2" [_thread_blocked, id=22516, stack(0x000000ecd8000000,0x000000ecd8100000)]
  0x000002ec4788ceb0 JavaThread "jar transforms Thread 3" [_thread_blocked, id=12752, stack(0x000000ecd8300000,0x000000ecd8400000)]
  0x000002ec47889c10 JavaThread "jar transforms Thread 4" [_thread_blocked, id=6312, stack(0x000000ecd8400000,0x000000ecd8500000)]
  0x000002ec48590ca0 JavaThread "jar transforms Thread 5" [_thread_blocked, id=3784, stack(0x000000ecd8500000,0x000000ecd8600000)]
  0x000002ec47625990 JavaThread "jar transforms Thread 6" [_thread_blocked, id=22948, stack(0x000000ecd8600000,0x000000ecd8700000)]
  0x000002ec4b7b5d60 JavaThread "jar transforms Thread 7" [_thread_blocked, id=9136, stack(0x000000ecd8200000,0x000000ecd8300000)]
  0x000002ec4b7b6780 JavaThread "jar transforms Thread 8" [_thread_blocked, id=18924, stack(0x000000eccb800000,0x000000eccb900000)]
  0x000002ec4b7b2fd0 JavaThread "jar transforms Thread 9" [_thread_blocked, id=16092, stack(0x000000eccba00000,0x000000eccbb00000)]
  0x000002ec4b7b3f00 JavaThread "jar transforms Thread 10" [_thread_blocked, id=14588, stack(0x000000ecd8700000,0x000000ecd8800000)]
  0x000002ec4b7b4410 JavaThread "jar transforms Thread 11" [_thread_blocked, id=12616, stack(0x000000ecd8800000,0x000000ecd8900000)]
  0x000002ec4b7b6c90 JavaThread "jar transforms Thread 12" [_thread_blocked, id=20504, stack(0x000000ecd8900000,0x000000ecd8a00000)]
  0x000002ec49d560a0 JavaThread "Daemon Thread 2" [_thread_blocked, id=22428, stack(0x000000eccd500000,0x000000eccd600000)]
  0x000002ec49d579f0 JavaThread "Handler for socket connection from /127.0.0.1:56881 to /127.0.0.1:62901" [_thread_in_native, id=23816, stack(0x000000eccd600000,0x000000eccd700000)]
  0x000002ec49d57f00 JavaThread "Cancel handler" [_thread_blocked, id=16628, stack(0x000000eccd700000,0x000000eccd800000)]
  0x000002ec49d565b0 JavaThread "Daemon worker Thread 2" [_thread_blocked, id=9212, stack(0x000000eccd800000,0x000000eccd900000)]
  0x000002ec49d574e0 JavaThread "Asynchronous log dispatcher for DefaultDaemonConnection: socket connection from /127.0.0.1:56881 to /127.0.0.1:62901" [_thread_blocked, id=14860, stack(0x000000eccd900000,0x000000eccda00000)]
  0x000002ec49d5a270 JavaThread "Stdin handler" [_thread_blocked, id=19504, stack(0x000000eccda00000,0x000000eccdb00000)]
  0x000002ec49d59340 JavaThread "Daemon client event forwarder" [_thread_blocked, id=21516, stack(0x000000eccdb00000,0x000000eccdc00000)]
  0x000002ec49d59850 JavaThread "Cache worker for file hash cache (C:\Users\USER\StudioProjects\thumstechs\android\.gradle\8.14\fileHashes)" [_thread_blocked, id=25196, stack(0x000000ecce400000,0x000000ecce500000)]
  0x000002ec49d56ac0 JavaThread "Cache worker for Build Output Cleanup Cache (C:\Users\USER\StudioProjects\thumstechs\android\.gradle\buildOutputCleanup)" [_thread_blocked, id=22856, stack(0x000000ecce500000,0x000000ecce600000)]
  0x000002ec49d58410 JavaThread "Cache worker for checksums cache (C:\Users\USER\StudioProjects\thumstechs\android\.gradle\8.14\checksums)" [_thread_blocked, id=17648, stack(0x000000ecce600000,0x000000ecce700000)]
  0x000002ec49d58920 JavaThread "Cache worker for cache directory md-supplier (C:\Users\USER\.gradle\caches\8.14\md-supplier)" [_thread_blocked, id=3972, stack(0x000000ecceb00000,0x000000eccec00000)]
  0x000002ec49d58e30 JavaThread "Cache worker for cache directory md-rule (C:\Users\USER\.gradle\caches\8.14\md-rule)" [_thread_blocked, id=25552, stack(0x000000ecced00000,0x000000eccee00000)]
  0x000002ec49d56fd0 JavaThread "Cache worker for Build Output Cleanup Cache (D:\Apps\flutter_windows_3.38.5-stable\flutter\packages\flutter_tools\gradle\.gradle\buildOutputCleanup)" [_thread_blocked, id=7308, stack(0x000000eccee00000,0x000000eccef00000)]
  0x000002ec49d5d510 JavaThread "Unconstrained build operations" [_thread_blocked, id=18364, stack(0x000000eccef00000,0x000000eccf000000)]
  0x000002ec49d5ac90 JavaThread "Unconstrained build operations Thread 2" [_thread_blocked, id=21424, stack(0x000000eccf000000,0x000000eccf100000)]
  0x000002ec49d5caf0 JavaThread "Unconstrained build operations Thread 3" [_thread_blocked, id=3940, stack(0x000000eccf100000,0x000000eccf200000)]
  0x000002ec49d5b1a0 JavaThread "Unconstrained build operations Thread 4" [_thread_blocked, id=20580, stack(0x000000eccf200000,0x000000eccf300000)]
  0x000002ec49d5c0d0 JavaThread "Unconstrained build operations Thread 5" [_thread_blocked, id=2920, stack(0x000000eccf300000,0x000000eccf400000)]
  0x000002ec49d5bbc0 JavaThread "Unconstrained build operations Thread 6" [_thread_blocked, id=20100, stack(0x000000eccf400000,0x000000eccf500000)]
  0x000002ec49d5b6b0 JavaThread "Unconstrained build operations Thread 7" [_thread_blocked, id=24880, stack(0x000000eccf500000,0x000000eccf600000)]
  0x000002ec49d5c5e0 JavaThread "Unconstrained build operations Thread 8" [_thread_blocked, id=18544, stack(0x000000eccf600000,0x000000eccf700000)]
  0x000002ec4858b690 JavaThread "Unconstrained build operations Thread 9" [_thread_blocked, id=22708, stack(0x000000eccf700000,0x000000eccf800000)]
  0x000002ec4858c5c0 JavaThread "Unconstrained build operations Thread 10" [_thread_blocked, id=26092, stack(0x000000eccf800000,0x000000eccf900000)]
  0x000002ec4858d4f0 JavaThread "Unconstrained build operations Thread 11" [_thread_blocked, id=9984, stack(0x000000eccf900000,0x000000eccfa00000)]
  0x000002ec4858bba0 JavaThread "Unconstrained build operations Thread 12" [_thread_blocked, id=7140, stack(0x000000eccfa00000,0x000000eccfb00000)]
  0x000002ec4858da00 JavaThread "Unconstrained build operations Thread 13" [_thread_blocked, id=652, stack(0x000000eccfb00000,0x000000eccfc00000)]
  0x000002ec4858a250 JavaThread "Unconstrained build operations Thread 14" [_thread_blocked, id=15028, stack(0x000000eccfc00000,0x000000eccfd00000)]
  0x000002ec4858df10 JavaThread "Unconstrained build operations Thread 15" [_thread_blocked, id=14760, stack(0x000000eccfd00000,0x000000eccfe00000)]
  0x000002ec4858b180 JavaThread "Unconstrained build operations Thread 16" [_thread_blocked, id=21384, stack(0x000000eccfe00000,0x000000eccff00000)]
  0x000002ec4858a760 JavaThread "Unconstrained build operations Thread 17" [_thread_blocked, id=7600, stack(0x000000eccff00000,0x000000ecd0000000)]
  0x000002ec4858e420 JavaThread "Unconstrained build operations Thread 18" [_thread_blocked, id=25248, stack(0x000000ecd0000000,0x000000ecd0100000)]
  0x000002ec4858ac70 JavaThread "Unconstrained build operations Thread 19" [_thread_blocked, id=6308, stack(0x000000ecd0100000,0x000000ecd0200000)]
  0x000002ec4858ee40 JavaThread "Unconstrained build operations Thread 20" [_thread_blocked, id=18504, stack(0x000000ecd0200000,0x000000ecd0300000)]
  0x000002ec4858c0b0 JavaThread "Unconstrained build operations Thread 21" [_thread_blocked, id=12996, stack(0x000000ecd0300000,0x000000ecd0400000)]
  0x000002ec485911b0 JavaThread "Unconstrained build operations Thread 22" [_thread_blocked, id=2004, stack(0x000000ecd0400000,0x000000ecd0500000)]
  0x000002ec4858e930 JavaThread "build event listener" [_thread_blocked, id=21268, stack(0x000000ecd0500000,0x000000ecd0600000)]
  0x000002ec4858fd70 JavaThread "included builds" [_thread_blocked, id=12748, stack(0x000000ecd0600000,0x000000ecd0700000)]
  0x000002ec4858f350 JavaThread "Execution worker" [_thread_blocked, id=19816, stack(0x000000ecd0700000,0x000000ecd0800000)]
  0x000002ec48590790 JavaThread "Execution worker Thread 2" [_thread_blocked, id=18484, stack(0x000000ecd0800000,0x000000ecd0900000)]
  0x000002ec485916c0 JavaThread "Execution worker Thread 3" [_thread_blocked, id=2808, stack(0x000000ecd0900000,0x000000ecd0a00000)]
  0x000002ec48591bd0 JavaThread "Execution worker Thread 4" [_thread_blocked, id=10992, stack(0x000000ecd0a00000,0x000000ecd0b00000)]
  0x000002ec47625480 JavaThread "Execution worker Thread 5" [_thread_blocked, id=26276, stack(0x000000ecd0b00000,0x000000ecd0c00000)]
  0x000002ec47624f70 JavaThread "Execution worker Thread 6" [_thread_blocked, id=21752, stack(0x000000ecd0c00000,0x000000ecd0d00000)]
  0x000002ec47625ea0 JavaThread "Execution worker Thread 7" [_thread_blocked, id=22828, stack(0x000000ecd0d00000,0x000000ecd0e00000)]
  0x000002ec476272e0 JavaThread "Execution worker Thread 8" [_thread_blocked, id=7828, stack(0x000000ecd0e00000,0x000000ecd0f00000)]
  0x000002ec47624040 JavaThread "Execution worker Thread 9" [_thread_blocked, id=21204, stack(0x000000ecd0f00000,0x000000ecd1000000)]
  0x000002ec47624550 JavaThread "Execution worker Thread 10" [_thread_blocked, id=18256, stack(0x000000ecd1000000,0x000000ecd1100000)]
  0x000002ec47629650 JavaThread "Execution worker Thread 11" [_thread_blocked, id=24160, stack(0x000000ecd1200000,0x000000ecd1300000)]
  0x000002ec47629b60 JavaThread "Cache worker for execution history cache (D:\Apps\flutter_windows_3.38.5-stable\flutter\packages\flutter_tools\gradle\.gradle\8.14\executionHistory)" [_thread_blocked, id=13788, stack(0x000000ecd1300000,0x000000ecd1400000)]
  0x000002ec476277f0 JavaThread "Unconstrained build operations Thread 23" [_thread_blocked, id=10284, stack(0x000000ecd1400000,0x000000ecd1500000)]
  0x000002ec47629140 JavaThread "Unconstrained build operations Thread 24" [_thread_blocked, id=14428, stack(0x000000ecd1500000,0x000000ecd1600000)]
  0x000002ec47628210 JavaThread "Unconstrained build operations Thread 25" [_thread_blocked, id=26384, stack(0x000000ecd1600000,0x000000ecd1700000)]
  0x000002ec4762a070 JavaThread "Unconstrained build operations Thread 26" [_thread_blocked, id=20764, stack(0x000000ecd1700000,0x000000ecd1800000)]
  0x000002ec476268c0 JavaThread "Unconstrained build operations Thread 27" [_thread_blocked, id=3320, stack(0x000000ecd1800000,0x000000ecd1900000)]
  0x000002ec4762afa0 JavaThread "Unconstrained build operations Thread 28" [_thread_blocked, id=11852, stack(0x000000ecd1900000,0x000000ecd1a00000)]
  0x000002ec47628720 JavaThread "Unconstrained build operations Thread 29" [_thread_blocked, id=16044, stack(0x000000ecd1a00000,0x000000ecd1b00000)]
  0x000002ec4762b4b0 JavaThread "Unconstrained build operations Thread 30" [_thread_blocked, id=22608, stack(0x000000ecd1b00000,0x000000ecd1c00000)]
  0x000002ec4762a580 JavaThread "Unconstrained build operations Thread 31" [_thread_blocked, id=17396, stack(0x000000ecd1c00000,0x000000ecd1d00000)]
  0x000002ec4762aa90 JavaThread "Unconstrained build operations Thread 32" [_thread_blocked, id=22980, stack(0x000000ecd1d00000,0x000000ecd1e00000)]
  0x000002ec47627d00 JavaThread "Unconstrained build operations Thread 33" [_thread_blocked, id=4312, stack(0x000000ecd1e00000,0x000000ecd1f00000)]
  0x000002ec47628c30 JavaThread "Unconstrained build operations Thread 34" [_thread_blocked, id=11760, stack(0x000000ecd1f00000,0x000000ecd2000000)]
  0x000002ec47714490 JavaThread "Unconstrained build operations Thread 35" [_thread_blocked, id=11696, stack(0x000000ecd2000000,0x000000ecd2100000)]
  0x000002ec477149a0 JavaThread "Unconstrained build operations Thread 36" [_thread_blocked, id=14516, stack(0x000000ecd2100000,0x000000ecd2200000)]
  0x000002ec477158d0 JavaThread "Unconstrained build operations Thread 37" [_thread_blocked, id=8852, stack(0x000000ecd2200000,0x000000ecd2300000)]
  0x000002ec477153c0 JavaThread "Unconstrained build operations Thread 38" [_thread_blocked, id=1488, stack(0x000000ecd2300000,0x000000ecd2400000)]
  0x000002ec47715de0 JavaThread "Unconstrained build operations Thread 39" [_thread_blocked, id=19680, stack(0x000000ecd2400000,0x000000ecd2500000)]
  0x000002ec47716800 JavaThread "Unconstrained build operations Thread 40" [_thread_blocked, id=9936, stack(0x000000ecd2500000,0x000000ecd2600000)]
  0x000002ec47713f80 JavaThread "Unconstrained build operations Thread 41" [_thread_blocked, id=20216, stack(0x000000ecd2600000,0x000000ecd2700000)]
  0x000002ec477162f0 JavaThread "Unconstrained build operations Thread 42" [_thread_blocked, id=2116, stack(0x000000ecd2700000,0x000000ecd2800000)]
  0x000002ec47716d10 JavaThread "Unconstrained build operations Thread 43" [_thread_blocked, id=21912, stack(0x000000ecd2800000,0x000000ecd2900000)]
  0x000002ec47717220 JavaThread "Unconstrained build operations Thread 44" [_thread_blocked, id=9792, stack(0x000000ecd2900000,0x000000ecd2a00000)]
  0x000002ec47713a70 JavaThread "Unconstrained build operations Thread 45" [_thread_blocked, id=22864, stack(0x000000ecd2a00000,0x000000ecd2b00000)]
  0x000002ec47719aa0 JavaThread "Unconstrained build operations Thread 46" [_thread_blocked, id=19516, stack(0x000000ecd2b00000,0x000000ecd2c00000)]
  0x000002ec47717730 JavaThread "Unconstrained build operations Thread 47" [_thread_blocked, id=2232, stack(0x000000ecd2c00000,0x000000ecd2d00000)]
  0x000002ec47719fb0 JavaThread "Unconstrained build operations Thread 48" [_thread_blocked, id=7420, stack(0x000000ecd2d00000,0x000000ecd2e00000)]
  0x000002ec4771a4c0 JavaThread "Unconstrained build operations Thread 49" [_thread_blocked, id=1564, stack(0x000000ecd2e00000,0x000000ecd2f00000)]
  0x000002ec4771b3f0 JavaThread "Unconstrained build operations Thread 50" [_thread_blocked, id=14420, stack(0x000000ecd2f00000,0x000000ecd3000000)]
  0x000002ec46d46060 JavaThread "Unconstrained build operations Thread 51" [_thread_blocked, id=13396, stack(0x000000ecd3000000,0x000000ecd3100000)]
  0x000002ec46d488e0 JavaThread "Unconstrained build operations Thread 52" [_thread_blocked, id=21596, stack(0x000000ecd3100000,0x000000ecd3200000)]
  0x000002ec46d48df0 JavaThread "Unconstrained build operations Thread 53" [_thread_blocked, id=12804, stack(0x000000ecd3200000,0x000000ecd3300000)]
  0x000002ec46d474a0 JavaThread "Unconstrained build operations Thread 54" [_thread_blocked, id=26468, stack(0x000000ecd3300000,0x000000ecd3400000)]
  0x000002ec46d49300 JavaThread "Unconstrained build operations Thread 55" [_thread_blocked, id=26152, stack(0x000000ecd3400000,0x000000ecd3500000)]
  0x000002ec46d46570 JavaThread "Unconstrained build operations Thread 56" [_thread_blocked, id=13652, stack(0x000000ecd3500000,0x000000ecd3600000)]
  0x000002ec46d47ec0 JavaThread "Unconstrained build operations Thread 57" [_thread_blocked, id=16804, stack(0x000000ecd3600000,0x000000ecd3700000)]
  0x000002ec478891f0 JavaThread "Unconstrained build operations Thread 58" [_thread_blocked, id=5264, stack(0x000000ecd3700000,0x000000ecd3800000)]
  0x000002ec4788b050 JavaThread "Unconstrained build operations Thread 59" [_thread_blocked, id=22048, stack(0x000000ecd3800000,0x000000ecd3900000)]
  0x000002ec478878a0 JavaThread "Unconstrained build operations Thread 60" [_thread_blocked, id=14768, stack(0x000000ecd3900000,0x000000ecd3a00000)]
  0x000002ec47889700 JavaThread "Unconstrained build operations Thread 61" [_thread_blocked, id=16580, stack(0x000000ecd3a00000,0x000000ecd3b00000)]
  0x000002ec4788ab40 JavaThread "Unconstrained build operations Thread 62" [_thread_blocked, id=24388, stack(0x000000ecd3b00000,0x000000ecd3c00000)]
  0x000002ec4788f220 JavaThread "Unconstrained build operations Thread 63" [_thread_blocked, id=18000, stack(0x000000ecd3c00000,0x000000ecd3d00000)]
  0x000002ec4b7b4e30 JavaThread "Unconstrained build operations Thread 64" [_thread_blocked, id=17716, stack(0x000000ecd3d00000,0x000000ecd3e00000)]
  0x000002ec4b7b6270 JavaThread "Unconstrained build operations Thread 65" [_thread_blocked, id=13056, stack(0x000000ecd3e00000,0x000000ecd3f00000)]
  0x000002ec45e997c0 JavaThread "Unconstrained build operations Thread 66" [_thread_blocked, id=14988, stack(0x000000ecd3f00000,0x000000ecd4000000)]
  0x000002ec45e96010 JavaThread "Unconstrained build operations Thread 67" [_thread_blocked, id=13952, stack(0x000000ecd4000000,0x000000ecd4100000)]
  0x000002ec45e99cd0 JavaThread "Unconstrained build operations Thread 68" [_thread_blocked, id=23396, stack(0x000000ecd4100000,0x000000ecd4200000)]
  0x000002ec45e97e70 JavaThread "build event listener" [_thread_blocked, id=26140, stack(0x000000ecd4200000,0x000000ecd4300000)]
  0x000002ec45e97450 JavaThread "Unconstrained build operations Thread 69" [_thread_blocked, id=23432, stack(0x000000ecd4400000,0x000000ecd4500000)]
  0x000002ec45e98380 JavaThread "Unconstrained build operations Thread 70" [_thread_blocked, id=11944, stack(0x000000ecd4800000,0x000000ecd4900000)]
  0x000002ec45e96520 JavaThread "Unconstrained build operations Thread 71" [_thread_blocked, id=25912, stack(0x000000ecd4900000,0x000000ecd4a00000)]
  0x000002ec45e992b0 JavaThread "Unconstrained build operations Thread 72" [_thread_blocked, id=11792, stack(0x000000ecd4a00000,0x000000ecd4b00000)]
  0x000002ec45e9a1e0 JavaThread "Unconstrained build operations Thread 73" [_thread_blocked, id=14540, stack(0x000000ecd4b00000,0x000000ecd4c00000)]
  0x000002ec45e96a30 JavaThread "Unconstrained build operations Thread 74" [_thread_blocked, id=19720, stack(0x000000ecd4c00000,0x000000ecd4d00000)]
  0x000002ec45e9a6f0 JavaThread "Unconstrained build operations Thread 75" [_thread_blocked, id=17248, stack(0x000000ecd4d00000,0x000000ecd4e00000)]
  0x000002ec45e96f40 JavaThread "Unconstrained build operations Thread 76" [_thread_blocked, id=2012, stack(0x000000ecd4e00000,0x000000ecd4f00000)]
  0x000002ec45e98da0 JavaThread "Unconstrained build operations Thread 77" [_thread_blocked, id=21656, stack(0x000000ecd4f00000,0x000000ecd5000000)]
  0x000002ec45e98890 JavaThread "Unconstrained build operations Thread 78" [_thread_blocked, id=9348, stack(0x000000ecd5000000,0x000000ecd5100000)]
  0x000002ec45e9b110 JavaThread "Unconstrained build operations Thread 79" [_thread_blocked, id=10264, stack(0x000000ecd5100000,0x000000ecd5200000)]
  0x000002ec45e9ac00 JavaThread "Unconstrained build operations Thread 80" [_thread_blocked, id=24716, stack(0x000000ecd5200000,0x000000ecd5300000)]
  0x000002ec45e97960 JavaThread "Unconstrained build operations Thread 81" [_thread_blocked, id=9800, stack(0x000000ecd5300000,0x000000ecd5400000)]
  0x000002ec45e9d990 JavaThread "Unconstrained build operations Thread 82" [_thread_blocked, id=21160, stack(0x000000ecd5400000,0x000000ecd5500000)]
  0x000002ec45e9b620 JavaThread "Unconstrained build operations Thread 83" [_thread_blocked, id=17120, stack(0x000000ecd5500000,0x000000ecd5600000)]
  0x000002ec45e9bb30 JavaThread "Unconstrained build operations Thread 84" [_thread_blocked, id=1584, stack(0x000000ecd5600000,0x000000ecd5700000)]
  0x000002ec45e9c040 JavaThread "Unconstrained build operations Thread 85" [_thread_blocked, id=4180, stack(0x000000ecd5700000,0x000000ecd5800000)]
  0x000002ec45e9c550 JavaThread "Unconstrained build operations Thread 86" [_thread_blocked, id=3300, stack(0x000000ecd5800000,0x000000ecd5900000)]
  0x000002ec45e9ca60 JavaThread "Unconstrained build operations Thread 87" [_thread_blocked, id=14512, stack(0x000000ecd5900000,0x000000ecd5a00000)]
  0x000002ec45e9d480 JavaThread "Unconstrained build operations Thread 88" [_thread_blocked, id=6948, stack(0x000000ecd5a00000,0x000000ecd5b00000)]
  0x000002ec49bbc380 JavaThread "Unconstrained build operations Thread 89" [_thread_blocked, id=12548, stack(0x000000ecd5b00000,0x000000ecd5c00000)]
  0x000002ec49bbf620 JavaThread "Unconstrained build operations Thread 90" [_thread_blocked, id=9480, stack(0x000000ecd5c00000,0x000000ecd5d00000)]
  0x000002ec49bbd7c0 JavaThread "Problems report writer" [_thread_blocked, id=6060, stack(0x000000ecd5d00000,0x000000ecd5e00000)]
  0x000002ec49bbbe70 JavaThread "Unconstrained build operations Thread 91" [_thread_blocked, id=25308, stack(0x000000ecd5e00000,0x000000ecd5f00000)]
  0x000002ec49bbf110 JavaThread "Unconstrained build operations Thread 92" [_thread_blocked, id=1004, stack(0x000000ecd5f00000,0x000000ecd6000000)]
  0x000002ec49bbd2b0 JavaThread "Unconstrained build operations Thread 93" [_thread_blocked, id=9568, stack(0x000000ecd6000000,0x000000ecd6100000)]
  0x000002ec49bbe1e0 JavaThread "Unconstrained build operations Thread 94" [_thread_blocked, id=25804, stack(0x000000ecd6100000,0x000000ecd6200000)]
  0x000002ec49bbdcd0 JavaThread "Unconstrained build operations Thread 95" [_thread_blocked, id=14260, stack(0x000000ecd6200000,0x000000ecd6300000)]
  0x000002ec49bbc890 JavaThread "Unconstrained build operations Thread 96" [_thread_blocked, id=3192, stack(0x000000ecd6300000,0x000000ecd6400000)]
  0x000002ec49bbe6f0 JavaThread "Unconstrained build operations Thread 97" [_thread_blocked, id=18988, stack(0x000000ecd6400000,0x000000ecd6500000)]
  0x000002ec49bbec00 JavaThread "Unconstrained build operations Thread 98" [_thread_blocked, id=14196, stack(0x000000ecd6500000,0x000000ecd6600000)]
  0x000002ec45e9cf70 JavaThread "Unconstrained build operations Thread 99" [_thread_blocked, id=2256, stack(0x000000ecd6600000,0x000000ecd6700000)]
  0x000002ec539ad680 JavaThread "Unconstrained build operations Thread 100" [_thread_blocked, id=25628, stack(0x000000ecd6700000,0x000000ecd6800000)]
  0x000002ec539aeac0 JavaThread "Unconstrained build operations Thread 101" [_thread_blocked, id=12500, stack(0x000000ecd6800000,0x000000ecd6900000)]
  0x000002ec539af9f0 JavaThread "Unconstrained build operations Thread 102" [_thread_blocked, id=2360, stack(0x000000ecd6900000,0x000000ecd6a00000)]
  0x000002ec539aff00 JavaThread "Unconstrained build operations Thread 103" [_thread_blocked, id=21152, stack(0x000000ecd6a00000,0x000000ecd6b00000)]
  0x000002ec539b0410 JavaThread "Unconstrained build operations Thread 104" [_thread_blocked, id=17328, stack(0x000000ecd6b00000,0x000000ecd6c00000)]
  0x000002ec539aefd0 JavaThread "Unconstrained build operations Thread 105" [_thread_blocked, id=9768, stack(0x000000ecd6c00000,0x000000ecd6d00000)]
  0x000002ec539af4e0 JavaThread "Unconstrained build operations Thread 106" [_thread_blocked, id=16828, stack(0x000000ecd6d00000,0x000000ecd6e00000)]
  0x000002ec539b0920 JavaThread "Unconstrained build operations Thread 107" [_thread_blocked, id=19928, stack(0x000000ecd6f00000,0x000000ecd7000000)]
  0x000002ec539b0e30 JavaThread "Unconstrained build operations Thread 108" [_thread_blocked, id=20568, stack(0x000000ecd7000000,0x000000ecd7100000)]
  0x000002ec539b1340 JavaThread "Unconstrained build operations Thread 109" [_thread_blocked, id=19808, stack(0x000000ecd7100000,0x000000ecd7200000)]
  0x000002ec539adb90 JavaThread "Unconstrained build operations Thread 110" [_thread_blocked, id=18888, stack(0x000000ecd7200000,0x000000ecd7300000)]
  0x000002ec539b1850 JavaThread "Unconstrained build operations Thread 111" [_thread_blocked, id=1384, stack(0x000000ecd7300000,0x000000ecd7400000)]
  0x000002ec539ae5b0 JavaThread "Unconstrained build operations Thread 112" [_thread_blocked, id=11612, stack(0x000000ecd7400000,0x000000ecd7500000)]
  0x000002ec539b45e0 JavaThread "Unconstrained build operations Thread 113" [_thread_blocked, id=5996, stack(0x000000ecd7500000,0x000000ecd7600000)]
  0x000002ec539b2c90 JavaThread "Unconstrained build operations Thread 114" [_thread_blocked, id=14176, stack(0x000000ecd7600000,0x000000ecd7700000)]
  0x000002ec539b4af0 JavaThread "Unconstrained build operations Thread 115" [_thread_blocked, id=4644, stack(0x000000ecd7700000,0x000000ecd7800000)]
  0x000002ec539b36b0 JavaThread "Unconstrained build operations Thread 116" [_thread_blocked, id=2128, stack(0x000000ecd7800000,0x000000ecd7900000)]
  0x000002ec539b2270 JavaThread "Unconstrained build operations Thread 117" [_thread_blocked, id=7304, stack(0x000000ecd7900000,0x000000ecd7a00000)]
  0x000002ec539b5000 JavaThread "Unconstrained build operations Thread 118" [_thread_blocked, id=13352, stack(0x000000ecd7a00000,0x000000ecd7b00000)]
  0x000002ec539b2780 JavaThread "Unconstrained build operations Thread 119" [_thread_blocked, id=22824, stack(0x000000ecd7b00000,0x000000ecd7c00000)]
  0x000002ec539b31a0 JavaThread "Unconstrained build operations Thread 120" [_thread_blocked, id=21076, stack(0x000000ecd7c00000,0x000000ecd7d00000)]
  0x000002ec53f83380 JavaThread "Cache worker for execution history cache (C:\Users\USER\StudioProjects\thumstechs\android\.gradle\8.14\executionHistory)" [_thread_blocked, id=18132, stack(0x000000ecd7f00000,0x000000ecd8000000)]
  0x000002ec53f805f0 JavaThread "Exec process Thread 4" [_thread_in_native, id=12976, stack(0x000000ecd8100000,0x000000ecd8200000)]
  0x000002ec53f83890 JavaThread "Exec process Thread 5" [_thread_in_native, id=18376, stack(0x000000ecd8a00000,0x000000ecd8b00000)]
  0x000002ec53f800e0 JavaThread "Exec process Thread 6" [_thread_in_native, id=4376, stack(0x000000ecd8b00000,0x000000ecd8c00000)]

Other Threads:
  0x000002ebb3410060 VMThread "VM Thread" [stack: 0x000000eccc100000,0x000000eccc200000] [id=2380]
  0x000002ec452d4b10 WatcherThread [stack: 0x000000ecccd00000,0x000000eccce00000] [id=21260]
  0x000002ebf621e8a0 GCTaskThread "GC Thread#0" [stack: 0x000000eccbc00000,0x000000eccbd00000] [id=18016]
  0x000002ec455064d0 GCTaskThread "GC Thread#1" [stack: 0x000000eccce00000,0x000000ecccf00000] [id=22956]
  0x000002ec45507480 GCTaskThread "GC Thread#2" [stack: 0x000000ecccf00000,0x000000eccd000000] [id=8668]
  0x000002ec45daff60 GCTaskThread "GC Thread#3" [stack: 0x000000eccd000000,0x000000eccd100000] [id=17144]
  0x000002ec455662f0 GCTaskThread "GC Thread#4" [stack: 0x000000eccd100000,0x000000eccd200000] [id=9824]
  0x000002ec4715e0c0 GCTaskThread "GC Thread#5" [stack: 0x000000eccdf00000,0x000000ecce000000] [id=17312]
  0x000002ec4715ebc0 GCTaskThread "GC Thread#6" [stack: 0x000000ecce000000,0x000000ecce100000] [id=592]
  0x000002ec4715f140 GCTaskThread "GC Thread#7" [stack: 0x000000ecce100000,0x000000ecce200000] [id=15636]
  0x000002ec4715de00 GCTaskThread "GC Thread#8" [stack: 0x000000ecce200000,0x000000ecce300000] [id=22200]
  0x000002ec4715e900 GCTaskThread "GC Thread#9" [stack: 0x000000ecce300000,0x000000ecce400000] [id=17840]
  0x000002ebb3271010 ConcurrentGCThread "G1 Main Marker" [stack: 0x000000eccbd00000,0x000000eccbe00000] [id=16908]
  0x000002ebb32720e0 ConcurrentGCThread "G1 Conc#0" [stack: 0x000000eccbe00000,0x000000eccbf00000] [id=11148]
  0x000002ec4715db40 ConcurrentGCThread "G1 Conc#1" [stack: 0x000000ecce700000,0x000000ecce800000] [id=22060]
  0x000002ec4715e640 ConcurrentGCThread "G1 Conc#2" [stack: 0x000000ecce800000,0x000000ecce900000] [id=1964]
  0x000002ebb32c5270 ConcurrentGCThread "G1 Refine#0" [stack: 0x000000eccbf00000,0x000000eccc000000] [id=12824]
  0x000002ec4bd87200 ConcurrentGCThread "G1 Refine#1" [stack: 0x000000eccb900000,0x000000eccba00000] [id=12516]
  0x000002ec53e983f0 ConcurrentGCThread "G1 Refine#2" [stack: 0x000000ecd7d00000,0x000000ecd7e00000] [id=9700]
  0x000002ec53e97b20 ConcurrentGCThread "G1 Refine#3" [stack: 0x000000ecd7e00000,0x000000ecd7f00000] [id=15416]
  0x000002ebb32c7e70 ConcurrentGCThread "G1 Service" [stack: 0x000000eccc000000,0x000000eccc100000] [id=16424]

Threads with active compile tasks:
C2 CompilerThread0  198136 24115       4       org.gradle.internal.operations.CurrentBuildOperationRef::get (11 bytes)

VM state: not at safepoint (normal execution)

VM Mutex/Monitor currently owned by a thread: None

Heap address: 0x0000000600000000, size: 8192 MB, Compressed Oops mode: Zero based, Oop shift amount: 3

CDS archive(s) mapped at: [0x000002ec00000000-0x000002ec00bb0000-0x000002ec00bb0000), size 12255232, SharedBaseAddress: 0x000002ec00000000, ArchiveRelocationMode: 1.
Compressed class space mapped at: 0x000002ec01000000-0x000002ec41000000, reserved size: 1073741824
Narrow klass base: 0x000002ec00000000, Narrow klass shift: 0, Narrow klass range: 0x100000000

GC Precious Log:
 CPUs: 12 total, 12 available
 Memory: 7710M
 Large Page Support: Disabled
 NUMA Support: Disabled
 Compressed Oops: Enabled (Zero based)
 Heap Region Size: 4M
 Heap Min Capacity: 8M
 Heap Initial Capacity: 124M
 Heap Max Capacity: 8G
 Pre-touch: Disabled
 Parallel Workers: 10
 Concurrent Workers: 3
 Concurrent Refinement Workers: 10
 Periodic GC: Disabled

Heap:
 garbage-first heap   total 737280K, used 531876K [0x0000000600000000, 0x0000000800000000)
  region size 4096K, 9 young (36864K), 4 survivors (16384K)
 Metaspace       used 128605K, committed 130688K, reserved 1179648K
  class space    used 17769K, committed 18752K, reserved 1048576K

Heap Regions: E=young(eden), S=young(survivor), O=old, HS=humongous(starts), HC=humongous(continues), CS=collection set, F=free, OA=open archive, CA=closed archive, TAMS=top-at-mark-start (previous, next)
|   0|0x0000000600000000, 0x0000000600400000, 0x0000000600400000|100%|HS|  |TAMS 0x0000000600400000, 0x0000000600000000| Complete 
|   1|0x0000000600400000, 0x0000000600800000, 0x0000000600800000|100%| O|  |TAMS 0x0000000600800000, 0x0000000600400000| Untracked 
|   2|0x0000000600800000, 0x0000000600c00000, 0x0000000600c00000|100%| O|  |TAMS 0x0000000600c00000, 0x0000000600800000| Untracked 
|   3|0x0000000600c00000, 0x0000000600fd4200, 0x0000000601000000| 95%| O|  |TAMS 0x0000000600fd4200, 0x0000000600c00000| Untracked 
|   4|0x0000000601000000, 0x0000000601400000, 0x0000000601400000|100%| O|  |TAMS 0x0000000601400000, 0x0000000601000000| Untracked 
|   5|0x0000000601400000, 0x0000000601800000, 0x0000000601800000|100%| O|  |TAMS 0x0000000601800000, 0x0000000601400000| Untracked 
|   6|0x0000000601800000, 0x0000000601c00000, 0x0000000601c00000|100%| O|  |TAMS 0x0000000601c00000, 0x0000000601800000| Untracked 
|   7|0x0000000601c00000, 0x0000000602000000, 0x0000000602000000|100%| O|  |TAMS 0x0000000602000000, 0x0000000601c00000| Untracked 
|   8|0x0000000602000000, 0x0000000602400000, 0x0000000602400000|100%| O|  |TAMS 0x0000000602400000, 0x0000000602000000| Untracked 
|   9|0x0000000602400000, 0x0000000602800000, 0x0000000602800000|100%| O|  |TAMS 0x0000000602800000, 0x0000000602400000| Untracked 
|  10|0x0000000602800000, 0x0000000602c00000, 0x0000000602c00000|100%| O|  |TAMS 0x0000000602c00000, 0x0000000602800000| Untracked 
|  11|0x0000000602c00000, 0x0000000603000000, 0x0000000603000000|100%| O|  |TAMS 0x0000000603000000, 0x0000000602c00000| Untracked 
|  12|0x0000000603000000, 0x0000000603400000, 0x0000000603400000|100%| O|  |TAMS 0x0000000603400000, 0x0000000603000000| Untracked 
|  13|0x0000000603400000, 0x0000000603800000, 0x0000000603800000|100%| O|  |TAMS 0x0000000603800000, 0x0000000603400000| Untracked 
|  14|0x0000000603800000, 0x0000000603c00000, 0x0000000603c00000|100%| O|  |TAMS 0x0000000603c00000, 0x0000000603800000| Untracked 
|  15|0x0000000603c00000, 0x0000000604000000, 0x0000000604000000|100%| O|  |TAMS 0x0000000604000000, 0x0000000603c00000| Untracked 
|  16|0x0000000604000000, 0x0000000604400000, 0x0000000604400000|100%| O|  |TAMS 0x0000000604400000, 0x0000000604000000| Untracked 
|  17|0x0000000604400000, 0x0000000604800000, 0x0000000604800000|100%| O|  |TAMS 0x0000000604800000, 0x0000000604400000| Untracked 
|  18|0x0000000604800000, 0x0000000604c00000, 0x0000000604c00000|100%| O|  |TAMS 0x0000000604c00000, 0x0000000604800000| Untracked 
|  19|0x0000000604c00000, 0x0000000605000000, 0x0000000605000000|100%| O|  |TAMS 0x0000000605000000, 0x0000000604c00000| Untracked 
|  20|0x0000000605000000, 0x0000000605400000, 0x0000000605400000|100%| O|  |TAMS 0x0000000605400000, 0x0000000605000000| Untracked 
|  21|0x0000000605400000, 0x0000000605800000, 0x0000000605800000|100%| O|  |TAMS 0x0000000605400000, 0x0000000605400000| Untracked 
|  22|0x0000000605800000, 0x0000000605c00000, 0x0000000605c00000|100%|HS|  |TAMS 0x0000000605c00000, 0x0000000605800000| Complete 
|  23|0x0000000605c00000, 0x0000000606000000, 0x0000000606000000|100%| O|  |TAMS 0x0000000606000000, 0x0000000605c00000| Untracked 
|  24|0x0000000606000000, 0x0000000606400000, 0x0000000606400000|100%| O|  |TAMS 0x0000000606400000, 0x0000000606000000| Untracked 
|  25|0x0000000606400000, 0x0000000606800000, 0x0000000606800000|100%| O|  |TAMS 0x0000000606800000, 0x0000000606400000| Untracked 
|  26|0x0000000606800000, 0x0000000606c00000, 0x0000000606c00000|100%| O|  |TAMS 0x0000000606c00000, 0x0000000606800000| Untracked 
|  27|0x0000000606c00000, 0x0000000607000000, 0x0000000607000000|100%| O|  |TAMS 0x0000000607000000, 0x0000000606c00000| Untracked 
|  28|0x0000000607000000, 0x0000000607400000, 0x0000000607400000|100%| O|  |TAMS 0x0000000607400000, 0x0000000607000000| Untracked 
|  29|0x0000000607400000, 0x0000000607800000, 0x0000000607800000|100%| O|  |TAMS 0x0000000607800000, 0x0000000607400000| Untracked 
|  30|0x0000000607800000, 0x0000000607c00000, 0x0000000607c00000|100%| O|  |TAMS 0x0000000607c00000, 0x0000000607800000| Untracked 
|  31|0x0000000607c00000, 0x0000000608000000, 0x0000000608000000|100%| O|  |TAMS 0x0000000608000000, 0x0000000607c00000| Untracked 
|  32|0x0000000608000000, 0x0000000608400000, 0x0000000608400000|100%| O|  |TAMS 0x0000000608000000, 0x0000000608000000| Untracked 
|  33|0x0000000608400000, 0x0000000608800000, 0x0000000608800000|100%| O|  |TAMS 0x0000000608800000, 0x0000000608400000| Untracked 
|  34|0x0000000608800000, 0x0000000608c00000, 0x0000000608c00000|100%| O|  |TAMS 0x0000000608c00000, 0x0000000608800000| Untracked 
|  35|0x0000000608c00000, 0x0000000609000000, 0x0000000609000000|100%| O|  |TAMS 0x0000000609000000, 0x0000000608c00000| Untracked 
|  36|0x0000000609000000, 0x0000000609400000, 0x0000000609400000|100%| O|  |TAMS 0x0000000609400000, 0x0000000609000000| Untracked 
|  37|0x0000000609400000, 0x0000000609800000, 0x0000000609800000|100%| O|  |TAMS 0x0000000609800000, 0x0000000609400000| Untracked 
|  38|0x0000000609800000, 0x0000000609c00000, 0x0000000609c00000|100%| O|  |TAMS 0x0000000609c00000, 0x0000000609800000| Untracked 
|  39|0x0000000609c00000, 0x000000060a000000, 0x000000060a000000|100%| O|  |TAMS 0x000000060a000000, 0x0000000609c00000| Untracked 
|  40|0x000000060a000000, 0x000000060a400000, 0x000000060a400000|100%| O|  |TAMS 0x000000060a400000, 0x000000060a000000| Untracked 
|  41|0x000000060a400000, 0x000000060a800000, 0x000000060a800000|100%| O|  |TAMS 0x000000060a800000, 0x000000060a400000| Untracked 
|  42|0x000000060a800000, 0x000000060ac00000, 0x000000060ac00000|100%| O|  |TAMS 0x000000060ac00000, 0x000000060a800000| Untracked 
|  43|0x000000060ac00000, 0x000000060b000000, 0x000000060b000000|100%| O|  |TAMS 0x000000060acccc00, 0x000000060ac00000| Untracked 
|  44|0x000000060b000000, 0x000000060b400000, 0x000000060b400000|100%| O|  |TAMS 0x000000060b000000, 0x000000060b000000| Untracked 
|  45|0x000000060b400000, 0x000000060b800000, 0x000000060b800000|100%| O|  |TAMS 0x000000060b400000, 0x000000060b400000| Untracked 
|  46|0x000000060b800000, 0x000000060bc00000, 0x000000060bc00000|100%| O|  |TAMS 0x000000060b800000, 0x000000060b800000| Untracked 
|  47|0x000000060bc00000, 0x000000060c000000, 0x000000060c000000|100%| O|  |TAMS 0x000000060bc00000, 0x000000060bc00000| Untracked 
|  48|0x000000060c000000, 0x000000060c400000, 0x000000060c400000|100%| O|  |TAMS 0x000000060c000000, 0x000000060c000000| Untracked 
|  49|0x000000060c400000, 0x000000060c800000, 0x000000060c800000|100%| O|  |TAMS 0x000000060c400000, 0x000000060c400000| Untracked 
|  50|0x000000060c800000, 0x000000060cc00000, 0x000000060cc00000|100%| O|  |TAMS 0x000000060c800000, 0x000000060c800000| Untracked 
|  51|0x000000060cc00000, 0x000000060d000000, 0x000000060d000000|100%| O|  |TAMS 0x000000060cc00000, 0x000000060cc00000| Untracked 
|  52|0x000000060d000000, 0x000000060d400000, 0x000000060d400000|100%| O|  |TAMS 0x000000060d000000, 0x000000060d000000| Untracked 
|  53|0x000000060d400000, 0x000000060d800000, 0x000000060d800000|100%| O|  |TAMS 0x000000060d400000, 0x000000060d400000| Untracked 
|  54|0x000000060d800000, 0x000000060dc00000, 0x000000060dc00000|100%| O|  |TAMS 0x000000060d800000, 0x000000060d800000| Untracked 
|  55|0x000000060dc00000, 0x000000060e000000, 0x000000060e000000|100%| O|  |TAMS 0x000000060dc00000, 0x000000060dc00000| Untracked 
|  56|0x000000060e000000, 0x000000060e400000, 0x000000060e400000|100%| O|  |TAMS 0x000000060e000000, 0x000000060e000000| Untracked 
|  57|0x000000060e400000, 0x000000060e800000, 0x000000060e800000|100%| O|  |TAMS 0x000000060e400000, 0x000000060e400000| Untracked 
|  58|0x000000060e800000, 0x000000060ec00000, 0x000000060ec00000|100%| O|  |TAMS 0x000000060e800000, 0x000000060e800000| Untracked 
|  59|0x000000060ec00000, 0x000000060f000000, 0x000000060f000000|100%| O|  |TAMS 0x000000060ec00000, 0x000000060ec00000| Untracked 
|  60|0x000000060f000000, 0x000000060f400000, 0x000000060f400000|100%| O|  |TAMS 0x000000060f000000, 0x000000060f000000| Untracked 
|  61|0x000000060f400000, 0x000000060f800000, 0x000000060f800000|100%| O|  |TAMS 0x000000060f400000, 0x000000060f400000| Untracked 
|  62|0x000000060f800000, 0x000000060fc00000, 0x000000060fc00000|100%| O|  |TAMS 0x000000060f800000, 0x000000060f800000| Untracked 
|  63|0x000000060fc00000, 0x0000000610000000, 0x0000000610000000|100%| O|  |TAMS 0x000000060fc00000, 0x000000060fc00000| Untracked 
|  64|0x0000000610000000, 0x0000000610400000, 0x0000000610400000|100%| O|  |TAMS 0x0000000610000000, 0x0000000610000000| Untracked 
|  65|0x0000000610400000, 0x0000000610800000, 0x0000000610800000|100%| O|  |TAMS 0x0000000610400000, 0x0000000610400000| Untracked 
|  66|0x0000000610800000, 0x0000000610c00000, 0x0000000610c00000|100%| O|  |TAMS 0x0000000610800000, 0x0000000610800000| Untracked 
|  67|0x0000000610c00000, 0x0000000611000000, 0x0000000611000000|100%| O|  |TAMS 0x0000000610c00000, 0x0000000610c00000| Untracked 
|  68|0x0000000611000000, 0x0000000611400000, 0x0000000611400000|100%| O|  |TAMS 0x0000000611000000, 0x0000000611000000| Untracked 
|  69|0x0000000611400000, 0x0000000611800000, 0x0000000611800000|100%| O|  |TAMS 0x0000000611400000, 0x0000000611400000| Untracked 
|  70|0x0000000611800000, 0x0000000611c00000, 0x0000000611c00000|100%| O|  |TAMS 0x0000000611800000, 0x0000000611800000| Untracked 
|  71|0x0000000611c00000, 0x0000000612000000, 0x0000000612000000|100%| O|  |TAMS 0x0000000611c00000, 0x0000000611c00000| Untracked 
|  72|0x0000000612000000, 0x0000000612400000, 0x0000000612400000|100%| O|  |TAMS 0x0000000612000000, 0x0000000612000000| Untracked 
|  73|0x0000000612400000, 0x0000000612800000, 0x0000000612800000|100%| O|  |TAMS 0x0000000612400000, 0x0000000612400000| Untracked 
|  74|0x0000000612800000, 0x0000000612c00000, 0x0000000612c00000|100%| O|  |TAMS 0x0000000612800000, 0x0000000612800000| Untracked 
|  75|0x0000000612c00000, 0x0000000613000000, 0x0000000613000000|100%| O|  |TAMS 0x0000000612c00000, 0x0000000612c00000| Untracked 
|  76|0x0000000613000000, 0x0000000613400000, 0x0000000613400000|100%| O|  |TAMS 0x0000000613000000, 0x0000000613000000| Untracked 
|  77|0x0000000613400000, 0x0000000613800000, 0x0000000613800000|100%| O|  |TAMS 0x0000000613400000, 0x0000000613400000| Untracked 
|  78|0x0000000613800000, 0x0000000613c00000, 0x0000000613c00000|100%| O|  |TAMS 0x0000000613800000, 0x0000000613800000| Untracked 
|  79|0x0000000613c00000, 0x0000000614000000, 0x0000000614000000|100%| O|  |TAMS 0x0000000613c00000, 0x0000000613c00000| Untracked 
|  80|0x0000000614000000, 0x0000000614400000, 0x0000000614400000|100%| O|  |TAMS 0x0000000614000000, 0x0000000614000000| Untracked 
|  81|0x0000000614400000, 0x0000000614800000, 0x0000000614800000|100%| O|  |TAMS 0x0000000614400000, 0x0000000614400000| Untracked 
|  82|0x0000000614800000, 0x0000000614c00000, 0x0000000614c00000|100%| O|  |TAMS 0x0000000614800000, 0x0000000614800000| Untracked 
|  83|0x0000000614c00000, 0x0000000615000000, 0x0000000615000000|100%| O|  |TAMS 0x0000000614c00000, 0x0000000614c00000| Untracked 
|  84|0x0000000615000000, 0x0000000615400000, 0x0000000615400000|100%| O|  |TAMS 0x0000000615000000, 0x0000000615000000| Untracked 
|  85|0x0000000615400000, 0x0000000615800000, 0x0000000615800000|100%| O|  |TAMS 0x0000000615400000, 0x0000000615400000| Untracked 
|  86|0x0000000615800000, 0x0000000615c00000, 0x0000000615c00000|100%| O|  |TAMS 0x0000000615800000, 0x0000000615800000| Untracked 
|  87|0x0000000615c00000, 0x0000000616000000, 0x0000000616000000|100%| O|  |TAMS 0x0000000615c00000, 0x0000000615c00000| Untracked 
|  88|0x0000000616000000, 0x0000000616400000, 0x0000000616400000|100%| O|  |TAMS 0x0000000616000000, 0x0000000616000000| Untracked 
|  89|0x0000000616400000, 0x0000000616800000, 0x0000000616800000|100%| O|  |TAMS 0x0000000616400000, 0x0000000616400000| Untracked 
|  90|0x0000000616800000, 0x0000000616c00000, 0x0000000616c00000|100%| O|  |TAMS 0x0000000616800000, 0x0000000616800000| Untracked 
|  91|0x0000000616c00000, 0x0000000617000000, 0x0000000617000000|100%| O|  |TAMS 0x0000000616c00000, 0x0000000616c00000| Untracked 
|  92|0x0000000617000000, 0x0000000617400000, 0x0000000617400000|100%| O|  |TAMS 0x0000000617000000, 0x0000000617000000| Untracked 
|  93|0x0000000617400000, 0x0000000617800000, 0x0000000617800000|100%| O|  |TAMS 0x0000000617400000, 0x0000000617400000| Untracked 
|  94|0x0000000617800000, 0x0000000617c00000, 0x0000000617c00000|100%| O|  |TAMS 0x0000000617800000, 0x0000000617800000| Untracked 
|  95|0x0000000617c00000, 0x0000000618000000, 0x0000000618000000|100%| O|  |TAMS 0x0000000617c00000, 0x0000000617c00000| Untracked 
|  96|0x0000000618000000, 0x0000000618400000, 0x0000000618400000|100%| O|  |TAMS 0x0000000618000000, 0x0000000618000000| Untracked 
|  97|0x0000000618400000, 0x0000000618800000, 0x0000000618800000|100%| O|  |TAMS 0x0000000618400000, 0x0000000618400000| Untracked 
|  98|0x0000000618800000, 0x0000000618c00000, 0x0000000618c00000|100%| O|  |TAMS 0x0000000618800000, 0x0000000618800000| Untracked 
|  99|0x0000000618c00000, 0x0000000619000000, 0x0000000619000000|100%| O|  |TAMS 0x0000000618c00000, 0x0000000618c00000| Untracked 
| 100|0x0000000619000000, 0x0000000619400000, 0x0000000619400000|100%| O|  |TAMS 0x0000000619000000, 0x0000000619000000| Untracked 
| 101|0x0000000619400000, 0x0000000619800000, 0x0000000619800000|100%| O|  |TAMS 0x0000000619400000, 0x0000000619400000| Untracked 
| 102|0x0000000619800000, 0x0000000619c00000, 0x0000000619c00000|100%| O|  |TAMS 0x0000000619800000, 0x0000000619800000| Untracked 
| 103|0x0000000619c00000, 0x000000061a000000, 0x000000061a000000|100%| O|  |TAMS 0x0000000619c00000, 0x0000000619c00000| Untracked 
| 104|0x000000061a000000, 0x000000061a400000, 0x000000061a400000|100%| O|  |TAMS 0x000000061a000000, 0x000000061a000000| Untracked 
| 105|0x000000061a400000, 0x000000061a800000, 0x000000061a800000|100%| O|  |TAMS 0x000000061a400000, 0x000000061a400000| Untracked 
| 106|0x000000061a800000, 0x000000061ac00000, 0x000000061ac00000|100%| O|  |TAMS 0x000000061a800000, 0x000000061a800000| Untracked 
| 107|0x000000061ac00000, 0x000000061b000000, 0x000000061b000000|100%| O|  |TAMS 0x000000061ac00000, 0x000000061ac00000| Untracked 
| 108|0x000000061b000000, 0x000000061b400000, 0x000000061b400000|100%| O|  |TAMS 0x000000061b000000, 0x000000061b000000| Untracked 
| 109|0x000000061b400000, 0x000000061b800000, 0x000000061b800000|100%| O|  |TAMS 0x000000061b400000, 0x000000061b400000| Untracked 
| 110|0x000000061b800000, 0x000000061bc00000, 0x000000061bc00000|100%| O|  |TAMS 0x000000061b800000, 0x000000061b800000| Untracked 
| 111|0x000000061bc00000, 0x000000061c000000, 0x000000061c000000|100%| O|  |TAMS 0x000000061bc00000, 0x000000061bc00000| Untracked 
| 112|0x000000061c000000, 0x000000061c400000, 0x000000061c400000|100%| O|  |TAMS 0x000000061c000000, 0x000000061c000000| Untracked 
| 113|0x000000061c400000, 0x000000061c800000, 0x000000061c800000|100%| O|  |TAMS 0x000000061c400000, 0x000000061c400000| Untracked 
| 114|0x000000061c800000, 0x000000061cc00000, 0x000000061cc00000|100%| O|  |TAMS 0x000000061c800000, 0x000000061c800000| Untracked 
| 115|0x000000061cc00000, 0x000000061d000000, 0x000000061d000000|100%| O|  |TAMS 0x000000061cc00000, 0x000000061cc00000| Untracked 
| 116|0x000000061d000000, 0x000000061d400000, 0x000000061d400000|100%| O|  |TAMS 0x000000061d000000, 0x000000061d000000| Untracked 
| 117|0x000000061d400000, 0x000000061d800000, 0x000000061d800000|100%| O|  |TAMS 0x000000061d400000, 0x000000061d400000| Untracked 
| 118|0x000000061d800000, 0x000000061dc00000, 0x000000061dc00000|100%| O|  |TAMS 0x000000061d800000, 0x000000061d800000| Untracked 
| 119|0x000000061dc00000, 0x000000061e000000, 0x000000061e000000|100%| O|  |TAMS 0x000000061dc00000, 0x000000061dc00000| Untracked 
| 120|0x000000061e000000, 0x000000061e400000, 0x000000061e400000|100%| O|  |TAMS 0x000000061e000000, 0x000000061e000000| Untracked 
| 121|0x000000061e400000, 0x000000061e800000, 0x000000061e800000|100%| O|  |TAMS 0x000000061e400000, 0x000000061e400000| Untracked 
| 122|0x000000061e800000, 0x000000061e8e2600, 0x000000061ec00000| 22%| O|  |TAMS 0x000000061e800000, 0x000000061e800000| Untracked 
| 123|0x000000061ec00000, 0x000000061ec00000, 0x000000061f000000|  0%| F|  |TAMS 0x000000061ec00000, 0x000000061ec00000| Untracked 
| 124|0x000000061f000000, 0x000000061f000000, 0x000000061f400000|  0%| F|  |TAMS 0x000000061f000000, 0x000000061f000000| Untracked 
| 125|0x000000061f400000, 0x000000061f400000, 0x000000061f800000|  0%| F|  |TAMS 0x000000061f400000, 0x000000061f400000| Untracked 
| 126|0x000000061f800000, 0x000000061f800000, 0x000000061fc00000|  0%| F|  |TAMS 0x000000061f800000, 0x000000061f800000| Untracked 
| 127|0x000000061fc00000, 0x000000061fc00000, 0x0000000620000000|  0%| F|  |TAMS 0x000000061fc00000, 0x000000061fc00000| Untracked 
| 128|0x0000000620000000, 0x0000000620000000, 0x0000000620400000|  0%| F|  |TAMS 0x0000000620000000, 0x0000000620000000| Untracked 
| 129|0x0000000620400000, 0x0000000620400000, 0x0000000620800000|  0%| F|  |TAMS 0x0000000620400000, 0x0000000620400000| Untracked 
| 130|0x0000000620800000, 0x0000000620800000, 0x0000000620c00000|  0%| F|  |TAMS 0x0000000620800000, 0x0000000620800000| Untracked 
| 131|0x0000000620c00000, 0x0000000620c00000, 0x0000000621000000|  0%| F|  |TAMS 0x0000000620c00000, 0x0000000620c00000| Untracked 
| 132|0x0000000621000000, 0x0000000621000000, 0x0000000621400000|  0%| F|  |TAMS 0x0000000621000000, 0x0000000621000000| Untracked 
| 133|0x0000000621400000, 0x0000000621400000, 0x0000000621800000|  0%| F|  |TAMS 0x0000000621400000, 0x0000000621400000| Untracked 
| 134|0x0000000621800000, 0x0000000621800000, 0x0000000621c00000|  0%| F|  |TAMS 0x0000000621800000, 0x0000000621800000| Untracked 
| 135|0x0000000621c00000, 0x0000000621c00000, 0x0000000622000000|  0%| F|  |TAMS 0x0000000621c00000, 0x0000000621c00000| Untracked 
| 136|0x0000000622000000, 0x0000000622000000, 0x0000000622400000|  0%| F|  |TAMS 0x0000000622000000, 0x0000000622000000| Untracked 
| 137|0x0000000622400000, 0x0000000622400000, 0x0000000622800000|  0%| F|  |TAMS 0x0000000622400000, 0x0000000622400000| Untracked 
| 138|0x0000000622800000, 0x0000000622800000, 0x0000000622c00000|  0%| F|  |TAMS 0x0000000622800000, 0x0000000622800000| Untracked 
| 139|0x0000000622c00000, 0x0000000622c00000, 0x0000000623000000|  0%| F|  |TAMS 0x0000000622c00000, 0x0000000622c00000| Untracked 
| 140|0x0000000623000000, 0x0000000623000000, 0x0000000623400000|  0%| F|  |TAMS 0x0000000623000000, 0x0000000623000000| Untracked 
| 141|0x0000000623400000, 0x0000000623400000, 0x0000000623800000|  0%| F|  |TAMS 0x0000000623400000, 0x0000000623400000| Untracked 
| 142|0x0000000623800000, 0x0000000623800000, 0x0000000623c00000|  0%| F|  |TAMS 0x0000000623800000, 0x0000000623800000| Untracked 
| 143|0x0000000623c00000, 0x0000000623c00000, 0x0000000624000000|  0%| F|  |TAMS 0x0000000623c00000, 0x0000000623c00000| Untracked 
| 144|0x0000000624000000, 0x0000000624000000, 0x0000000624400000|  0%| F|  |TAMS 0x0000000624000000, 0x0000000624000000| Untracked 
| 145|0x0000000624400000, 0x0000000624400000, 0x0000000624800000|  0%| F|  |TAMS 0x0000000624400000, 0x0000000624400000| Untracked 
| 146|0x0000000624800000, 0x0000000624800000, 0x0000000624c00000|  0%| F|  |TAMS 0x0000000624800000, 0x0000000624800000| Untracked 
| 147|0x0000000624c00000, 0x0000000624c00000, 0x0000000625000000|  0%| F|  |TAMS 0x0000000624c00000, 0x0000000624c00000| Untracked 
| 148|0x0000000625000000, 0x0000000625000000, 0x0000000625400000|  0%| F|  |TAMS 0x0000000625000000, 0x0000000625000000| Untracked 
| 149|0x0000000625400000, 0x00000006256b29f0, 0x0000000625800000| 67%| S|CS|TAMS 0x0000000625400000, 0x0000000625400000| Complete 
| 150|0x0000000625800000, 0x0000000625c00000, 0x0000000625c00000|100%| S|CS|TAMS 0x0000000625800000, 0x0000000625800000| Complete 
| 151|0x0000000625c00000, 0x0000000626000000, 0x0000000626000000|100%| S|CS|TAMS 0x0000000625c00000, 0x0000000625c00000| Complete 
| 152|0x0000000626000000, 0x0000000626400000, 0x0000000626400000|100%| S|CS|TAMS 0x0000000626000000, 0x0000000626000000| Complete 
| 153|0x0000000626400000, 0x0000000626400000, 0x0000000626800000|  0%| F|  |TAMS 0x0000000626400000, 0x0000000626400000| Untracked 
| 154|0x0000000626800000, 0x0000000626800000, 0x0000000626c00000|  0%| F|  |TAMS 0x0000000626800000, 0x0000000626800000| Untracked 
| 155|0x0000000626c00000, 0x0000000626c00000, 0x0000000627000000|  0%| F|  |TAMS 0x0000000626c00000, 0x0000000626c00000| Untracked 
| 156|0x0000000627000000, 0x0000000627000000, 0x0000000627400000|  0%| F|  |TAMS 0x0000000627000000, 0x0000000627000000| Untracked 
| 157|0x0000000627400000, 0x0000000627400000, 0x0000000627800000|  0%| F|  |TAMS 0x0000000627400000, 0x0000000627400000| Untracked 
| 158|0x0000000627800000, 0x0000000627800000, 0x0000000627c00000|  0%| F|  |TAMS 0x0000000627800000, 0x0000000627800000| Untracked 
| 159|0x0000000627c00000, 0x0000000627c00000, 0x0000000628000000|  0%| F|  |TAMS 0x0000000627c00000, 0x0000000627c00000| Untracked 
| 160|0x0000000628000000, 0x0000000628000000, 0x0000000628400000|  0%| F|  |TAMS 0x0000000628000000, 0x0000000628000000| Untracked 
| 161|0x0000000628400000, 0x0000000628400000, 0x0000000628800000|  0%| F|  |TAMS 0x0000000628400000, 0x0000000628400000| Untracked 
| 162|0x0000000628800000, 0x0000000628800000, 0x0000000628c00000|  0%| F|  |TAMS 0x0000000628800000, 0x0000000628800000| Untracked 
| 163|0x0000000628c00000, 0x0000000628c00000, 0x0000000629000000|  0%| F|  |TAMS 0x0000000628c00000, 0x0000000628c00000| Untracked 
| 164|0x0000000629000000, 0x0000000629000000, 0x0000000629400000|  0%| F|  |TAMS 0x0000000629000000, 0x0000000629000000| Untracked 
| 165|0x0000000629400000, 0x0000000629400000, 0x0000000629800000|  0%| F|  |TAMS 0x0000000629400000, 0x0000000629400000| Untracked 
| 166|0x0000000629800000, 0x0000000629800000, 0x0000000629c00000|  0%| F|  |TAMS 0x0000000629800000, 0x0000000629800000| Untracked 
| 167|0x0000000629c00000, 0x0000000629c00000, 0x000000062a000000|  0%| F|  |TAMS 0x0000000629c00000, 0x0000000629c00000| Untracked 
| 168|0x000000062a000000, 0x000000062a000000, 0x000000062a400000|  0%| F|  |TAMS 0x000000062a000000, 0x000000062a000000| Untracked 
| 169|0x000000062a400000, 0x000000062a400000, 0x000000062a800000|  0%| F|  |TAMS 0x000000062a400000, 0x000000062a400000| Untracked 
| 170|0x000000062a800000, 0x000000062a800000, 0x000000062ac00000|  0%| F|  |TAMS 0x000000062a800000, 0x000000062a800000| Untracked 
| 171|0x000000062ac00000, 0x000000062ac00000, 0x000000062b000000|  0%| F|  |TAMS 0x000000062ac00000, 0x000000062ac00000| Untracked 
| 172|0x000000062b000000, 0x000000062b000000, 0x000000062b400000|  0%| F|  |TAMS 0x000000062b000000, 0x000000062b000000| Untracked 
| 173|0x000000062b400000, 0x000000062b400000, 0x000000062b800000|  0%| F|  |TAMS 0x000000062b400000, 0x000000062b400000| Untracked 
| 174|0x000000062b800000, 0x000000062b800000, 0x000000062bc00000|  0%| F|  |TAMS 0x000000062b800000, 0x000000062b800000| Untracked 
| 175|0x000000062bc00000, 0x000000062bcf9280, 0x000000062c000000| 24%| E|  |TAMS 0x000000062bc00000, 0x000000062bc00000| Complete 
| 176|0x000000062c000000, 0x000000062c400000, 0x000000062c400000|100%| E|CS|TAMS 0x000000062c000000, 0x000000062c000000| Complete 
| 177|0x000000062c400000, 0x000000062c800000, 0x000000062c800000|100%| E|CS|TAMS 0x000000062c400000, 0x000000062c400000| Complete 
| 178|0x000000062c800000, 0x000000062cc00000, 0x000000062cc00000|100%| E|CS|TAMS 0x000000062c800000, 0x000000062c800000| Complete 
| 179|0x000000062cc00000, 0x000000062d000000, 0x000000062d000000|100%| E|CS|TAMS 0x000000062cc00000, 0x000000062cc00000| Complete 

Card table byte_map: [0x000002eba1220000,0x000002eba2220000] _byte_map_base: 0x000002eb9e220000

Marking Bits (Prev, Next): (CMBitMap*) 0x000002ebb3221160, (CMBitMap*) 0x000002ebb3221120
 Prev Bits: [0x000002ebab220000, 0x000002ebb3220000)
 Next Bits: [0x000002eba3220000, 0x000002ebab220000)

Polling page: 0x000002ebf5ed0000

Metaspace:

Usage:
  Non-class:    108.24 MB used.
      Class:     17.35 MB used.
       Both:    125.59 MB used.

Virtual space:
  Non-class space:      128.00 MB reserved,     109.31 MB ( 85%) committed,  2 nodes.
      Class space:        1.00 GB reserved,      18.31 MB (  2%) committed,  1 nodes.
             Both:        1.12 GB reserved,     127.62 MB ( 11%) committed. 

Chunk freelists:
   Non-Class:  2.12 MB
       Class:  13.72 MB
        Both:  15.84 MB

MaxMetaspaceSize: 4.00 GB
CompressedClassSpaceSize: 1.00 GB
Initial GC threshold: 21.00 MB
Current GC threshold: 178.56 MB
CDS: on
MetaspaceReclaimPolicy: balanced
 - commit_granule_bytes: 65536.
 - commit_granule_words: 8192.
 - virtual_space_node_default_size: 8388608.
 - enlarge_chunks_in_place: 1.
 - new_chunks_are_fully_committed: 0.
 - uncommit_free_chunks: 1.
 - use_allocation_guard: 0.
 - handle_deallocations: 1.


Internal statistics:

num_allocs_failed_limit: 9.
num_arena_births: 3132.
num_arena_deaths: 2.
num_vsnodes_births: 3.
num_vsnodes_deaths: 0.
num_space_committed: 2042.
num_space_uncommitted: 0.
num_chunks_returned_to_freelist: 12.
num_chunks_taken_from_freelist: 9533.
num_chunk_merges: 9.
num_chunk_splits: 5749.
num_chunks_enlarged: 3134.
num_inconsistent_stats: 0.

CodeHeap 'non-profiled nmethods': size=259264Kb used=17005Kb max_used=17005Kb free=242258Kb
 bounds [0x000002eb902d0000, 0x000002eb91370000, 0x000002eba0000000]
CodeHeap 'profiled nmethods': size=259264Kb used=37518Kb max_used=37518Kb free=221745Kb
 bounds [0x000002eb80000000, 0x000002eb824b0000, 0x000002eb8fd30000]
CodeHeap 'non-nmethods': size=5760Kb used=2487Kb max_used=2545Kb free=3272Kb
 bounds [0x000002eb8fd30000, 0x000002eb8ffc0000, 0x000002eb902d0000]
 total_blobs=20596 nmethods=19561 adapters=945
 compilation: enabled
              stopped_count=0, restarted_count=0
 full_count=0

Compilation events (20 events):
Event: 193.224 Thread 0x000002ec451466c0 24107       3       java.util.IdentityHashMap::keySet (25 bytes)
Event: 193.224 Thread 0x000002ec451466c0 nmethod 24107 0x000002eb8249a790 code [0x000002eb8249a960, 0x000002eb8249ad58]
Event: 193.224 Thread 0x000002ec4512d8e0 nmethod 24098 0x000002eb91369890 code [0x000002eb91369a20, 0x000002eb91369dd8]
Event: 193.225 Thread 0x000002ec4512d8e0 24097       4       org.gradle.internal.snapshot.SingletonChildMap::store (24 bytes)
Event: 193.229 Thread 0x000002ec4512d8e0 nmethod 24097 0x000002eb91369f90 code [0x000002eb9136a1a0, 0x000002eb9136aac0]
Event: 193.229 Thread 0x000002ec4512d8e0 24108       4       java.lang.Character::isWhitespace (5 bytes)
Event: 193.230 Thread 0x000002ec4512d8e0 nmethod 24108 0x000002eb9136b290 code [0x000002eb9136b420, 0x000002eb9136b518]
Event: 193.245 Thread 0x000002ec451466c0 24109       3       java.util.concurrent.ScheduledThreadPoolExecutor$DelayedWorkQueue::add (9 bytes)
Event: 193.245 Thread 0x000002ec451466c0 nmethod 24109 0x000002eb8249ae90 code [0x000002eb8249b040, 0x000002eb8249b308]
Event: 193.245 Thread 0x000002ec451466c0 24110       3       java.util.concurrent.ScheduledThreadPoolExecutor$DelayedWorkQueue::add (6 bytes)
Event: 193.245 Thread 0x000002ec451466c0 nmethod 24110 0x000002eb8249b410 code [0x000002eb8249b5c0, 0x000002eb8249b708]
Event: 193.938 Thread 0x000002ec451466c0 24112   !   3       java.util.concurrent.ScheduledThreadPoolExecutor$DelayedWorkQueue::take (203 bytes)
Event: 193.940 Thread 0x000002ec451466c0 nmethod 24112 0x000002eb8249b790 code [0x000002eb8249bb40, 0x000002eb8249d408]
Event: 193.940 Thread 0x000002ec451466c0 24111       3       java.util.concurrent.ScheduledThreadPoolExecutor$DelayedWorkQueue::take (5 bytes)
Event: 193.940 Thread 0x000002ec451466c0 nmethod 24111 0x000002eb8249de90 code [0x000002eb8249e040, 0x000002eb8249e188]
Event: 197.244 Thread 0x000002ec451466c0 24113       3       java.util.concurrent.ScheduledThreadPoolExecutor$ScheduledFutureTask::run (57 bytes)
Event: 197.245 Thread 0x000002ec451466c0 nmethod 24113 0x000002eb8249e210 code [0x000002eb8249e420, 0x000002eb8249e898]
Event: 197.245 Thread 0x000002ec451466c0 24114   !   3       java.util.concurrent.FutureTask::runAndReset (125 bytes)
Event: 197.248 Thread 0x000002ec451466c0 nmethod 24114 0x000002eb8249ea10 code [0x000002eb8249ee60, 0x000002eb824a0fe8]
Event: 197.952 Thread 0x000002ec4512d8e0 24115       4       org.gradle.internal.operations.CurrentBuildOperationRef::get (11 bytes)

GC Heap History (20 events):
Event: 96.135 GC heap before
{Heap before GC invocations=76 (full 0):
 garbage-first heap   total 512000K, used 424323K [0x0000000600000000, 0x0000000800000000)
  region size 4096K, 16 young (65536K), 3 survivors (12288K)
 Metaspace       used 125710K, committed 127680K, reserved 1179648K
  class space    used 17470K, committed 18368K, reserved 1048576K
}
Event: 96.141 GC heap after
{Heap after GC invocations=77 (full 0):
 garbage-first heap   total 614400K, used 377523K [0x0000000600000000, 0x0000000800000000)
  region size 4096K, 2 young (8192K), 2 survivors (8192K)
 Metaspace       used 125710K, committed 127680K, reserved 1179648K
  class space    used 17470K, committed 18368K, reserved 1048576K
}
Event: 102.850 GC heap before
{Heap before GC invocations=77 (full 0):
 garbage-first heap   total 614400K, used 496307K [0x0000000600000000, 0x0000000800000000)
  region size 4096K, 32 young (131072K), 2 survivors (8192K)
 Metaspace       used 126123K, committed 128064K, reserved 1179648K
  class space    used 17533K, committed 18432K, reserved 1048576K
}
Event: 102.856 GC heap after
{Heap after GC invocations=78 (full 0):
 garbage-first heap   total 614400K, used 384512K [0x0000000600000000, 0x0000000800000000)
  region size 4096K, 3 young (12288K), 3 survivors (12288K)
 Metaspace       used 126123K, committed 128064K, reserved 1179648K
  class space    used 17533K, committed 18432K, reserved 1048576K
}
Event: 184.810 GC heap before
{Heap before GC invocations=78 (full 0):
 garbage-first heap   total 614400K, used 507392K [0x0000000600000000, 0x0000000800000000)
  region size 4096K, 33 young (135168K), 3 survivors (12288K)
 Metaspace       used 127236K, committed 129216K, reserved 1179648K
  class space    used 17694K, committed 18624K, reserved 1048576K
}
Event: 184.878 GC heap after
{Heap after GC invocations=79 (full 0):
 garbage-first heap   total 614400K, used 387260K [0x0000000600000000, 0x0000000800000000)
  region size 4096K, 4 young (16384K), 4 survivors (16384K)
 Metaspace       used 127236K, committed 129216K, reserved 1179648K
  class space    used 17694K, committed 18624K, reserved 1048576K
}
Event: 186.997 GC heap before
{Heap before GC invocations=79 (full 0):
 garbage-first heap   total 614400K, used 510140K [0x0000000600000000, 0x0000000800000000)
  region size 4096K, 34 young (139264K), 4 survivors (16384K)
 Metaspace       used 127445K, committed 129472K, reserved 1179648K
  class space    used 17706K, committed 18624K, reserved 1048576K
}
Event: 187.021 GC heap after
{Heap after GC invocations=80 (full 0):
 garbage-first heap   total 614400K, used 401648K [0x0000000600000000, 0x0000000800000000)
  region size 4096K, 5 young (20480K), 5 survivors (20480K)
 Metaspace       used 127445K, committed 129472K, reserved 1179648K
  class space    used 17706K, committed 18624K, reserved 1048576K
}
Event: 187.937 GC heap before
{Heap before GC invocations=80 (full 0):
 garbage-first heap   total 614400K, used 512240K [0x0000000600000000, 0x0000000800000000)
  region size 4096K, 32 young (131072K), 5 survivors (20480K)
 Metaspace       used 127776K, committed 129920K, reserved 1179648K
  class space    used 17756K, committed 18752K, reserved 1048576K
}
Event: 187.975 GC heap after
{Heap after GC invocations=81 (full 0):
 garbage-first heap   total 614400K, used 421236K [0x0000000600000000, 0x0000000800000000)
  region size 4096K, 4 young (16384K), 4 survivors (16384K)
 Metaspace       used 127776K, committed 129920K, reserved 1179648K
  class space    used 17756K, committed 18752K, reserved 1048576K
}
Event: 189.094 GC heap before
{Heap before GC invocations=81 (full 0):
 garbage-first heap   total 614400K, used 515444K [0x0000000600000000, 0x0000000800000000)
  region size 4096K, 27 young (110592K), 4 survivors (16384K)
 Metaspace       used 127876K, committed 129984K, reserved 1179648K
  class space    used 17759K, committed 18752K, reserved 1048576K
}
Event: 189.129 GC heap after
{Heap after GC invocations=82 (full 0):
 garbage-first heap   total 614400K, used 437289K [0x0000000600000000, 0x0000000800000000)
  region size 4096K, 4 young (16384K), 4 survivors (16384K)
 Metaspace       used 127876K, committed 129984K, reserved 1179648K
  class space    used 17759K, committed 18752K, reserved 1048576K
}
Event: 189.816 GC heap before
{Heap before GC invocations=82 (full 0):
 garbage-first heap   total 614400K, used 519209K [0x0000000600000000, 0x0000000800000000)
  region size 4096K, 24 young (98304K), 4 survivors (16384K)
 Metaspace       used 127944K, committed 130048K, reserved 1179648K
  class space    used 17760K, committed 18752K, reserved 1048576K
}
Event: 189.842 GC heap after
{Heap after GC invocations=83 (full 0):
 garbage-first heap   total 737280K, used 449590K [0x0000000600000000, 0x0000000800000000)
  region size 4096K, 3 young (12288K), 3 survivors (12288K)
 Metaspace       used 127944K, committed 130048K, reserved 1179648K
  class space    used 17760K, committed 18752K, reserved 1048576K
}
Event: 190.707 GC heap before
{Heap before GC invocations=83 (full 0):
 garbage-first heap   total 737280K, used 597046K [0x0000000600000000, 0x0000000800000000)
  region size 4096K, 39 young (159744K), 3 survivors (12288K)
 Metaspace       used 128020K, committed 130176K, reserved 1179648K
  class space    used 17760K, committed 18752K, reserved 1048576K
}
Event: 190.732 GC heap after
{Heap after GC invocations=84 (full 0):
 garbage-first heap   total 737280K, used 471151K [0x0000000600000000, 0x0000000800000000)
  region size 4096K, 5 young (20480K), 5 survivors (20480K)
 Metaspace       used 128020K, committed 130176K, reserved 1179648K
  class space    used 17760K, committed 18752K, reserved 1048576K
}
Event: 191.656 GC heap before
{Heap before GC invocations=84 (full 0):
 garbage-first heap   total 737280K, used 598127K [0x0000000600000000, 0x0000000800000000)
  region size 4096K, 37 young (151552K), 5 survivors (20480K)
 Metaspace       used 128374K, committed 130496K, reserved 1179648K
  class space    used 17765K, committed 18752K, reserved 1048576K
}
Event: 191.686 GC heap after
{Heap after GC invocations=85 (full 0):
 garbage-first heap   total 737280K, used 498439K [0x0000000600000000, 0x0000000800000000)
  region size 4096K, 5 young (20480K), 5 survivors (20480K)
 Metaspace       used 128374K, committed 130496K, reserved 1179648K
  class space    used 17765K, committed 18752K, reserved 1048576K
}
Event: 193.161 GC heap before
{Heap before GC invocations=85 (full 0):
 garbage-first heap   total 737280K, used 604935K [0x0000000600000000, 0x0000000800000000)
  region size 4096K, 32 young (131072K), 5 survivors (20480K)
 Metaspace       used 128588K, committed 130688K, reserved 1179648K
  class space    used 17769K, committed 18752K, reserved 1048576K
}
Event: 193.179 GC heap after
{Heap after GC invocations=86 (full 0):
 garbage-first heap   total 737280K, used 515492K [0x0000000600000000, 0x0000000800000000)
  region size 4096K, 4 young (16384K), 4 survivors (16384K)
 Metaspace       used 128588K, committed 130688K, reserved 1179648K
  class space    used 17769K, committed 18752K, reserved 1048576K
}

Dll operation events (16 events):
Event: 0.024 Loaded shared library C:\Program Files\Eclipse Adoptium\jdk-17.0.17.10-hotspot\bin\java.dll
Event: 0.061 Loaded shared library C:\Program Files\Eclipse Adoptium\jdk-17.0.17.10-hotspot\bin\jsvml.dll
Event: 0.130 Loaded shared library C:\Program Files\Eclipse Adoptium\jdk-17.0.17.10-hotspot\bin\zip.dll
Event: 0.135 Loaded shared library C:\Program Files\Eclipse Adoptium\jdk-17.0.17.10-hotspot\bin\instrument.dll
Event: 0.144 Loaded shared library C:\Program Files\Eclipse Adoptium\jdk-17.0.17.10-hotspot\bin\net.dll
Event: 0.147 Loaded shared library C:\Program Files\Eclipse Adoptium\jdk-17.0.17.10-hotspot\bin\nio.dll
Event: 0.150 Loaded shared library C:\Program Files\Eclipse Adoptium\jdk-17.0.17.10-hotspot\bin\zip.dll
Event: 0.447 Loaded shared library C:\Program Files\Eclipse Adoptium\jdk-17.0.17.10-hotspot\bin\jimage.dll
Event: 0.654 Loaded shared library C:\Program Files\Eclipse Adoptium\jdk-17.0.17.10-hotspot\bin\verify.dll
Event: 0.789 Loaded shared library C:\Users\USER\.gradle\native\1def1411415f61bf3af743bc5b6707747c0891f09f0c88961ee8f79bc544acac\windows-amd64\native-platform.dll
Event: 0.810 Loaded shared library C:\Users\USER\.gradle\native\0.2.7\x86_64-windows-gnu\gradle-fileevents.dll
Event: 2.188 Loaded shared library C:\Program Files\Eclipse Adoptium\jdk-17.0.17.10-hotspot\bin\management.dll
Event: 2.192 Loaded shared library C:\Program Files\Eclipse Adoptium\jdk-17.0.17.10-hotspot\bin\management_ext.dll
Event: 2.449 Loaded shared library C:\Program Files\Eclipse Adoptium\jdk-17.0.17.10-hotspot\bin\extnet.dll
Event: 2.663 Loaded shared library C:\Program Files\Eclipse Adoptium\jdk-17.0.17.10-hotspot\bin\sunmscapi.dll
Event: 14.771 Loaded shared library C:\Program Files\Eclipse Adoptium\jdk-17.0.17.10-hotspot\bin\rmi.dll

Deoptimization events (20 events):
Event: 193.188 Thread 0x000002ec47625ea0 Uncommon trap: trap_request=0xffffff45 fr.pc=0x000002eb90df26ec relative=0x000000000000514c
Event: 193.188 Thread 0x000002ec47625ea0 Uncommon trap: reason=unstable_if action=reinterpret pc=0x000002eb90df26ec method=org.gradle.internal.nativeintegration.filesystem.services.NativePlatformBackedFileMetadataAccessor.stat(Ljava/io/File;)Lorg/gradle/internal/file/FileMetadata; @ 149 c2
Event: 193.188 Thread 0x000002ec47625ea0 DEOPT PACKING pc=0x000002eb90df26ec sp=0x000000ecd0dfcd30
Event: 193.188 Thread 0x000002ec47625ea0 DEOPT UNPACKING pc=0x000002eb8fd869a3 sp=0x000000ecd0dfcb88 mode 2
Event: 193.221 Thread 0x000002ec47625ea0 Uncommon trap: trap_request=0xffffffde fr.pc=0x000002eb90b91548 relative=0x0000000000001a48
Event: 193.221 Thread 0x000002ec47625ea0 Uncommon trap: reason=class_check action=maybe_recompile pc=0x000002eb90b91548 method=org.gradle.internal.snapshot.AbstractIncompleteFileSystemNode$1.handleAsDescendantOfChild(Lorg/gradle/internal/snapshot/VfsRelativePath;Ljava/lang/Object;)Ljava/util/Opt
Event: 193.221 Thread 0x000002ec47625ea0 DEOPT PACKING pc=0x000002eb90b91548 sp=0x000000ecd0dfbfe0
Event: 193.221 Thread 0x000002ec47625ea0 DEOPT UNPACKING pc=0x000002eb8fd869a3 sp=0x000000ecd0dfbd60 mode 2
Event: 193.221 Thread 0x000002ec47625ea0 Uncommon trap: trap_request=0xffffffde fr.pc=0x000002eb90b91310 relative=0x0000000000001810
Event: 193.221 Thread 0x000002ec47625ea0 Uncommon trap: reason=class_check action=maybe_recompile pc=0x000002eb90b91310 method=org.gradle.internal.snapshot.AbstractInvalidateChildHandler.handleExactMatchWithChild(Ljava/lang/Object;)Lorg/gradle/internal/snapshot/ChildMap; @ 5 c2
Event: 193.221 Thread 0x000002ec47625ea0 DEOPT PACKING pc=0x000002eb90b91310 sp=0x000000ecd0dfbbf0
Event: 193.221 Thread 0x000002ec47625ea0 DEOPT UNPACKING pc=0x000002eb8fd869a3 sp=0x000000ecd0dfba20 mode 2
Event: 193.222 Thread 0x000002ec47625ea0 Uncommon trap: trap_request=0xffffffde fr.pc=0x000002eb90b9152c relative=0x0000000000001a2c
Event: 193.222 Thread 0x000002ec47625ea0 Uncommon trap: reason=class_check action=maybe_recompile pc=0x000002eb90b9152c method=org.gradle.internal.snapshot.AbstractIncompleteFileSystemNode$1.handleExactMatchWithChild(Ljava/lang/Object;)V @ 2 c2
Event: 193.222 Thread 0x000002ec47625ea0 DEOPT PACKING pc=0x000002eb90b9152c sp=0x000000ecd0dfbfe0
Event: 193.222 Thread 0x000002ec47625ea0 DEOPT UNPACKING pc=0x000002eb8fd869a3 sp=0x000000ecd0dfbd88 mode 2
Event: 193.223 Thread 0x000002ec47625ea0 Uncommon trap: trap_request=0xffffffde fr.pc=0x000002eb907d8d28 relative=0x00000000000001c8
Event: 193.223 Thread 0x000002ec47625ea0 Uncommon trap: reason=class_check action=maybe_recompile pc=0x000002eb907d8d28 method=org.gradle.internal.deprecation.DeprecationLogger.nagUserWith(Lorg/gradle/internal/deprecation/DeprecationMessageBuilder;Ljava/lang/Class;)V @ 7 c2
Event: 193.223 Thread 0x000002ec47625ea0 DEOPT PACKING pc=0x000002eb907d8d28 sp=0x000000ecd0dfa780
Event: 193.223 Thread 0x000002ec47625ea0 DEOPT UNPACKING pc=0x000002eb8fd869a3 sp=0x000000ecd0dfa700 mode 2

Classes loaded (20 events):
Event: 103.152 Loading class sun/nio/fs/WindowsFileCopy
Event: 103.152 Loading class sun/nio/fs/WindowsFileCopy done
Event: 103.519 Loading class java/util/Collections$EmptyListIterator
Event: 103.521 Loading class java/util/Collections$EmptyListIterator done
Event: 103.539 Loading class java/time/Instant$1
Event: 103.540 Loading class java/time/Instant$1 done
Event: 103.601 Loading class java/util/Locale$1
Event: 103.601 Loading class java/util/Locale$1 done
Event: 103.616 Loading class java/net/UrlDeserializedState
Event: 103.617 Loading class java/net/UrlDeserializedState done
Event: 103.625 Loading class java/util/concurrent/CompletableFuture$AsyncRun
Event: 103.626 Loading class java/util/concurrent/CompletableFuture$AsyncRun done
Event: 182.977 Loading class jdk/internal/math/FormattedFloatingDecimal$Form
Event: 182.992 Loading class jdk/internal/math/FormattedFloatingDecimal$Form done
Event: 182.993 Loading class jdk/internal/math/FormattedFloatingDecimal
Event: 183.013 Loading class jdk/internal/math/FormattedFloatingDecimal done
Event: 183.014 Loading class jdk/internal/math/FormattedFloatingDecimal$1
Event: 183.016 Loading class jdk/internal/math/FormattedFloatingDecimal$1 done
Event: 183.031 Loading class jdk/internal/math/FormattedFloatingDecimal$2
Event: 183.032 Loading class jdk/internal/math/FormattedFloatingDecimal$2 done

Classes unloaded (1 events):
Event: 11.450 Thread 0x000002ebb3410060 Unloading class 0x000002ec0167c000 'java/lang/invoke/LambdaForm$DMH+0x000002ec0167c000'

Classes redefined (0 events):
No events

Internal exceptions (20 events):
Event: 183.375 Thread 0x000002ec49d565b0 Exception <a 'sun/nio/fs/WindowsException'{0x00000006212e3f40}> (0x00000006212e3f40) 
thrown [s\src\hotspot\share\prims\jni.cpp, line 516]
Event: 183.376 Thread 0x000002ec49d565b0 Exception <a 'sun/nio/fs/WindowsException'{0x00000006212e5300}> (0x00000006212e5300) 
thrown [s\src\hotspot\share\prims\jni.cpp, line 516]
Event: 183.376 Thread 0x000002ec49d565b0 Exception <a 'sun/nio/fs/WindowsException'{0x00000006212e6938}> (0x00000006212e6938) 
thrown [s\src\hotspot\share\prims\jni.cpp, line 516]
Event: 183.514 Thread 0x000002ec49d565b0 Exception <a 'sun/nio/fs/WindowsException'{0x0000000620c13758}> (0x0000000620c13758) 
thrown [s\src\hotspot\share\prims\jni.cpp, line 516]
Event: 183.514 Thread 0x000002ec49d565b0 Exception <a 'sun/nio/fs/WindowsException'{0x0000000620c15570}> (0x0000000620c15570) 
thrown [s\src\hotspot\share\prims\jni.cpp, line 516]
Event: 183.515 Thread 0x000002ec49d565b0 Exception <a 'sun/nio/fs/WindowsException'{0x0000000620c17128}> (0x0000000620c17128) 
thrown [s\src\hotspot\share\prims\jni.cpp, line 516]
Event: 183.515 Thread 0x000002ec49d565b0 Exception <a 'sun/nio/fs/WindowsException'{0x0000000620c18cd0}> (0x0000000620c18cd0) 
thrown [s\src\hotspot\share\prims\jni.cpp, line 516]
Event: 184.909 Thread 0x000002ec47624550 Exception <a 'sun/nio/fs/WindowsException'{0x0000000625490910}> (0x0000000625490910) 
thrown [s\src\hotspot\share\prims\jni.cpp, line 516]
Event: 184.909 Thread 0x000002ec47624550 Exception <a 'sun/nio/fs/WindowsException'{0x00000006254928f8}> (0x00000006254928f8) 
thrown [s\src\hotspot\share\prims\jni.cpp, line 516]
Event: 184.910 Thread 0x000002ec47624550 Exception <a 'sun/nio/fs/WindowsException'{0x0000000625494820}> (0x0000000625494820) 
thrown [s\src\hotspot\share\prims\jni.cpp, line 516]
Event: 184.910 Thread 0x000002ec47624550 Exception <a 'sun/nio/fs/WindowsException'{0x0000000625496410}> (0x0000000625496410) 
thrown [s\src\hotspot\share\prims\jni.cpp, line 516]
Event: 184.913 Thread 0x000002ec47624550 Exception <a 'sun/nio/fs/WindowsException'{0x000000062552ce98}> (0x000000062552ce98) 
thrown [s\src\hotspot\share\prims\jni.cpp, line 516]
Event: 184.914 Thread 0x000002ec47624550 Exception <a 'sun/nio/fs/WindowsException'{0x000000062552f0c8}> (0x000000062552f0c8) 
thrown [s\src\hotspot\share\prims\jni.cpp, line 516]
Event: 184.914 Thread 0x000002ec47624550 Exception <a 'sun/nio/fs/WindowsException'{0x0000000625530ce0}> (0x0000000625530ce0) 
thrown [s\src\hotspot\share\prims\jni.cpp, line 516]
Event: 186.385 Thread 0x000002ec49d565b0 Implicit null exception at 0x000002eb90eca5eb to 0x000002eb90ecac68
Event: 190.910 Thread 0x000002ec49d565b0 Exception <a 'sun/nio/fs/WindowsException'{0x000000062aad7fd8}> (0x000000062aad7fd8) 
thrown [s\src\hotspot\share\prims\jni.cpp, line 516]
Event: 190.910 Thread 0x000002ec49d565b0 Exception <a 'sun/nio/fs/WindowsException'{0x000000062aad94f0}> (0x000000062aad94f0) 
thrown [s\src\hotspot\share\prims\jni.cpp, line 516]
Event: 190.910 Thread 0x000002ec49d565b0 Exception <a 'sun/nio/fs/WindowsException'{0x000000062aadaa58}> (0x000000062aadaa58) 
thrown [s\src\hotspot\share\prims\jni.cpp, line 516]
Event: 190.910 Thread 0x000002ec49d565b0 Exception <a 'sun/nio/fs/WindowsException'{0x000000062aadbfc0}> (0x000000062aadbfc0) 
thrown [s\src\hotspot\share\prims\jni.cpp, line 516]
Event: 191.969 Thread 0x000002ec47624f70 Exception <a 'sun/nio/fs/WindowsException'{0x000000062aefcd78}> (0x000000062aefcd78) 
thrown [s\src\hotspot\share\prims\jni.cpp, line 516]

VM Operations (20 events):
Event: 190.191 Executing VM operation: HandshakeAllThreads
Event: 190.192 Executing VM operation: HandshakeAllThreads done
Event: 190.349 Executing VM operation: HandshakeAllThreads
Event: 190.350 Executing VM operation: HandshakeAllThreads done
Event: 190.468 Executing VM operation: HandshakeAllThreads
Event: 190.469 Executing VM operation: HandshakeAllThreads done
Event: 190.707 Executing VM operation: G1CollectForAllocation
Event: 190.732 Executing VM operation: G1CollectForAllocation done
Event: 191.466 Executing VM operation: ICBufferFull
Event: 191.466 Executing VM operation: ICBufferFull done
Event: 191.656 Executing VM operation: G1CollectForAllocation
Event: 191.686 Executing VM operation: G1CollectForAllocation done
Event: 192.032 Executing VM operation: ICBufferFull
Event: 192.032 Executing VM operation: ICBufferFull done
Event: 193.033 Executing VM operation: Cleanup
Event: 193.033 Executing VM operation: Cleanup done
Event: 193.161 Executing VM operation: G1CollectForAllocation
Event: 193.179 Executing VM operation: G1CollectForAllocation done
Event: 195.179 Executing VM operation: Cleanup
Event: 195.179 Executing VM operation: Cleanup done

Memory protections (0 events):
No events

Nmethod flushes (20 events):
Event: 190.490 Thread 0x000002ec45146fd0 flushing  nmethod 0x000002eb81c44390
Event: 190.490 Thread 0x000002ec45146fd0 flushing  nmethod 0x000002eb81c44710
Event: 190.491 Thread 0x000002ec45146fd0 flushing  nmethod 0x000002eb81d69d10
Event: 190.491 Thread 0x000002ec45146fd0 flushing  nmethod 0x000002eb81e73690
Event: 190.491 Thread 0x000002ec45146fd0 flushing  nmethod 0x000002eb81e76810
Event: 190.491 Thread 0x000002ec45146fd0 flushing  nmethod 0x000002eb81f3f310
Event: 190.491 Thread 0x000002ec45146fd0 flushing  nmethod 0x000002eb81f62a10
Event: 190.492 Thread 0x000002ec45146fd0 flushing  nmethod 0x000002eb81fe9810
Event: 190.492 Thread 0x000002ec45146fd0 flushing  nmethod 0x000002eb8201f490
Event: 190.492 Thread 0x000002ec45146fd0 flushing  nmethod 0x000002eb820eeb90
Event: 190.493 Thread 0x000002ec45146fd0 flushing  nmethod 0x000002eb82148610
Event: 190.493 Thread 0x000002ec45146fd0 flushing  nmethod 0x000002eb82155610
Event: 190.493 Thread 0x000002ec45146fd0 flushing  nmethod 0x000002eb82158e10
Event: 190.493 Thread 0x000002ec45146fd0 flushing  nmethod 0x000002eb82173590
Event: 190.493 Thread 0x000002ec45146fd0 flushing  nmethod 0x000002eb82180910
Event: 190.493 Thread 0x000002ec45146fd0 flushing  nmethod 0x000002eb82181810
Event: 190.493 Thread 0x000002ec45146fd0 flushing  nmethod 0x000002eb82186190
Event: 190.493 Thread 0x000002ec45146fd0 flushing  nmethod 0x000002eb821b1490
Event: 190.493 Thread 0x000002ec45146fd0 flushing  nmethod 0x000002eb821cc290
Event: 190.493 Thread 0x000002ec45146fd0 flushing  nmethod 0x000002eb821f3410

Events (20 events):
Event: 187.034 Thread 0x000002ec49d565b0 Thread added: 0x000002ec539aefd0
Event: 187.035 Thread 0x000002ec49d565b0 Thread added: 0x000002ec539af4e0
Event: 187.036 Thread 0x000002ec49d565b0 Thread added: 0x000002ec539b0920
Event: 187.036 Thread 0x000002ec49d565b0 Thread added: 0x000002ec539b0e30
Event: 187.036 Thread 0x000002ec49d565b0 Thread added: 0x000002ec539b1340
Event: 187.036 Thread 0x000002ec49d565b0 Thread added: 0x000002ec539adb90
Event: 187.037 Thread 0x000002ec49d565b0 Thread added: 0x000002ec539b1850
Event: 187.037 Thread 0x000002ec49d565b0 Thread added: 0x000002ec539ae5b0
Event: 187.524 Thread 0x000002ec49d565b0 Thread added: 0x000002ec539b45e0
Event: 187.524 Thread 0x000002ec49d565b0 Thread added: 0x000002ec539b2c90
Event: 187.524 Thread 0x000002ec49d565b0 Thread added: 0x000002ec539b4af0
Event: 187.524 Thread 0x000002ec49d565b0 Thread added: 0x000002ec539b36b0
Event: 187.524 Thread 0x000002ec49d565b0 Thread added: 0x000002ec539b2270
Event: 187.525 Thread 0x000002ec49d565b0 Thread added: 0x000002ec539b5000
Event: 187.525 Thread 0x000002ec49d565b0 Thread added: 0x000002ec539b2780
Event: 187.525 Thread 0x000002ec49d565b0 Thread added: 0x000002ec539b31a0
Event: 191.958 Thread 0x000002ec47624f70 Thread added: 0x000002ec53f83380
Event: 193.225 Thread 0x000002ec47625ea0 Thread added: 0x000002ec53f805f0
Event: 193.233 Thread 0x000002ec53f805f0 Thread added: 0x000002ec53f83890
Event: 193.233 Thread 0x000002ec53f805f0 Thread added: 0x000002ec53f800e0


Dynamic libraries:
0x00007ff797c00000 - 0x00007ff797c0e000 	C:\Program Files\Eclipse Adoptium\jdk-17.0.17.10-hotspot\bin\java.exe
0x00007ffc76520000 - 0x00007ffc76787000 	C:\WINDOWS\SYSTEM32\ntdll.dll
0x00007ffc75590000 - 0x00007ffc7565b000 	C:\WINDOWS\System32\KERNEL32.DLL
0x00007ffc73720000 - 0x00007ffc73b22000 	C:\WINDOWS\System32\KERNELBASE.dll
0x00007ffc74020000 - 0x00007ffc7416c000 	C:\WINDOWS\System32\ucrtbase.dll
0x00007ffc5e730000 - 0x00007ffc5e74e000 	C:\Program Files\Eclipse Adoptium\jdk-17.0.17.10-hotspot\bin\VCRUNTIME140.dll
0x00007ffc5ac10000 - 0x00007ffc5ac28000 	C:\Program Files\Eclipse Adoptium\jdk-17.0.17.10-hotspot\bin\jli.dll
0x00007ffc74e80000 - 0x00007ffc7504f000 	C:\WINDOWS\System32\USER32.dll
0x00007ffc4f7d0000 - 0x00007ffc4fa60000 	C:\WINDOWS\WinSxS\amd64_microsoft.windows.common-controls_6595b64144ccf1df_6.0.26100.9278_none_3e0d1ba8e3303201\COMCTL32.dll
0x00007ffc73b30000 - 0x00007ffc73b57000 	C:\WINDOWS\System32\win32u.dll
0x00007ffc754f0000 - 0x00007ffc7551b000 	C:\WINDOWS\System32\GDI32.dll
0x00007ffc76430000 - 0x00007ffc764d9000 	C:\WINDOWS\System32\msvcrt.dll
0x00007ffc73d60000 - 0x00007ffc73e89000 	C:\WINDOWS\System32\gdi32full.dll
0x00007ffc73bf0000 - 0x00007ffc73c93000 	C:\WINDOWS\System32\msvcp_win.dll
0x00007ffc75f20000 - 0x00007ffc75f51000 	C:\WINDOWS\System32\IMM32.DLL
0x00007ffc5db60000 - 0x00007ffc5db6c000 	C:\Program Files\Eclipse Adoptium\jdk-17.0.17.10-hotspot\bin\vcruntime140_1.dll
0x00007ffc09100000 - 0x00007ffc0918d000 	C:\Program Files\Eclipse Adoptium\jdk-17.0.17.10-hotspot\bin\msvcp140.dll
0x00007ffbce9a0000 - 0x00007ffbcf60b000 	C:\Program Files\Eclipse Adoptium\jdk-17.0.17.10-hotspot\bin\server\jvm.dll
0x00007ffc74670000 - 0x00007ffc7472c000 	C:\WINDOWS\System32\ADVAPI32.dll
0x00007ffc75f70000 - 0x00007ffc76019000 	C:\WINDOWS\System32\sechost.dll
0x00007ffc76020000 - 0x00007ffc76138000 	C:\WINDOWS\System32\RPCRT4.dll
0x00007ffc75660000 - 0x00007ffc756e0000 	C:\WINDOWS\System32\WS2_32.dll
0x00007ffc735a0000 - 0x00007ffc735fe000 	C:\WINDOWS\SYSTEM32\POWRPROF.dll
0x00007ffc5dc70000 - 0x00007ffc5dc7b000 	C:\WINDOWS\SYSTEM32\VERSION.dll
0x00007ffc6dc50000 - 0x00007ffc6dc86000 	C:\WINDOWS\SYSTEM32\WINMM.dll
0x00007ffc73580000 - 0x00007ffc73595000 	C:\WINDOWS\SYSTEM32\UMPDC.dll
0x00007ffc723b0000 - 0x00007ffc723cb000 	C:\WINDOWS\SYSTEM32\kernel.appcore.dll
0x00007ffc5db30000 - 0x00007ffc5db3a000 	C:\Program Files\Eclipse Adoptium\jdk-17.0.17.10-hotspot\bin\jimage.dll
0x00007ffc70b60000 - 0x00007ffc70dac000 	C:\WINDOWS\SYSTEM32\DBGHELP.DLL
0x00007ffc75160000 - 0x00007ffc754e5000 	C:\WINDOWS\System32\combase.dll
0x00007ffc74240000 - 0x00007ffc74319000 	C:\WINDOWS\System32\OLEAUT32.dll
0x00007ffc4ad50000 - 0x00007ffc4ad8b000 	C:\WINDOWS\SYSTEM32\dbgcore.DLL
0x00007ffc73ca0000 - 0x00007ffc73d4c000 	C:\WINDOWS\System32\bcryptPrimitives.dll
0x00007ffc5a420000 - 0x00007ffc5a42e000 	C:\Program Files\Eclipse Adoptium\jdk-17.0.17.10-hotspot\bin\instrument.dll
0x00007ffc41ff0000 - 0x00007ffc42015000 	C:\Program Files\Eclipse Adoptium\jdk-17.0.17.10-hotspot\bin\java.dll
0x00007ffbfc310000 - 0x00007ffbfc3e7000 	C:\Program Files\Eclipse Adoptium\jdk-17.0.17.10-hotspot\bin\jsvml.dll
0x00007ffc756f0000 - 0x00007ffc75e88000 	C:\WINDOWS\System32\SHELL32.dll
0x00007ffc71140000 - 0x00007ffc719ee000 	C:\WINDOWS\SYSTEM32\windows.storage.dll
0x00007ffc75060000 - 0x00007ffc7515b000 	C:\WINDOWS\System32\SHCORE.dll
0x00007ffc75520000 - 0x00007ffc75586000 	C:\WINDOWS\System32\shlwapi.dll
0x00007ffc73640000 - 0x00007ffc73669000 	C:\WINDOWS\SYSTEM32\profapi.dll
0x00007ffc42a70000 - 0x00007ffc42a88000 	C:\Program Files\Eclipse Adoptium\jdk-17.0.17.10-hotspot\bin\zip.dll
0x00007ffc56130000 - 0x00007ffc5614a000 	C:\Program Files\Eclipse Adoptium\jdk-17.0.17.10-hotspot\bin\net.dll
0x00007ffc69a90000 - 0x00007ffc69bba000 	C:\WINDOWS\SYSTEM32\WINHTTP.dll
0x00007ffc72950000 - 0x00007ffc729bc000 	C:\WINDOWS\system32\mswsock.dll
0x00007ffc42ff0000 - 0x00007ffc43006000 	C:\Program Files\Eclipse Adoptium\jdk-17.0.17.10-hotspot\bin\nio.dll
0x00007ffc5b4f0000 - 0x00007ffc5b500000 	C:\Program Files\Eclipse Adoptium\jdk-17.0.17.10-hotspot\bin\verify.dll
0x00007ffc3e440000 - 0x00007ffc3e467000 	C:\Users\USER\.gradle\native\1def1411415f61bf3af743bc5b6707747c0891f09f0c88961ee8f79bc544acac\windows-amd64\native-platform.dll
0x00007ffc09710000 - 0x00007ffc09788000 	C:\Users\USER\.gradle\native\0.2.7\x86_64-windows-gnu\gradle-fileevents.dll
0x00007ffc5b460000 - 0x00007ffc5b46a000 	C:\Program Files\Eclipse Adoptium\jdk-17.0.17.10-hotspot\bin\management.dll
0x00007ffc5b1c0000 - 0x00007ffc5b1cc000 	C:\Program Files\Eclipse Adoptium\jdk-17.0.17.10-hotspot\bin\management_ext.dll
0x00007ffc75f60000 - 0x00007ffc75f68000 	C:\WINDOWS\System32\PSAPI.DLL
0x00007ffc71eb0000 - 0x00007ffc71ee3000 	C:\WINDOWS\SYSTEM32\IPHLPAPI.DLL
0x00007ffc74740000 - 0x00007ffc7474a000 	C:\WINDOWS\System32\NSI.dll
0x00007ffc69f30000 - 0x00007ffc69f4d000 	C:\WINDOWS\SYSTEM32\dhcpcsvc6.DLL
0x00007ffc69cf0000 - 0x00007ffc69d15000 	C:\WINDOWS\SYSTEM32\dhcpcsvc.DLL
0x00007ffc71ef0000 - 0x00007ffc72048000 	C:\WINDOWS\SYSTEM32\DNSAPI.dll
0x00007ffc72770000 - 0x00007ffc7277d000 	C:\WINDOWS\SYSTEM32\DSPARSE.dll
0x00007ffc5a8d0000 - 0x00007ffc5a8d9000 	C:\Program Files\Eclipse Adoptium\jdk-17.0.17.10-hotspot\bin\extnet.dll
0x00007ffc72d70000 - 0x00007ffc72d8b000 	C:\WINDOWS\SYSTEM32\CRYPTSP.dll
0x00007ffc72310000 - 0x00007ffc72349000 	C:\WINDOWS\system32\rsaenh.dll
0x00007ffc72a00000 - 0x00007ffc72a34000 	C:\WINDOWS\SYSTEM32\USERENV.dll
0x00007ffc73610000 - 0x00007ffc7363a000 	C:\WINDOWS\SYSTEM32\bcrypt.dll
0x00007ffc72d40000 - 0x00007ffc72d4c000 	C:\WINDOWS\SYSTEM32\CRYPTBASE.dll
0x00007ffc52950000 - 0x00007ffc5295e000 	C:\Program Files\Eclipse Adoptium\jdk-17.0.17.10-hotspot\bin\sunmscapi.dll
0x00007ffc73e90000 - 0x00007ffc7400e000 	C:\WINDOWS\System32\CRYPT32.dll
0x00007ffc72ee0000 - 0x00007ffc72f10000 	C:\WINDOWS\SYSTEM32\ncrypt.dll
0x00007ffc72e90000 - 0x00007ffc72ecf000 	C:\WINDOWS\SYSTEM32\NTASN1.dll
0x00007ffc4a2c0000 - 0x00007ffc4a2c8000 	C:\WINDOWS\system32\wshunix.dll
0x00007ffc61510000 - 0x00007ffc61517000 	C:\Program Files\Eclipse Adoptium\jdk-17.0.17.10-hotspot\bin\rmi.dll

dbghelp: loaded successfully - version: 4.0.5 - missing functions: none
symbol engine: initialized successfully - sym options: 0x614 - pdb path: .;C:\Program Files\Eclipse Adoptium\jdk-17.0.17.10-hotspot\bin;C:\WINDOWS\SYSTEM32;C:\WINDOWS\WinSxS\amd64_microsoft.windows.common-controls_6595b64144ccf1df_6.0.26100.9278_none_3e0d1ba8e3303201;C:\Program Files\Eclipse Adoptium\jdk-17.0.17.10-hotspot\bin\server;C:\Users\USER\.gradle\native\1def1411415f61bf3af743bc5b6707747c0891f09f0c88961ee8f79bc544acac\windows-amd64;C:\Users\USER\.gradle\native\0.2.7\x86_64-windows-gnu

VM Arguments:
jvm_args: --add-opens=java.base/java.lang=ALL-UNNAMED --add-opens=java.base/java.lang.invoke=ALL-UNNAMED --add-opens=java.base/java.util=ALL-UNNAMED --add-opens=java.prefs/java.util.prefs=ALL-UNNAMED --add-exports=jdk.compiler/com.sun.tools.javac.api=ALL-UNNAMED --add-exports=jdk.compiler/com.sun.tools.javac.util=ALL-UNNAMED --add-opens=java.base/java.util=ALL-UNNAMED --add-opens=java.prefs/java.util.prefs=ALL-UNNAMED --add-opens=java.base/java.nio.charset=ALL-UNNAMED --add-opens=java.base/java.net=ALL-UNNAMED --add-opens=java.base/java.util.concurrent.atomic=ALL-UNNAMED --add-opens=java.xml/javax.xml.namespace=ALL-UNNAMED -XX:MaxMetaspaceSize=4G -XX:ReservedCodeCacheSize=512m -XX:+HeapDumpOnOutOfMemoryError -Xmx8G -Dfile.encoding=windows-1252 -Duser.country=US -Duser.language=en -Duser.variant -javaagent:C:\Users\USER\.gradle\wrapper\dists\gradle-8.14-all\c2qonpi39x1mddn7hk5gh9iqj\gradle-8.14\lib\agents\gradle-instrumentation-agent-8.14.jar 
java_command: org.gradle.launcher.daemon.bootstrap.GradleDaemon 8.14
java_class_path (initial): C:\Users\USER\.gradle\wrapper\dists\gradle-8.14-all\c2qonpi39x1mddn7hk5gh9iqj\gradle-8.14\lib\gradle-daemon-main-8.14.jar
Launcher Type: SUN_STANDARD

[Global flags]
     intx CICompilerCount                          = 4                                         {product} {ergonomic}
     uint ConcGCThreads                            = 3                                         {product} {ergonomic}
     uint G1ConcRefinementThreads                  = 10                                        {product} {ergonomic}
   size_t G1HeapRegionSize                         = 4194304                                   {product} {ergonomic}
    uintx GCDrainStackTargetSize                   = 64                                        {product} {ergonomic}
     bool HeapDumpOnOutOfMemoryError               = true                                   {manageable} {command line}
   size_t InitialHeapSize                          = 130023424                                 {product} {ergonomic}
   size_t MarkStackSize                            = 4194304                                   {product} {ergonomic}
   size_t MaxHeapSize                              = 8589934592                                {product} {command line}
   size_t MaxMetaspaceSize                         = 4294967296                                {product} {command line}
   size_t MaxNewSize                               = 5150605312                                {product} {ergonomic}
   size_t MinHeapDeltaBytes                        = 4194304                                   {product} {ergonomic}
   size_t MinHeapSize                              = 8388608                                   {product} {ergonomic}
    uintx NonNMethodCodeHeapSize                   = 5839372                                {pd product} {ergonomic}
    uintx NonProfiledCodeHeapSize                  = 265515770                              {pd product} {ergonomic}
    uintx ProfiledCodeHeapSize                     = 265515770                              {pd product} {ergonomic}
    uintx ReservedCodeCacheSize                    = 536870912                              {pd product} {command line}
     bool SegmentedCodeCache                       = true                                      {product} {ergonomic}
   size_t SoftMaxHeapSize                          = 8589934592                             {manageable} {ergonomic}
   double SweeperThreshold                         = 0.234375                                  {product} {ergonomic}
     bool UseCompressedClassPointers               = true                           {product lp64_product} {ergonomic}
     bool UseCompressedOops                        = true                           {product lp64_product} {ergonomic}
     bool UseG1GC                                  = true                                      {product} {ergonomic}
     bool UseLargePagesIndividualAllocation        = false                                  {pd product} {ergonomic}

Logging:
Log output configuration:
 #0: stdout all=warning uptime,level,tags
 #1: stderr all=off uptime,level,tags

Environment Variables:
JAVA_HOME=C:\Program Files\Eclipse Adoptium\jdk-17.0.17.10-hotspot
CLASSPATH=C:\Users\USER\StudioProjects\thumstechs\android\\gradle\wrapper\gradle-wrapper.jar
PATH=C:\Program Files\Eclipse Adoptium\jdk-17.0.17.10-hotspot\bin;C:\Python314\Scripts\;C:\Python314\;C:\Program Files\Eclipse Adoptium\jdk-17.0.17.10-hotspot\bin;C:\Program Files\Eclipse Adoptium\jdk-25.0.1.8-hotspot\bin;C:\WINDOWS\system32;C:\WINDOWS;C:\WINDOWS\System32\Wbem;C:\WINDOWS\System32\WindowsPowerShell\v1.0\;C:\WINDOWS\System32\OpenSSH\;D:\Apps\flutter_windows_3.38.5-stable\flutter\bin;C:\Program Files\Git\bin;C:\Users\USER\AppData\Local\Pub\Cache\bin;C:\Program Files\Eclipse Adoptium\jdk-17.0.17.10-hotspot;C:\msys64\mingw64\bin;C:\Users\USER\AppData\Local\Programs\Python\Python311;C:\Users\USER\AppData\Local\Programs\Python\Python311\Scripts;C:\Program Files (x86)\Windows Kits\10\Windows Performance Toolkit\;C:\Program Files\CMake\bin;C:\ProgramData\chocolatey\bin;C:\Program Files\nodejs\;C:\Users\USER\AppData\Local\Microsoft\WindowsApps;C:\Users\USER\AppData\Local\Programs\Microsoft VS Code\bin;D:\Apps\flutter_windows_3.38.5-stable\flutter\bin;C:\Users\USER\AppData\Local\Programs\Python\Python311\Scripts;C:\Users\USER\AppData\Local\Programs\Python\Python311;C:\Users\USER\AppData\Local\Android\Sdk\platform-tools;C:\Users\USER\AppData\Local\Programs\cursor\resources\app\bin;C:\Users\USER\AppData\Roaming\npm;C:\Users\USER\AppData\Local\Google\Cloud SDK\google-cloud-sdk\bin;C:\Users\USER\AppData\Local\Kingsoft\WPS Office\12.1.0.27458\clitool;D:\Apps\flutter_windows_3.38.5-stable\flutter\bin\mingit\cmd
USERNAME=USER
OS=Windows_NT
PROCESSOR_IDENTIFIER=Intel64 Family 6 Model 186 Stepping 3, GenuineIntel
TMP=C:\Users\USER\AppData\Local\Temp
TEMP=C:\Users\USER\AppData\Local\Temp



Periodic native trim disabled


---------------  S Y S T E M  ---------------

OS:
 Windows 11 , 64 bit Build 26100 (10.0.26100.9444)
OS uptime: 1 days 23:51 hours
Hyper-V role detected

CPU: total 12 (initial active 12) (6 cores per cpu, 2 threads per core) family 6 model 186 stepping 3 microcode 0x4123, cx8, cmov, fxsr, ht, mmx, 3dnowpref, sse, sse2, sse3, ssse3, sse4.1, sse4.2, popcnt, lzcnt, tsc, tscinvbit, avx, avx2, aes, erms, clmul, bmi1, bmi2, adx, sha, fma, vzeroupper, clflush, clflushopt, clwb, hv
Processor Information for processor 0
  Max Mhz: 1700, Current Mhz: 1700, Mhz Limit: 1700
Processor Information for processor 1
  Max Mhz: 1700, Current Mhz: 1700, Mhz Limit: 1700
Processor Information for processor 2
  Max Mhz: 1700, Current Mhz: 1700, Mhz Limit: 1700
Processor Information for processor 3
  Max Mhz: 1700, Current Mhz: 1700, Mhz Limit: 1700
Processor Information for processor 4
  Max Mhz: 1700, Current Mhz: 1200, Mhz Limit: 1190
Processor Information for processor 5
  Max Mhz: 1700, Current Mhz: 1200, Mhz Limit: 1190
Processor Information for processor 6
  Max Mhz: 1700, Current Mhz: 1200, Mhz Limit: 1190
Processor Information for processor 7
  Max Mhz: 1700, Current Mhz: 1200, Mhz Limit: 1190
Processor Information for processor 8
  Max Mhz: 1700, Current Mhz: 1200, Mhz Limit: 1190
Processor Information for processor 9
  Max Mhz: 1700, Current Mhz: 1200, Mhz Limit: 1190
Processor Information for processor 10
  Max Mhz: 1700, Current Mhz: 1200, Mhz Limit: 1190
Processor Information for processor 11
  Max Mhz: 1700, Current Mhz: 1200, Mhz Limit: 1190

Memory: 4k page, system-wide physical 7710M (161M free)
TotalPageFile size 31262M (AvailPageFile size 0M)
current process WorkingSet (physical memory assigned to process): 602M, peak: 654M
current process commit charge ("private bytes"): 1152M, peak: 1187M

vm_info: OpenJDK 64-Bit Server VM (17.0.17+10) for windows-amd64 JRE (17.0.17+10), built on Oct 21 2025 23:25:32 by "admin" with unknown MS VC++:1942

END.
