#
# There is insufficient memory for the Java Runtime Environment to continue.
# Native memory allocation (malloc) failed to allocate 1320496 bytes. Error detail: Chunk::new
# Possible reasons:
#   The system is out of physical RAM or swap space
#   This process is running with CompressedOops enabled, and the Java Heap may be blocking the growth of the native heap
# Possible solutions:
#   Reduce memory load on the system
#   Increase physical memory or swap space
#   Check if swap backing store is full
#   Decrease Java heap size (-Xmx/-Xms)
#   Decrease number of Java threads
#   Decrease Java thread stack sizes (-Xss)
#   Set larger code cache with -XX:ReservedCodeCacheSize=
#   JVM is running with Zero Based Compressed Oops mode in which the Java heap is
#     placed in the first 32GB address space. The Java Heap base address is the
#     maximum limit for the native heap growth. Please use -XX:HeapBaseMinAddress
#     to set the Java Heap base and to place the Java Heap above 32GB virtual address.
# This output file may be truncated or incomplete.
#
#  Out of Memory Error (arena.cpp:191), pid=10096, tid=10536
#
# JRE version: OpenJDK Runtime Environment Temurin-17.0.17+10 (17.0.17+10) (build 17.0.17+10)
# Java VM: OpenJDK 64-Bit Server VM Temurin-17.0.17+10 (17.0.17+10, mixed mode, sharing, tiered, compressed oops, compressed class ptrs, g1 gc, windows-amd64)
# No core dump will be written. Minidumps are not enabled by default on client versions of Windows
#

---------------  S U M M A R Y ------------

Command Line: --add-opens=java.base/java.lang=ALL-UNNAMED --add-opens=java.base/java.lang.invoke=ALL-UNNAMED --add-opens=java.base/java.util=ALL-UNNAMED --add-opens=java.prefs/java.util.prefs=ALL-UNNAMED --add-exports=jdk.compiler/com.sun.tools.javac.api=ALL-UNNAMED --add-exports=jdk.compiler/com.sun.tools.javac.util=ALL-UNNAMED --add-opens=java.base/java.util=ALL-UNNAMED --add-opens=java.prefs/java.util.prefs=ALL-UNNAMED --add-opens=java.base/java.nio.charset=ALL-UNNAMED --add-opens=java.base/java.net=ALL-UNNAMED --add-opens=java.base/java.util.concurrent.atomic=ALL-UNNAMED --add-opens=java.xml/javax.xml.namespace=ALL-UNNAMED -XX:MaxMetaspaceSize=4G -XX:ReservedCodeCacheSize=512m -XX:+HeapDumpOnOutOfMemoryError -Xmx8G -Dfile.encoding=windows-1252 -Duser.country=US -Duser.language=en -Duser.variant -javaagent:C:\Users\USER\.gradle\wrapper\dists\gradle-8.14-all\c2qonpi39x1mddn7hk5gh9iqj\gradle-8.14\lib\agents\gradle-instrumentation-agent-8.14.jar org.gradle.launcher.daemon.bootstrap.GradleDaemon 8.14

Host: 13th Gen Intel(R) Core(TM) i7-1355U, 12 cores, 7G,  Windows 11 , 64 bit Build 26100 (10.0.26100.9444)
Time: Fri Sep 11 20:37:42 2026 Pakistan Standard Time elapsed time: 10701.118863 seconds (0d 2h 58m 21s)

---------------  T H R E A D  ---------------

Current thread (0x00000237dd92f6d0):  JavaThread "C2 CompilerThread0" daemon [_thread_in_native, id=10536, stack(0x0000007bf7400000,0x0000007bf7500000)]


Current CompileTask:
C2:10701119 68215       4       com.android.tools.r8.internal.Yt0::a (736 bytes)

Stack: [0x0000007bf7400000,0x0000007bf7500000]
Native frames: (J=compiled Java code, j=interpreted, Vv=VM code, C=native code)
V  [jvm.dll+0x683fb9]
V  [jvm.dll+0x83a1b5]
V  [jvm.dll+0x83bc2e]
V  [jvm.dll+0x83c2b3]
V  [jvm.dll+0x248eff]
V  [jvm.dll+0xad496]
V  [jvm.dll+0xadb3c]
V  [jvm.dll+0x3689ef]
V  [jvm.dll+0x332fa5]
V  [jvm.dll+0x33240a]
V  [jvm.dll+0x219db9]
V  [jvm.dll+0x219200]
V  [jvm.dll+0x1a4920]
V  [jvm.dll+0x22989a]
V  [jvm.dll+0x227a4b]
V  [jvm.dll+0x7effb8]
V  [jvm.dll+0x7ea44c]
V  [jvm.dll+0x682e87]
C  [ucrtbase.dll+0x2cd30]
C  [KERNEL32.DLL+0x2cd87]
C  [ntdll.dll+0xacaec]


---------------  P R O C E S S  ---------------

Threads class SMR info:
_java_thread_list=0x00000238335dbd30, length=260, elements={
0x000002379d9af440, 0x00000237dd911c00, 0x00000237dd9124d0, 0x00000237dd92bea0,
0x00000237dd92c870, 0x00000237dd92e150, 0x00000237dd92ea20, 0x00000237dd92f6d0,
0x00000237dd940720, 0x00000237dd942ab0, 0x00000237dda88510, 0x00000237dda875e0,
0x00000237dda88f30, 0x00000237dda86bc0, 0x00000237dda861a0, 0x0000023824468750,
0x00000238244663e0, 0x0000023824467820, 0x0000023824465ed0, 0x0000023824466e00,
0x00000238252bfc90, 0x0000023827637a60, 0x000002382959b710, 0x00000238294bbe00,
0x00000238294be680, 0x00000238294beb90, 0x00000238294bf0a0, 0x00000238294bffd0,
0x00000238294c04e0, 0x00000238294c1920, 0x00000238294bfac0, 0x00000238294be170,
0x00000238294c3270, 0x00000238294c1e30, 0x00000238333cbbd0, 0x00000238333cc0e0,
0x00000238333c9860, 0x00000238333cc5f0, 0x00000238333cd010, 0x00000238333ccb00,
0x00000238333cd520, 0x00000238333c9d70, 0x00000238333cda30, 0x00000238333ca280,
0x00000238333cdf40, 0x00000238333ca790, 0x00000238333d16f0, 0x00000238333d1c00,
0x00000238333d0cd0, 0x00000238333d11e0, 0x00000238333d07c0, 0x00000238333d02b0,
0x00000238333ce450, 0x00000238333d2110, 0x00000238333ce960, 0x00000238333d2620,
0x00000238333cee70, 0x00000238333cfda0, 0x00000238333d2b30, 0x00000238333cf890,
0x00000238333cf380, 0x00000238333d3a60, 0x00000238333d4990, 0x00000238333d4ea0,
0x00000238333d5dd0, 0x00000238333d67f0, 0x00000238333d58c0, 0x00000238333d62e0,
0x00000238333d53b0, 0x00000238333d4480, 0x00000238333d3040, 0x00000238333d3f70,
0x00000238333d6d00, 0x00000238333d3550, 0x00000238333d8b60, 0x00000238333d8650,
0x00000238333d7720, 0x00000238333d9070, 0x00000238333d7210, 0x00000238333d7c30,
0x00000238333d8140, 0x0000023829cc7590, 0x0000023829cc84c0, 0x0000023829cc7aa0,
0x0000023829cc7fb0, 0x0000023829cc4d10, 0x0000023829cc6150, 0x0000023829cc89d0,
0x0000023829cc5220, 0x0000023829cccba0, 0x0000023829ccc180, 0x0000023829ccb760,
0x0000023829cc9e10, 0x0000023829ccdad0, 0x0000023829cca320, 0x0000023829ccdfe0,
0x0000023829cca830, 0x0000023829cd0350, 0x0000023829ccfe40, 0x0000023829cd0860,
0x0000023829cd0d70, 0x0000023829cd1790, 0x0000023829ccf930, 0x0000023829cce4f0,
0x0000023829cd1280, 0x0000023829cd1ca0, 0x0000023829ccea00, 0x0000023829cd26c0,
0x0000023829ccef10, 0x0000023829cd2bd0, 0x0000023829ccf420, 0x0000023829cd30e0,
0x0000023829cd35f0, 0x0000023829cd3b00, 0x0000023829cd4010, 0x0000023829cd4520,
0x00000238252bf270, 0x00000238252c01a0, 0x00000238252c2000, 0x00000238252c10d0,
0x00000238252c1af0, 0x00000238252bf780, 0x00000238252c06b0, 0x00000238252be850,
0x00000238252bed60, 0x00000238252c57b0, 0x00000238252c2f30, 0x00000238252c4880,
0x00000238252c3950, 0x00000238252c3440, 0x00000238252c3e60, 0x00000238252c5cc0,
0x00000238252c4370, 0x00000238252c4d90, 0x00000238252c52a0, 0x00000238252c2510,
0x00000238252c61d0, 0x00000238252c2a20, 0x000002382556e420, 0x00000238255711b0,
0x000002382556e930, 0x000002382556ee40, 0x0000023825570ca0, 0x000002382556da00,
0x00000238255716c0, 0x0000023825570280, 0x000002382556f350, 0x000002382556f860,
0x0000023825570790, 0x000002382556df10, 0x0000023825571bd0, 0x0000023825572b00,
0x0000023825573010, 0x0000023825573520, 0x0000023825574e70, 0x00000238255720e0,
0x0000023823d812b0, 0x0000023823d80380, 0x0000023823d80da0, 0x0000023823d83110,
0x0000023823d83620, 0x0000023823d7fe70, 0x0000023823d83b30, 0x0000023823d826f0,
0x0000023823d84550, 0x0000023823d84a60, 0x0000023823d84f70, 0x0000023823d817c0,
0x0000023823d85480, 0x0000023823d85990, 0x0000023823d85ea0, 0x0000023823d872e0,
0x0000023823d863b0, 0x0000023823d868c0, 0x0000023823d86dd0, 0x00000238276356f0,
0x0000023827636110, 0x00000238276347c0, 0x0000023827633da0, 0x00000238276342b0,
0x0000023827632e70, 0x0000023827635c00, 0x0000023827634cd0, 0x0000023827633380,
0x0000023827637550, 0x00000238276398c0, 0x0000023829597a50, 0x00000238295998b0,
0x000002382959acf0, 0x0000023829598470, 0x0000023829598980, 0x000002382959cb50,
0x00000237dda87af0, 0x000002382959e4a0, 0x00000238323216f0, 0x0000023832323f70,
0x00000238323207c0, 0x0000023832320cd0, 0x0000023832324990, 0x00000238323211e0,
0x0000023832324ea0, 0x00000238323258c0, 0x00000238294bf5b0, 0x00000238294bc310,
0x00000238294bd240, 0x00000238294bd750, 0x000002382959df90, 0x0000023834c0f800,
0x0000023834c0ede0, 0x0000023834c0deb0, 0x0000023834c0fd10, 0x0000023834c0f2f0,
0x0000023834c134c0, 0x0000023834c11b70, 0x0000023834c10730, 0x0000023834c139d0,
0x0000023834c14900, 0x0000023834c11150, 0x0000023834c11660, 0x0000023834c17180,
0x0000023834c16760, 0x0000023834c16250, 0x000002382959da80, 0x0000023834c17ba0,
0x0000023836527f20, 0x0000023836525bb0, 0x00000238365260c0, 0x0000023836528430,
0x000002383652c600, 0x000002383652b6d0, 0x000002383652c0f0, 0x0000023836523840,
0x0000023836524c80, 0x000002383652cb10, 0x0000023836529360, 0x000002383652d020,
0x0000023836529870, 0x000002383652d530, 0x000002383652da40, 0x0000023834c10220,
0x0000023834c0cf80, 0x0000023834c0e3c0, 0x0000023834c0d9a0, 0x0000023834c17690,
0x0000023834c13ee0, 0x0000023834c16c70, 0x0000023834c15830, 0x0000023834c143f0,
0x0000023834c14e10, 0x0000023834c180b0, 0x0000023834c15320, 0x0000023834c18fe0,
0x0000023834c1a930, 0x0000023834c19a00, 0x0000023825573a30, 0x0000023825574960,
0x000002382959f3d0, 0x000002382959c130, 0x00000238244659c0, 0x00000238244654b0
}

Java Threads: ( => current thread )
  0x000002379d9af440 JavaThread "main" [_thread_blocked, id=24236, stack(0x0000007bf6700000,0x0000007bf6800000)]
  0x00000237dd911c00 JavaThread "Reference Handler" daemon [_thread_blocked, id=4916, stack(0x0000007bf6e00000,0x0000007bf6f00000)]
  0x00000237dd9124d0 JavaThread "Finalizer" daemon [_thread_blocked, id=2596, stack(0x0000007bf6f00000,0x0000007bf7000000)]
  0x00000237dd92bea0 JavaThread "Signal Dispatcher" daemon [_thread_blocked, id=12664, stack(0x0000007bf7000000,0x0000007bf7100000)]
  0x00000237dd92c870 JavaThread "Attach Listener" daemon [_thread_blocked, id=22140, stack(0x0000007bf7100000,0x0000007bf7200000)]
  0x00000237dd92e150 JavaThread "Service Thread" daemon [_thread_blocked, id=8784, stack(0x0000007bf7200000,0x0000007bf7300000)]
  0x00000237dd92ea20 JavaThread "Monitor Deflation Thread" daemon [_thread_blocked, id=6320, stack(0x0000007bf7300000,0x0000007bf7400000)]
=>0x00000237dd92f6d0 JavaThread "C2 CompilerThread0" daemon [_thread_in_native, id=10536, stack(0x0000007bf7400000,0x0000007bf7500000)]
  0x00000237dd940720 JavaThread "C1 CompilerThread0" daemon [_thread_blocked, id=19708, stack(0x0000007bf7500000,0x0000007bf7600000)]
  0x00000237dd942ab0 JavaThread "Sweeper thread" daemon [_thread_in_vm, id=10496, stack(0x0000007bf7600000,0x0000007bf7700000)]
  0x00000237dda88510 JavaThread "Common-Cleaner" daemon [_thread_blocked, id=5804, stack(0x0000007bf7700000,0x0000007bf7800000)]
  0x00000237dda875e0 JavaThread "Notification Thread" daemon [_thread_blocked, id=9832, stack(0x0000007bf7800000,0x0000007bf7900000)]
  0x00000237dda88f30 JavaThread "Daemon health stats" [_thread_blocked, id=5380, stack(0x0000007bf8000000,0x0000007bf8100000)]
  0x00000237dda86bc0 JavaThread "Incoming local TCP Connector on port 60209" [_thread_in_native, id=1532, stack(0x0000007bf8100000,0x0000007bf8200000)]
  0x00000237dda861a0 JavaThread "Daemon periodic checks" [_thread_blocked, id=9392, stack(0x0000007bf8200000,0x0000007bf8300000)]
  0x0000023824468750 JavaThread "Cache worker for journal cache (C:\Users\USER\.gradle\caches\journal-1)" [_thread_blocked, id=19088, stack(0x0000007bf7a00000,0x0000007bf7b00000)]
  0x00000238244663e0 JavaThread "File lock request listener" [_thread_in_native, id=24644, stack(0x0000007bf8a00000,0x0000007bf8b00000)]
  0x0000023824467820 JavaThread "Cache worker for file hash cache (C:\Users\USER\.gradle\caches\8.14\fileHashes)" [_thread_blocked, id=14172, stack(0x0000007bf8b00000,0x0000007bf8c00000)]
  0x0000023824465ed0 JavaThread "File watcher server" daemon [_thread_in_native, id=22276, stack(0x0000007bf9100000,0x0000007bf9200000)]
  0x0000023824466e00 JavaThread "File watcher consumer" daemon [_thread_blocked, id=1396, stack(0x0000007bf9600000,0x0000007bf9700000)]
  0x00000238252bfc90 JavaThread "Cache worker for file content cache (C:\Users\USER\.gradle\caches\8.14\fileContent)" [_thread_blocked, id=16980, stack(0x0000007bf9800000,0x0000007bf9900000)]
  0x0000023827637a60 JavaThread "Memory manager" [_thread_blocked, id=15188, stack(0x0000007bfbe00000,0x0000007bfbf00000)]
  0x000002382959b710 JavaThread "jar transforms" [_thread_blocked, id=18068, stack(0x0000007b81500000,0x0000007b81600000)]
  0x00000238294bbe00 JavaThread "jar transforms Thread 2" [_thread_blocked, id=24632, stack(0x0000007b82900000,0x0000007b82a00000)]
  0x00000238294be680 JavaThread "jar transforms Thread 3" [_thread_blocked, id=17948, stack(0x0000007b82b00000,0x0000007b82c00000)]
  0x00000238294beb90 JavaThread "jar transforms Thread 4" [_thread_blocked, id=25136, stack(0x0000007b82c00000,0x0000007b82d00000)]
  0x00000238294bf0a0 JavaThread "jar transforms Thread 5" [_thread_blocked, id=12844, stack(0x0000007b82d00000,0x0000007b82e00000)]
  0x00000238294bffd0 JavaThread "jar transforms Thread 6" [_thread_blocked, id=9396, stack(0x0000007b82e00000,0x0000007b82f00000)]
  0x00000238294c04e0 JavaThread "jar transforms Thread 7" [_thread_blocked, id=256, stack(0x0000007b82f00000,0x0000007b83000000)]
  0x00000238294c1920 JavaThread "jar transforms Thread 8" [_thread_blocked, id=20812, stack(0x0000007b83000000,0x0000007b83100000)]
  0x00000238294bfac0 JavaThread "jar transforms Thread 9" [_thread_blocked, id=18328, stack(0x0000007b81200000,0x0000007b81300000)]
  0x00000238294be170 JavaThread "jar transforms Thread 10" [_thread_blocked, id=22008, stack(0x0000007b83100000,0x0000007b83200000)]
  0x00000238294c3270 JavaThread "jar transforms Thread 11" [_thread_blocked, id=18360, stack(0x0000007b83200000,0x0000007b83300000)]
  0x00000238294c1e30 JavaThread "jar transforms Thread 12" [_thread_blocked, id=21164, stack(0x0000007b83300000,0x0000007b83400000)]
  0x00000238333cbbd0 JavaThread "Daemon Thread 3" [_thread_blocked, id=22708, stack(0x0000007b80000000,0x0000007b80100000)]
  0x00000238333cc0e0 JavaThread "Handler for socket connection from /127.0.0.1:60209 to /127.0.0.1:59083" [_thread_in_native, id=19532, stack(0x0000007b80100000,0x0000007b80200000)]
  0x00000238333c9860 JavaThread "Cancel handler" [_thread_blocked, id=8160, stack(0x0000007b80200000,0x0000007b80300000)]
  0x00000238333cc5f0 JavaThread "Daemon worker Thread 3" [_thread_blocked, id=25396, stack(0x0000007b80300000,0x0000007b80400000)]
  0x00000238333cd010 JavaThread "Asynchronous log dispatcher for DefaultDaemonConnection: socket connection from /127.0.0.1:60209 to /127.0.0.1:59083" [_thread_blocked, id=24768, stack(0x0000007b80400000,0x0000007b80500000)]
  0x00000238333ccb00 JavaThread "Stdin handler" [_thread_blocked, id=16800, stack(0x0000007b80500000,0x0000007b80600000)]
  0x00000238333cd520 JavaThread "Daemon client event forwarder" [_thread_blocked, id=22372, stack(0x0000007b80600000,0x0000007b80700000)]
  0x00000238333c9d70 JavaThread "Cache worker for file hash cache (C:\Users\USER\StudioProjects\thumstechs\android\.gradle\8.14\fileHashes)" [_thread_blocked, id=26244, stack(0x0000007b80700000,0x0000007b80800000)]
  0x00000238333cda30 JavaThread "Cache worker for Build Output Cleanup Cache (C:\Users\USER\StudioProjects\thumstechs\android\.gradle\buildOutputCleanup)" [_thread_blocked, id=24792, stack(0x0000007b80800000,0x0000007b80900000)]
  0x00000238333ca280 JavaThread "Cache worker for checksums cache (C:\Users\USER\StudioProjects\thumstechs\android\.gradle\8.14\checksums)" [_thread_blocked, id=2316, stack(0x0000007b80900000,0x0000007b80a00000)]
  0x00000238333cdf40 JavaThread "Cache worker for cache directory md-supplier (C:\Users\USER\.gradle\caches\8.14\md-supplier)" [_thread_blocked, id=5620, stack(0x0000007b80a00000,0x0000007b80b00000)]
  0x00000238333ca790 JavaThread "Cache worker for cache directory md-rule (C:\Users\USER\.gradle\caches\8.14\md-rule)" [_thread_blocked, id=23748, stack(0x0000007b80b00000,0x0000007b80c00000)]
  0x00000238333d16f0 JavaThread "Cache worker for Build Output Cleanup Cache (D:\Apps\flutter_windows_3.38.5-stable\flutter\packages\flutter_tools\gradle\.gradle\buildOutputCleanup)" [_thread_blocked, id=16300, stack(0x0000007b80c00000,0x0000007b80d00000)]
  0x00000238333d1c00 JavaThread "Unconstrained build operations" [_thread_blocked, id=3324, stack(0x0000007b80d00000,0x0000007b80e00000)]
  0x00000238333d0cd0 JavaThread "Unconstrained build operations Thread 2" [_thread_blocked, id=14444, stack(0x0000007b80e00000,0x0000007b80f00000)]
  0x00000238333d11e0 JavaThread "Unconstrained build operations Thread 3" [_thread_blocked, id=20296, stack(0x0000007b80f00000,0x0000007b81000000)]
  0x00000238333d07c0 JavaThread "Unconstrained build operations Thread 4" [_thread_blocked, id=5276, stack(0x0000007b81000000,0x0000007b81100000)]
  0x00000238333d02b0 JavaThread "Unconstrained build operations Thread 5" [_thread_blocked, id=10244, stack(0x0000007b81100000,0x0000007b81200000)]
  0x00000238333ce450 JavaThread "Unconstrained build operations Thread 6" [_thread_blocked, id=22856, stack(0x0000007b81300000,0x0000007b81400000)]
  0x00000238333d2110 JavaThread "Unconstrained build operations Thread 7" [_thread_blocked, id=13720, stack(0x0000007b81400000,0x0000007b81500000)]
  0x00000238333ce960 JavaThread "Unconstrained build operations Thread 8" [_thread_blocked, id=8568, stack(0x0000007b81600000,0x0000007b81700000)]
  0x00000238333d2620 JavaThread "Unconstrained build operations Thread 9" [_thread_blocked, id=10444, stack(0x0000007b81700000,0x0000007b81800000)]
  0x00000238333cee70 JavaThread "Unconstrained build operations Thread 10" [_thread_blocked, id=19932, stack(0x0000007b81800000,0x0000007b81900000)]
  0x00000238333cfda0 JavaThread "Unconstrained build operations Thread 11" [_thread_blocked, id=17864, stack(0x0000007b81900000,0x0000007b81a00000)]
  0x00000238333d2b30 JavaThread "Unconstrained build operations Thread 12" [_thread_blocked, id=7980, stack(0x0000007b81a00000,0x0000007b81b00000)]
  0x00000238333cf890 JavaThread "Unconstrained build operations Thread 13" [_thread_blocked, id=25168, stack(0x0000007b81b00000,0x0000007b81c00000)]
  0x00000238333cf380 JavaThread "Unconstrained build operations Thread 14" [_thread_blocked, id=21068, stack(0x0000007b81c00000,0x0000007b81d00000)]
  0x00000238333d3a60 JavaThread "Unconstrained build operations Thread 15" [_thread_blocked, id=22700, stack(0x0000007b81d00000,0x0000007b81e00000)]
  0x00000238333d4990 JavaThread "Unconstrained build operations Thread 16" [_thread_blocked, id=10384, stack(0x0000007b81e00000,0x0000007b81f00000)]
  0x00000238333d4ea0 JavaThread "Unconstrained build operations Thread 17" [_thread_blocked, id=5888, stack(0x0000007b81f00000,0x0000007b82000000)]
  0x00000238333d5dd0 JavaThread "Unconstrained build operations Thread 18" [_thread_blocked, id=16344, stack(0x0000007b82000000,0x0000007b82100000)]
  0x00000238333d67f0 JavaThread "Unconstrained build operations Thread 19" [_thread_blocked, id=18448, stack(0x0000007b82100000,0x0000007b82200000)]
  0x00000238333d58c0 JavaThread "Unconstrained build operations Thread 20" [_thread_blocked, id=22768, stack(0x0000007b82200000,0x0000007b82300000)]
  0x00000238333d62e0 JavaThread "Unconstrained build operations Thread 21" [_thread_blocked, id=2084, stack(0x0000007b82300000,0x0000007b82400000)]
  0x00000238333d53b0 JavaThread "Unconstrained build operations Thread 22" [_thread_blocked, id=26436, stack(0x0000007b82400000,0x0000007b82500000)]
  0x00000238333d4480 JavaThread "build event listener" [_thread_blocked, id=25896, stack(0x0000007b82500000,0x0000007b82600000)]
  0x00000238333d3040 JavaThread "included builds" [_thread_in_Java, id=724, stack(0x0000007b82600000,0x0000007b82700000)]
  0x00000238333d3f70 JavaThread "Execution worker" [_thread_blocked, id=16296, stack(0x0000007b82700000,0x0000007b82800000)]
  0x00000238333d6d00 JavaThread "Execution worker Thread 2" [_thread_blocked, id=21980, stack(0x0000007b82800000,0x0000007b82900000)]
  0x00000238333d3550 JavaThread "Execution worker Thread 3" [_thread_blocked, id=26600, stack(0x0000007b82a00000,0x0000007b82b00000)]
  0x00000238333d8b60 JavaThread "Execution worker Thread 4" [_thread_blocked, id=26612, stack(0x0000007b83500000,0x0000007b83600000)]
  0x00000238333d8650 JavaThread "Execution worker Thread 5" [_thread_in_native, id=19980, stack(0x0000007b83600000,0x0000007b83700000)]
  0x00000238333d7720 JavaThread "Execution worker Thread 6" [_thread_blocked, id=23928, stack(0x0000007b83700000,0x0000007b83800000)]
  0x00000238333d9070 JavaThread "Execution worker Thread 7" [_thread_blocked, id=9692, stack(0x0000007b83800000,0x0000007b83900000)]
  0x00000238333d7210 JavaThread "Execution worker Thread 8" [_thread_blocked, id=8484, stack(0x0000007b83900000,0x0000007b83a00000)]
  0x00000238333d7c30 JavaThread "Execution worker Thread 9" [_thread_blocked, id=22352, stack(0x0000007b83a00000,0x0000007b83b00000)]
  0x00000238333d8140 JavaThread "Execution worker Thread 10" [_thread_blocked, id=7700, stack(0x0000007b83b00000,0x0000007b83c00000)]
  0x0000023829cc7590 JavaThread "Cache worker for execution history cache (D:\Apps\flutter_windows_3.38.5-stable\flutter\packages\flutter_tools\gradle\.gradle\8.14\executionHistory)" [_thread_blocked, id=2860, stack(0x0000007b83c00000,0x0000007b83d00000)]
  0x0000023829cc84c0 JavaThread "Execution worker Thread 11" [_thread_blocked, id=10676, stack(0x0000007b83d00000,0x0000007b83e00000)]
  0x0000023829cc7aa0 JavaThread "Unconstrained build operations Thread 23" [_thread_blocked, id=15292, stack(0x0000007b83e00000,0x0000007b83f00000)]
  0x0000023829cc7fb0 JavaThread "Unconstrained build operations Thread 24" [_thread_blocked, id=7916, stack(0x0000007b83f00000,0x0000007b84000000)]
  0x0000023829cc4d10 JavaThread "Unconstrained build operations Thread 25" [_thread_blocked, id=5952, stack(0x0000007b84000000,0x0000007b84100000)]
  0x0000023829cc6150 JavaThread "Unconstrained build operations Thread 26" [_thread_blocked, id=22168, stack(0x0000007b84100000,0x0000007b84200000)]
  0x0000023829cc89d0 JavaThread "Unconstrained build operations Thread 27" [_thread_blocked, id=9696, stack(0x0000007b84200000,0x0000007b84300000)]
  0x0000023829cc5220 JavaThread "Unconstrained build operations Thread 28" [_thread_blocked, id=5488, stack(0x0000007b84300000,0x0000007b84400000)]
  0x0000023829cccba0 JavaThread "Unconstrained build operations Thread 29" [_thread_blocked, id=4424, stack(0x0000007b84400000,0x0000007b84500000)]
  0x0000023829ccc180 JavaThread "Unconstrained build operations Thread 30" [_thread_blocked, id=13444, stack(0x0000007b84500000,0x0000007b84600000)]
  0x0000023829ccb760 JavaThread "Unconstrained build operations Thread 31" [_thread_blocked, id=21316, stack(0x0000007b84600000,0x0000007b84700000)]
  0x0000023829cc9e10 JavaThread "Unconstrained build operations Thread 32" [_thread_blocked, id=10804, stack(0x0000007b84700000,0x0000007b84800000)]
  0x0000023829ccdad0 JavaThread "Unconstrained build operations Thread 33" [_thread_blocked, id=18348, stack(0x0000007b84800000,0x0000007b84900000)]
  0x0000023829cca320 JavaThread "Unconstrained build operations Thread 34" [_thread_blocked, id=25508, stack(0x0000007b84900000,0x0000007b84a00000)]
  0x0000023829ccdfe0 JavaThread "Unconstrained build operations Thread 35" [_thread_blocked, id=7016, stack(0x0000007b84a00000,0x0000007b84b00000)]
  0x0000023829cca830 JavaThread "Unconstrained build operations Thread 36" [_thread_blocked, id=15684, stack(0x0000007b84b00000,0x0000007b84c00000)]
  0x0000023829cd0350 JavaThread "Unconstrained build operations Thread 37" [_thread_blocked, id=14420, stack(0x0000007b84c00000,0x0000007b84d00000)]
  0x0000023829ccfe40 JavaThread "Unconstrained build operations Thread 38" [_thread_blocked, id=3668, stack(0x0000007b84d00000,0x0000007b84e00000)]
  0x0000023829cd0860 JavaThread "Unconstrained build operations Thread 39" [_thread_blocked, id=22852, stack(0x0000007b84e00000,0x0000007b84f00000)]
  0x0000023829cd0d70 JavaThread "Unconstrained build operations Thread 40" [_thread_blocked, id=2284, stack(0x0000007b84f00000,0x0000007b85000000)]
  0x0000023829cd1790 JavaThread "Unconstrained build operations Thread 41" [_thread_blocked, id=20712, stack(0x0000007b85000000,0x0000007b85100000)]
  0x0000023829ccf930 JavaThread "Unconstrained build operations Thread 42" [_thread_blocked, id=24788, stack(0x0000007b85100000,0x0000007b85200000)]
  0x0000023829cce4f0 JavaThread "Unconstrained build operations Thread 43" [_thread_blocked, id=4668, stack(0x0000007b85200000,0x0000007b85300000)]
  0x0000023829cd1280 JavaThread "Unconstrained build operations Thread 44" [_thread_blocked, id=15004, stack(0x0000007b85300000,0x0000007b85400000)]
  0x0000023829cd1ca0 JavaThread "Unconstrained build operations Thread 45" [_thread_blocked, id=7132, stack(0x0000007b85400000,0x0000007b85500000)]
  0x0000023829ccea00 JavaThread "Unconstrained build operations Thread 46" [_thread_blocked, id=24200, stack(0x0000007b85500000,0x0000007b85600000)]
  0x0000023829cd26c0 JavaThread "Unconstrained build operations Thread 47" [_thread_blocked, id=10692, stack(0x0000007b85600000,0x0000007b85700000)]
  0x0000023829ccef10 JavaThread "Unconstrained build operations Thread 48" [_thread_blocked, id=25120, stack(0x0000007b85700000,0x0000007b85800000)]
  0x0000023829cd2bd0 JavaThread "Unconstrained build operations Thread 49" [_thread_blocked, id=8412, stack(0x0000007b85800000,0x0000007b85900000)]
  0x0000023829ccf420 JavaThread "Unconstrained build operations Thread 50" [_thread_blocked, id=25848, stack(0x0000007b85900000,0x0000007b85a00000)]
  0x0000023829cd30e0 JavaThread "Unconstrained build operations Thread 51" [_thread_blocked, id=22120, stack(0x0000007b85a00000,0x0000007b85b00000)]
  0x0000023829cd35f0 JavaThread "Unconstrained build operations Thread 52" [_thread_blocked, id=23328, stack(0x0000007b85b00000,0x0000007b85c00000)]
  0x0000023829cd3b00 JavaThread "Unconstrained build operations Thread 53" [_thread_blocked, id=24420, stack(0x0000007b85c00000,0x0000007b85d00000)]
  0x0000023829cd4010 JavaThread "Unconstrained build operations Thread 54" [_thread_blocked, id=26120, stack(0x0000007b85d00000,0x0000007b85e00000)]
  0x0000023829cd4520 JavaThread "Unconstrained build operations Thread 55" [_thread_blocked, id=26524, stack(0x0000007b85e00000,0x0000007b85f00000)]
  0x00000238252bf270 JavaThread "Unconstrained build operations Thread 56" [_thread_blocked, id=24684, stack(0x0000007b85f00000,0x0000007b86000000)]
  0x00000238252c01a0 JavaThread "Unconstrained build operations Thread 57" [_thread_blocked, id=9168, stack(0x0000007b86000000,0x0000007b86100000)]
  0x00000238252c2000 JavaThread "Unconstrained build operations Thread 58" [_thread_blocked, id=19836, stack(0x0000007b86100000,0x0000007b86200000)]
  0x00000238252c10d0 JavaThread "Unconstrained build operations Thread 59" [_thread_blocked, id=23472, stack(0x0000007b86200000,0x0000007b86300000)]
  0x00000238252c1af0 JavaThread "Unconstrained build operations Thread 60" [_thread_blocked, id=25960, stack(0x0000007b86300000,0x0000007b86400000)]
  0x00000238252bf780 JavaThread "Unconstrained build operations Thread 61" [_thread_blocked, id=14616, stack(0x0000007b86400000,0x0000007b86500000)]
  0x00000238252c06b0 JavaThread "Unconstrained build operations Thread 62" [_thread_blocked, id=10420, stack(0x0000007b86500000,0x0000007b86600000)]
  0x00000238252be850 JavaThread "Unconstrained build operations Thread 63" [_thread_blocked, id=14460, stack(0x0000007b86600000,0x0000007b86700000)]
  0x00000238252bed60 JavaThread "Unconstrained build operations Thread 64" [_thread_blocked, id=9624, stack(0x0000007b86700000,0x0000007b86800000)]
  0x00000238252c57b0 JavaThread "Unconstrained build operations Thread 65" [_thread_blocked, id=26500, stack(0x0000007b86800000,0x0000007b86900000)]
  0x00000238252c2f30 JavaThread "Unconstrained build operations Thread 66" [_thread_blocked, id=24896, stack(0x0000007b86900000,0x0000007b86a00000)]
  0x00000238252c4880 JavaThread "Unconstrained build operations Thread 67" [_thread_blocked, id=25904, stack(0x0000007b86a00000,0x0000007b86b00000)]
  0x00000238252c3950 JavaThread "Unconstrained build operations Thread 68" [_thread_blocked, id=12028, stack(0x0000007b86b00000,0x0000007b86c00000)]
  0x00000238252c3440 JavaThread "build event listener" [_thread_blocked, id=22440, stack(0x0000007b86c00000,0x0000007b86d00000)]
  0x00000238252c3e60 JavaThread "Unconstrained build operations Thread 69" [_thread_blocked, id=13320, stack(0x0000007b86d00000,0x0000007b86e00000)]
  0x00000238252c5cc0 JavaThread "Unconstrained build operations Thread 70" [_thread_blocked, id=10916, stack(0x0000007b86e00000,0x0000007b86f00000)]
  0x00000238252c4370 JavaThread "Unconstrained build operations Thread 71" [_thread_blocked, id=20168, stack(0x0000007b86f00000,0x0000007b87000000)]
  0x00000238252c4d90 JavaThread "Unconstrained build operations Thread 72" [_thread_blocked, id=24556, stack(0x0000007b87000000,0x0000007b87100000)]
  0x00000238252c52a0 JavaThread "Unconstrained build operations Thread 73" [_thread_blocked, id=9712, stack(0x0000007b87100000,0x0000007b87200000)]
  0x00000238252c2510 JavaThread "Unconstrained build operations Thread 74" [_thread_blocked, id=16032, stack(0x0000007b87200000,0x0000007b87300000)]
  0x00000238252c61d0 JavaThread "Unconstrained build operations Thread 75" [_thread_blocked, id=15960, stack(0x0000007b87300000,0x0000007b87400000)]
  0x00000238252c2a20 JavaThread "Unconstrained build operations Thread 76" [_thread_blocked, id=14844, stack(0x0000007b87400000,0x0000007b87500000)]
  0x000002382556e420 JavaThread "Unconstrained build operations Thread 77" [_thread_blocked, id=18244, stack(0x0000007b87500000,0x0000007b87600000)]
  0x00000238255711b0 JavaThread "Unconstrained build operations Thread 78" [_thread_blocked, id=17712, stack(0x0000007b87600000,0x0000007b87700000)]
  0x000002382556e930 JavaThread "Unconstrained build operations Thread 79" [_thread_blocked, id=14524, stack(0x0000007b87700000,0x0000007b87800000)]
  0x000002382556ee40 JavaThread "Unconstrained build operations Thread 80" [_thread_blocked, id=18512, stack(0x0000007b87800000,0x0000007b87900000)]
  0x0000023825570ca0 JavaThread "Unconstrained build operations Thread 81" [_thread_blocked, id=4744, stack(0x0000007b87900000,0x0000007b87a00000)]
  0x000002382556da00 JavaThread "Unconstrained build operations Thread 82" [_thread_blocked, id=24976, stack(0x0000007b87a00000,0x0000007b87b00000)]
  0x00000238255716c0 JavaThread "Unconstrained build operations Thread 83" [_thread_blocked, id=4780, stack(0x0000007b87b00000,0x0000007b87c00000)]
  0x0000023825570280 JavaThread "Unconstrained build operations Thread 84" [_thread_blocked, id=14860, stack(0x0000007b87c00000,0x0000007b87d00000)]
  0x000002382556f350 JavaThread "Unconstrained build operations Thread 85" [_thread_blocked, id=23604, stack(0x0000007b87d00000,0x0000007b87e00000)]
  0x000002382556f860 JavaThread "Unconstrained build operations Thread 86" [_thread_blocked, id=17596, stack(0x0000007b87e00000,0x0000007b87f00000)]
  0x0000023825570790 JavaThread "Unconstrained build operations Thread 87" [_thread_blocked, id=22628, stack(0x0000007b87f00000,0x0000007b88000000)]
  0x000002382556df10 JavaThread "Unconstrained build operations Thread 88" [_thread_blocked, id=26260, stack(0x0000007b88000000,0x0000007b88100000)]
  0x0000023825571bd0 JavaThread "Unconstrained build operations Thread 89" [_thread_blocked, id=19512, stack(0x0000007b88100000,0x0000007b88200000)]
  0x0000023825572b00 JavaThread "Unconstrained build operations Thread 90" [_thread_blocked, id=19280, stack(0x0000007b88200000,0x0000007b88300000)]
  0x0000023825573010 JavaThread "Problems report writer" [_thread_blocked, id=12100, stack(0x0000007b88300000,0x0000007b88400000)]
  0x0000023825573520 JavaThread "Unconstrained build operations Thread 91" [_thread_blocked, id=23568, stack(0x0000007b88400000,0x0000007b88500000)]
  0x0000023825574e70 JavaThread "Unconstrained build operations Thread 92" [_thread_blocked, id=23236, stack(0x0000007b88500000,0x0000007b88600000)]
  0x00000238255720e0 JavaThread "Unconstrained build operations Thread 93" [_thread_blocked, id=19624, stack(0x0000007b88600000,0x0000007b88700000)]
  0x0000023823d812b0 JavaThread "Unconstrained build operations Thread 94" [_thread_blocked, id=25604, stack(0x0000007b88700000,0x0000007b88800000)]
  0x0000023823d80380 JavaThread "Unconstrained build operations Thread 95" [_thread_blocked, id=26448, stack(0x0000007b88800000,0x0000007b88900000)]
  0x0000023823d80da0 JavaThread "Unconstrained build operations Thread 96" [_thread_blocked, id=22692, stack(0x0000007b88900000,0x0000007b88a00000)]
  0x0000023823d83110 JavaThread "Unconstrained build operations Thread 97" [_thread_blocked, id=12156, stack(0x0000007b88a00000,0x0000007b88b00000)]
  0x0000023823d83620 JavaThread "Unconstrained build operations Thread 98" [_thread_blocked, id=9552, stack(0x0000007b88b00000,0x0000007b88c00000)]
  0x0000023823d7fe70 JavaThread "Unconstrained build operations Thread 99" [_thread_blocked, id=14520, stack(0x0000007b88c00000,0x0000007b88d00000)]
  0x0000023823d83b30 JavaThread "Unconstrained build operations Thread 100" [_thread_blocked, id=9796, stack(0x0000007b88d00000,0x0000007b88e00000)]
  0x0000023823d826f0 JavaThread "Unconstrained build operations Thread 101" [_thread_blocked, id=25712, stack(0x0000007b88e00000,0x0000007b88f00000)]
  0x0000023823d84550 JavaThread "Unconstrained build operations Thread 102" [_thread_blocked, id=18480, stack(0x0000007b88f00000,0x0000007b89000000)]
  0x0000023823d84a60 JavaThread "Unconstrained build operations Thread 103" [_thread_blocked, id=26208, stack(0x0000007b89000000,0x0000007b89100000)]
  0x0000023823d84f70 JavaThread "Unconstrained build operations Thread 104" [_thread_blocked, id=13888, stack(0x0000007b89100000,0x0000007b89200000)]
  0x0000023823d817c0 JavaThread "Unconstrained build operations Thread 105" [_thread_blocked, id=25432, stack(0x0000007b89200000,0x0000007b89300000)]
  0x0000023823d85480 JavaThread "Unconstrained build operations Thread 106" [_thread_blocked, id=11748, stack(0x0000007b89300000,0x0000007b89400000)]
  0x0000023823d85990 JavaThread "Unconstrained build operations Thread 107" [_thread_blocked, id=14132, stack(0x0000007b89400000,0x0000007b89500000)]
  0x0000023823d85ea0 JavaThread "Unconstrained build operations Thread 108" [_thread_blocked, id=26580, stack(0x0000007b89500000,0x0000007b89600000)]
  0x0000023823d872e0 JavaThread "Unconstrained build operations Thread 109" [_thread_blocked, id=11160, stack(0x0000007b89600000,0x0000007b89700000)]
  0x0000023823d863b0 JavaThread "Unconstrained build operations Thread 110" [_thread_blocked, id=21824, stack(0x0000007b89700000,0x0000007b89800000)]
  0x0000023823d868c0 JavaThread "Unconstrained build operations Thread 111" [_thread_blocked, id=24648, stack(0x0000007b89800000,0x0000007b89900000)]
  0x0000023823d86dd0 JavaThread "Unconstrained build operations Thread 112" [_thread_blocked, id=23832, stack(0x0000007b89900000,0x0000007b89a00000)]
  0x00000238276356f0 JavaThread "Unconstrained build operations Thread 113" [_thread_blocked, id=20172, stack(0x0000007b89a00000,0x0000007b89b00000)]
  0x0000023827636110 JavaThread "Unconstrained build operations Thread 114" [_thread_blocked, id=20864, stack(0x0000007b89b00000,0x0000007b89c00000)]
  0x00000238276347c0 JavaThread "Unconstrained build operations Thread 115" [_thread_blocked, id=12972, stack(0x0000007b89c00000,0x0000007b89d00000)]
  0x0000023827633da0 JavaThread "Unconstrained build operations Thread 116" [_thread_blocked, id=10456, stack(0x0000007b89d00000,0x0000007b89e00000)]
  0x00000238276342b0 JavaThread "Unconstrained build operations Thread 117" [_thread_blocked, id=12220, stack(0x0000007b89e00000,0x0000007b89f00000)]
  0x0000023827632e70 JavaThread "Unconstrained build operations Thread 118" [_thread_blocked, id=2116, stack(0x0000007b89f00000,0x0000007b8a000000)]
  0x0000023827635c00 JavaThread "Unconstrained build operations Thread 119" [_thread_blocked, id=2772, stack(0x0000007b8a000000,0x0000007b8a100000)]
  0x0000023827634cd0 JavaThread "Unconstrained build operations Thread 120" [_thread_blocked, id=13740, stack(0x0000007b8a100000,0x0000007b8a200000)]
  0x0000023827633380 JavaThread "Cache worker for execution history cache (C:\Users\USER\StudioProjects\thumstechs\android\.gradle\8.14\executionHistory)" [_thread_blocked, id=24440, stack(0x0000007b8ab00000,0x0000007b8ac00000)]
  0x0000023827637550 JavaThread "WorkerExecutor Queue Thread 2" [_thread_blocked, id=22112, stack(0x0000007b8ae00000,0x0000007b8af00000)]
  0x00000238276398c0 JavaThread "WorkerExecutor Queue Thread 3" [_thread_in_Java, id=26560, stack(0x0000007b8af00000,0x0000007b8b000000)]
  0x0000023829597a50 JavaThread "WorkerExecutor Queue Thread 5" [_thread_blocked, id=21832, stack(0x0000007b8b100000,0x0000007b8b200000)]
  0x00000238295998b0 JavaThread "WorkerExecutor Queue Thread 6" [_thread_blocked, id=1808, stack(0x0000007b8b200000,0x0000007b8b300000)]
  0x000002382959acf0 JavaThread "WorkerExecutor Queue Thread 7" [_thread_blocked, id=24672, stack(0x0000007b8b300000,0x0000007b8b400000)]
  0x0000023829598470 JavaThread "WorkerExecutor Queue Thread 8" [_thread_blocked, id=17692, stack(0x0000007b8b400000,0x0000007b8b500000)]
  0x0000023829598980 JavaThread "WorkerExecutor Queue Thread 10" [_thread_blocked, id=4416, stack(0x0000007b8b600000,0x0000007b8b700000)]
  0x000002382959cb50 JavaThread "WorkerExecutor Queue Thread 12" [_thread_in_Java, id=20344, stack(0x0000007b8b800000,0x0000007b8b900000)]
  0x00000237dda87af0 JavaThread "WorkerExecutor Queue Thread 13" [_thread_blocked, id=26044, stack(0x0000007b8cb00000,0x0000007b8cc00000)]
  0x000002382959e4a0 JavaThread "WorkerExecutor Queue Thread 15" [_thread_blocked, id=21344, stack(0x0000007b8b000000,0x0000007b8b100000)]
  0x00000238323216f0 JavaThread "Cache worker for Java compile cache (C:\Users\USER\.gradle\caches\8.14\javaCompile)" [_thread_blocked, id=11804, stack(0x0000007b8ba00000,0x0000007b8bb00000)]
  0x0000023832323f70 JavaThread "Build operations" [_thread_blocked, id=3884, stack(0x0000007b8bb00000,0x0000007b8bc00000)]
  0x00000238323207c0 JavaThread "Build operations Thread 2" [_thread_blocked, id=20768, stack(0x0000007b8bc00000,0x0000007b8bd00000)]
  0x0000023832320cd0 JavaThread "Build operations Thread 3" [_thread_blocked, id=16348, stack(0x0000007b8bd00000,0x0000007b8be00000)]
  0x0000023832324990 JavaThread "Build operations Thread 4" [_thread_blocked, id=4280, stack(0x0000007b8be00000,0x0000007b8bf00000)]
  0x00000238323211e0 JavaThread "Build operations Thread 5" [_thread_blocked, id=9916, stack(0x0000007b8bf00000,0x0000007b8c000000)]
  0x0000023832324ea0 JavaThread "Build operations Thread 6" [_thread_blocked, id=3048, stack(0x0000007b8c000000,0x0000007b8c100000)]
  0x00000238323258c0 JavaThread "Build operations Thread 7" [_thread_blocked, id=12316, stack(0x0000007b8c100000,0x0000007b8c200000)]
  0x00000238294bf5b0 JavaThread "Build operations Thread 8" [_thread_blocked, id=11728, stack(0x0000007b8c200000,0x0000007b8c300000)]
  0x00000238294bc310 JavaThread "Build operations Thread 9" [_thread_blocked, id=15676, stack(0x0000007b8c300000,0x0000007b8c400000)]
  0x00000238294bd240 JavaThread "Build operations Thread 10" [_thread_blocked, id=26180, stack(0x0000007b8c400000,0x0000007b8c500000)]
  0x00000238294bd750 JavaThread "Build operations Thread 11" [_thread_blocked, id=26564, stack(0x0000007b8c500000,0x0000007b8c600000)]
  0x000002382959df90 JavaThread "Build operations Thread 12" [_thread_blocked, id=7460, stack(0x0000007b8b900000,0x0000007b8ba00000)]
  0x0000023834c0f800 JavaThread "RMI Scheduler(0)" daemon [_thread_blocked, id=18800, stack(0x0000007b8aa00000,0x0000007b8ab00000)]
  0x0000023834c0ede0 JavaThread "RMI RenewClean-[127.0.0.1:17161,org.jetbrains.kotlin.daemon.common.LoopbackNetworkInterface$ClientLoopbackSocketFactory@603d70a]" daemon [_thread_blocked, id=10672, stack(0x0000007b8c700000,0x0000007b8c800000)]
  0x0000023834c0deb0 JavaThread "RMI GC Daemon" daemon [_thread_blocked, id=24688, stack(0x0000007b8c800000,0x0000007b8c900000)]
  0x0000023834c0fd10 JavaThread "RMI TCP Accept-0" daemon [_thread_in_native, id=22912, stack(0x0000007b8c900000,0x0000007b8ca00000)]
  0x0000023834c0f2f0 JavaThread "RMI Reaper" [_thread_blocked, id=7760, stack(0x0000007b8ca00000,0x0000007b8cb00000)]
  0x0000023834c134c0 JavaThread "ForkJoinPool-1-worker-1" daemon [_thread_blocked, id=24184, stack(0x0000007b8c600000,0x0000007b8c700000)]
  0x0000023834c11b70 JavaThread "ForkJoinPool-1-worker-2" daemon [_thread_blocked, id=14516, stack(0x0000007b8cf00000,0x0000007b8d000000)]
  0x0000023834c10730 JavaThread "ForkJoinPool-1-worker-3" daemon [_thread_blocked, id=8008, stack(0x0000007b8d000000,0x0000007b8d100000)]
  0x0000023834c139d0 JavaThread "ForkJoinPool-1-worker-5" daemon [_thread_blocked, id=25496, stack(0x0000007b8d200000,0x0000007b8d300000)]
  0x0000023834c14900 JavaThread "ForkJoinPool-1-worker-7" daemon [_thread_blocked, id=24972, stack(0x0000007b8d400000,0x0000007b8d500000)]
  0x0000023834c11150 JavaThread "ForkJoinPool-1-worker-8" daemon [_thread_blocked, id=9496, stack(0x0000007b8d500000,0x0000007b8d600000)]
  0x0000023834c11660 JavaThread "ForkJoinPool-1-worker-10" daemon [_thread_blocked, id=3780, stack(0x0000007b8d700000,0x0000007b8d800000)]
  0x0000023834c17180 JavaThread "RMI RenewClean-[127.0.0.1:17161,org.jetbrains.kotlin.daemon.common.LoopbackNetworkInterface$ClientLoopbackSocketFactory@6c6834c3]" daemon [_thread_blocked, id=24320, stack(0x0000007b8dc00000,0x0000007b8dd00000)]
  0x0000023834c16760 JavaThread "RMI RenewClean-[127.0.0.1:17161,org.jetbrains.kotlin.daemon.common.LoopbackNetworkInterface$ClientLoopbackSocketFactory@256ba94a]" daemon [_thread_blocked, id=23336, stack(0x0000007b8de00000,0x0000007b8df00000)]
  0x0000023834c16250 JavaThread "RMI RenewClean-[127.0.0.1:17161,org.jetbrains.kotlin.daemon.common.LoopbackNetworkInterface$ClientLoopbackSocketFactory@8e7f57f]" daemon [_thread_blocked, id=21888, stack(0x0000007b8dd00000,0x0000007b8de00000)]
  0x000002382959da80 JavaThread "RMI RenewClean-[127.0.0.1:17161,org.jetbrains.kotlin.daemon.common.LoopbackNetworkInterface$ClientLoopbackSocketFactory@4fe9b27]" daemon [_thread_blocked, id=14128, stack(0x0000007b8e500000,0x0000007b8e600000)]
  0x0000023834c17ba0 JavaThread "RMI RenewClean-[127.0.0.1:17161,org.jetbrains.kotlin.daemon.common.LoopbackNetworkInterface$ClientLoopbackSocketFactory@3defd708]" daemon [_thread_blocked, id=13952, stack(0x0000007b8e600000,0x0000007b8e700000)]
  0x0000023836527f20 JavaThread "ForkJoinPool-1-worker-13" daemon [_thread_blocked, id=24104, stack(0x0000007b8ac00000,0x0000007b8ad00000)]
  0x0000023836525bb0 JavaThread "ForkJoinPool-1-worker-14" daemon [_thread_blocked, id=22320, stack(0x0000007b8b700000,0x0000007b8b800000)]
  0x00000238365260c0 JavaThread "ForkJoinPool-1-worker-15" daemon [_thread_blocked, id=7040, stack(0x0000007b8cd00000,0x0000007b8ce00000)]
  0x0000023836528430 JavaThread "ForkJoinPool-1-worker-16" daemon [_thread_blocked, id=17628, stack(0x0000007b8ce00000,0x0000007b8cf00000)]
  0x000002383652c600 JavaThread "RMI TCP Connection(idle)" daemon [_thread_blocked, id=23728, stack(0x0000007b8da00000,0x0000007b8db00000)]
  0x000002383652b6d0 Thread [stack: 0x0000007b8ad00000,0x0000007b8ae00000] [id=24932]
  0x000002383652c0f0 JavaThread "ForkJoinPool-1-worker-17" daemon [_thread_blocked, id=6960, stack(0x0000007b8b500000,0x0000007b8b600000)]
  0x0000023836523840 JavaThread "WorkerExecutor Queue Thread 19" [_thread_blocked, id=24796, stack(0x0000007b8d100000,0x0000007b8d200000)]
  0x0000023836524c80 JavaThread "WorkerExecutor Queue Thread 20" [_thread_blocked, id=4244, stack(0x0000007b8cc00000,0x0000007b8cd00000)]
  0x000002383652cb10 JavaThread "Exec process Thread 13" [_thread_blocked, id=18324, stack(0x0000007b8d300000,0x0000007b8d400000)]
  0x0000023836529360 JavaThread "Exec process Thread 10" [_thread_blocked, id=26020, stack(0x0000007b8d600000,0x0000007b8d700000)]
  0x000002383652d020 JavaThread "Exec process Thread 11" [_thread_blocked, id=4440, stack(0x0000007b8db00000,0x0000007b8dc00000)]
  0x0000023836529870 JavaThread "Exec process Thread 15" [_thread_blocked, id=21180, stack(0x0000007b8df00000,0x0000007b8e000000)]
  0x000002383652d530 JavaThread "Exec process Thread 12" [_thread_blocked, id=26568, stack(0x0000007b8e000000,0x0000007b8e100000)]
  0x000002383652da40 JavaThread "Exec process Thread 16" [_thread_blocked, id=14288, stack(0x0000007b8e100000,0x0000007b8e200000)]
  0x0000023834c10220 JavaThread "Exec process Thread 17" [_thread_blocked, id=23428, stack(0x0000007b8e200000,0x0000007b8e300000)]
  0x0000023834c0cf80 JavaThread "Exec process Thread 18" [_thread_blocked, id=1256, stack(0x0000007b8e300000,0x0000007b8e400000)]
  0x0000023834c0e3c0 JavaThread "Exec process Thread 14" [_thread_blocked, id=7680, stack(0x0000007b8e400000,0x0000007b8e500000)]
  0x0000023834c0d9a0 JavaThread "Exec process Thread 19" [_thread_blocked, id=3948, stack(0x0000007b8e700000,0x0000007b8e800000)]
  0x0000023834c17690 JavaThread "Exec process Thread 20" [_thread_blocked, id=21456, stack(0x0000007b8e800000,0x0000007b8e900000)]
  0x0000023834c13ee0 JavaThread "Exec process Thread 21" [_thread_blocked, id=14536, stack(0x0000007b8e900000,0x0000007b8ea00000)]
  0x0000023834c16c70 JavaThread "Exec process Thread 22" [_thread_blocked, id=3032, stack(0x0000007b8ea00000,0x0000007b8eb00000)]
  0x0000023834c15830 JavaThread "Exec process Thread 23" [_thread_blocked, id=26460, stack(0x0000007b8eb00000,0x0000007b8ec00000)]
  0x0000023834c143f0 JavaThread "Exec process Thread 24" [_thread_blocked, id=1552, stack(0x0000007b8ec00000,0x0000007b8ed00000)]
  0x0000023834c14e10 JavaThread "Exec process Thread 25" [_thread_blocked, id=15488, stack(0x0000007b8ed00000,0x0000007b8ee00000)]
  0x0000023834c180b0 JavaThread "Exec process Thread 26" [_thread_blocked, id=20228, stack(0x0000007b8ee00000,0x0000007b8ef00000)]
  0x0000023834c15320 JavaThread "Exec process Thread 27" [_thread_blocked, id=24604, stack(0x0000007b8ef00000,0x0000007b8f000000)]
  0x0000023834c18fe0 JavaThread "Exec process Thread 28" [_thread_blocked, id=23780, stack(0x0000007b8f000000,0x0000007b8f100000)]
  0x0000023834c1a930 JavaThread "Exec process Thread 29" [_thread_blocked, id=23976, stack(0x0000007b8f100000,0x0000007b8f200000)]
  0x0000023834c19a00 JavaThread "Exec process Thread 30" [_thread_blocked, id=14716, stack(0x0000007b8f200000,0x0000007b8f300000)]
  0x0000023825573a30 JavaThread "Exec process Thread 31" [_thread_blocked, id=5260, stack(0x0000007b8f300000,0x0000007b8f400000)]
  0x0000023825574960 JavaThread "Exec process Thread 32" [_thread_blocked, id=25716, stack(0x0000007b8f400000,0x0000007b8f500000)]
  0x000002382959f3d0 JavaThread "Exec process Thread 33" [_thread_blocked, id=12152, stack(0x0000007b8f500000,0x0000007b8f600000)]
  0x000002382959c130 JavaThread "Exec process Thread 34" [_thread_blocked, id=25888, stack(0x0000007b8f600000,0x0000007b8f700000)]
  0x00000238244659c0 JavaThread "Exec process Thread 35" [_thread_blocked, id=9936, stack(0x0000007b8f700000,0x0000007b8f800000)]
  0x00000238244654b0 JavaThread "Exec process Thread 36" [_thread_blocked, id=2960, stack(0x0000007b8f800000,0x0000007b8f900000)]

Other Threads:
  0x00000237dd90bc00 VMThread "VM Thread" [stack: 0x0000007bf6d00000,0x0000007bf6e00000] [id=1936]
  0x00000237ddb3a370 WatcherThread [stack: 0x0000007bf7900000,0x0000007bf7a00000] [id=13340]
  0x000002379da5eb20 GCTaskThread "GC Thread#0" [stack: 0x0000007bf6800000,0x0000007bf6900000] [id=21784]
  0x00000237ddc79d80 GCTaskThread "GC Thread#1" [stack: 0x0000007bf7b00000,0x0000007bf7c00000] [id=24424]
  0x00000237ddcf72c0 GCTaskThread "GC Thread#2" [stack: 0x0000007bf7c00000,0x0000007bf7d00000] [id=3784]
  0x0000023823a0e940 GCTaskThread "GC Thread#3" [stack: 0x0000007bf7d00000,0x0000007bf7e00000] [id=21220]
  0x0000023823a0ec00 GCTaskThread "GC Thread#4" [stack: 0x0000007bf7e00000,0x0000007bf7f00000] [id=11676]
  0x00000238240c2170 GCTaskThread "GC Thread#5" [stack: 0x0000007bf7f00000,0x0000007bf8000000] [id=12540]
  0x0000023824e40c70 GCTaskThread "GC Thread#6" [stack: 0x0000007bf8c00000,0x0000007bf8d00000] [id=15612]
  0x00000238252208b0 GCTaskThread "GC Thread#7" [stack: 0x0000007bf8d00000,0x0000007bf8e00000] [id=2132]
  0x000002382476e540 GCTaskThread "GC Thread#8" [stack: 0x0000007bf8e00000,0x0000007bf8f00000] [id=9272]
  0x0000023824eb50f0 GCTaskThread "GC Thread#9" [stack: 0x0000007bf8f00000,0x0000007bf9000000] [id=1744]
  0x00000237dac71b30 ConcurrentGCThread "G1 Main Marker" [stack: 0x0000007bf6900000,0x0000007bf6a00000] [id=3448]
  0x00000237dac72460 ConcurrentGCThread "G1 Conc#0" [stack: 0x0000007bf6a00000,0x0000007bf6b00000] [id=21000]
  0x000002382867fb60 ConcurrentGCThread "G1 Conc#1" [stack: 0x0000007bf9400000,0x0000007bf9500000] [id=10016]
  0x000002382867fe20 ConcurrentGCThread "G1 Conc#2" [stack: 0x0000007bf9500000,0x0000007bf9600000] [id=22568]
  0x00000237dad286a0 ConcurrentGCThread "G1 Refine#0" [stack: 0x0000007bf6b00000,0x0000007bf6c00000] [id=21952]
  0x00000238253dad30 ConcurrentGCThread "G1 Refine#1" [stack: 0x0000007b83400000,0x0000007b83500000] [id=20332]
  0x0000023830882400 ConcurrentGCThread "G1 Refine#2" [stack: 0x0000007b8a200000,0x0000007b8a300000] [id=25464]
  0x000002383313eba0 ConcurrentGCThread "G1 Refine#3" [stack: 0x0000007b8a300000,0x0000007b8a400000] [id=10224]
  0x0000023830830910 ConcurrentGCThread "G1 Refine#4" [stack: 0x0000007b8a400000,0x0000007b8a500000] [id=13484]
  0x00000238308311e0 ConcurrentGCThread "G1 Refine#5" [stack: 0x0000007b8a500000,0x0000007b8a600000] [id=19868]
  0x0000023830026760 ConcurrentGCThread "G1 Refine#6" [stack: 0x0000007b8a600000,0x0000007b8a700000] [id=4308]
  0x0000023830994640 ConcurrentGCThread "G1 Refine#7" [stack: 0x0000007b8a700000,0x0000007b8a800000] [id=4388]
  0x000002383082f770 ConcurrentGCThread "G1 Refine#8" [stack: 0x0000007b8a800000,0x0000007b8a900000] [id=19744]
  0x00000238308832b0 ConcurrentGCThread "G1 Refine#9" [stack: 0x0000007b8a900000,0x0000007b8aa00000] [id=25408]
  0x00000237dad29e90 ConcurrentGCThread "G1 Service" [stack: 0x0000007bf6c00000,0x0000007bf6d00000] [id=24316]

Threads with active compile tasks:
C2 CompilerThread0  10701284 68215       4       com.android.tools.r8.internal.Yt0::a (736 bytes)

VM state: not at safepoint (normal execution)

VM Mutex/Monitor currently owned by a thread:  ([mutex/lock_event])
[0x000002379d9ab200] CompiledIC_lock - owner thread: 0x00000237dd942ab0

Heap address: 0x0000000600000000, size: 8192 MB, Compressed Oops mode: Zero based, Oop shift amount: 3

CDS archive(s) mapped at: [0x00000237de000000-0x00000237debb0000-0x00000237debb0000), size 12255232, SharedBaseAddress: 0x00000237de000000, ArchiveRelocationMode: 1.
Compressed class space mapped at: 0x00000237df000000-0x000002381f000000, reserved size: 1073741824
Narrow klass base: 0x00000237de000000, Narrow klass shift: 0, Narrow klass range: 0x100000000

GC Precious Log:
 CPUs: 12 total, 12 available
 Memory: 7710M
 Large Page Support: Disabled
 NUMA Support: Disabled
 Compressed Oops: Enabled (Zero based)
 Heap Region Size: 4M
 Heap Min Capacity: 8M
 Heap Initial Capacity: 124M
 Heap Max Capacity: 8G
 Pre-touch: Disabled
 Parallel Workers: 10
 Concurrent Workers: 3
 Concurrent Refinement Workers: 10
 Periodic GC: Disabled

Heap:
 garbage-first heap   total 7565312K, used 2439663K [0x0000000600000000, 0x0000000800000000)
  region size 4096K, 23 young (94208K), 12 survivors (49152K)
 Metaspace       used 218514K, committed 221696K, reserved 1245184K
  class space    used 28207K, committed 29632K, reserved 1048576K

Heap Regions: E=young(eden), S=young(survivor), O=old, HS=humongous(starts), HC=humongous(continues), CS=collection set, F=free, OA=open archive, CA=closed archive, TAMS=top-at-mark-start (previous, next)
|   0|0x0000000600000000, 0x0000000600400000, 0x0000000600400000|100%|HS|  |TAMS 0x0000000600400000, 0x0000000600000000| Untracked 
|   1|0x0000000600400000, 0x00000006007ffff0, 0x0000000600800000| 99%| O|  |TAMS 0x0000000600400000, 0x0000000600400000| Untracked 
|   2|0x0000000600800000, 0x0000000600c00000, 0x0000000600c00000|100%| O|  |TAMS 0x0000000600c00000, 0x0000000600800000| Untracked 
|   3|0x0000000600c00000, 0x0000000601000000, 0x0000000601000000|100%| O|  |TAMS 0x0000000601000000, 0x0000000600c00000| Untracked 
|   4|0x0000000601000000, 0x0000000601400000, 0x0000000601400000|100%| O|  |TAMS 0x0000000601000000, 0x0000000601000000| Untracked 
|   5|0x0000000601400000, 0x0000000601800000, 0x0000000601800000|100%| O|  |TAMS 0x0000000601400000, 0x0000000601400000| Untracked 
|   6|0x0000000601800000, 0x0000000601bf9a08, 0x0000000601c00000| 99%| O|  |TAMS 0x0000000601800000, 0x0000000601800000| Untracked 
|   7|0x0000000601c00000, 0x0000000601fffff0, 0x0000000602000000| 99%| O|  |TAMS 0x0000000601c00000, 0x0000000601c00000| Untracked 
|   8|0x0000000602000000, 0x00000006023ff6c0, 0x0000000602400000| 99%| O|  |TAMS 0x0000000602000000, 0x0000000602000000| Untracked 
|   9|0x0000000602400000, 0x00000006026b0438, 0x0000000602800000| 67%| O|  |TAMS 0x0000000602400000, 0x0000000602400000| Untracked 
|  10|0x0000000602800000, 0x0000000602bffff8, 0x0000000602c00000| 99%| O|  |TAMS 0x0000000602800000, 0x0000000602800000| Untracked 
|  11|0x0000000602c00000, 0x0000000602fffff8, 0x0000000603000000| 99%| O|  |TAMS 0x0000000602c00000, 0x0000000602c00000| Untracked 
|  12|0x0000000603000000, 0x00000006033faed0, 0x0000000603400000| 99%| O|  |TAMS 0x0000000603000000, 0x0000000603000000| Untracked 
|  13|0x0000000603400000, 0x0000000603800000, 0x0000000603800000|100%| O|  |TAMS 0x0000000603400000, 0x0000000603400000| Untracked 
|  14|0x0000000603800000, 0x0000000603bfd520, 0x0000000603c00000| 99%| O|  |TAMS 0x0000000603800000, 0x0000000603800000| Untracked 
|  15|0x0000000603c00000, 0x0000000603fccdf8, 0x0000000604000000| 95%| O|  |TAMS 0x0000000603c00000, 0x0000000603c00000| Untracked 
|  16|0x0000000604000000, 0x00000006043ffff0, 0x0000000604400000| 99%| O|  |TAMS 0x0000000604000000, 0x0000000604000000| Untracked 
|  17|0x0000000604400000, 0x00000006047fffe0, 0x0000000604800000| 99%| O|  |TAMS 0x0000000604400000, 0x0000000604400000| Untracked 
|  18|0x0000000604800000, 0x0000000604b44ba0, 0x0000000604c00000| 81%| O|  |TAMS 0x0000000604800000, 0x0000000604800000| Untracked 
|  19|0x0000000604c00000, 0x0000000604f865e8, 0x0000000605000000| 88%| O|  |TAMS 0x0000000604c00000, 0x0000000604c00000| Untracked 
|  20|0x0000000605000000, 0x00000006053f5eb0, 0x0000000605400000| 99%| O|  |TAMS 0x0000000605000000, 0x0000000605000000| Untracked 
|  21|0x0000000605400000, 0x0000000605770de0, 0x0000000605800000| 86%| O|  |TAMS 0x0000000605400000, 0x0000000605400000| Untracked 
|  22|0x0000000605800000, 0x0000000605bfffd8, 0x0000000605c00000| 99%| O|  |TAMS 0x0000000605800000, 0x0000000605800000| Untracked 
|  23|0x0000000605c00000, 0x0000000605ffffc8, 0x0000000606000000| 99%| O|  |TAMS 0x0000000605c00000, 0x0000000605c00000| Untracked 
|  24|0x0000000606000000, 0x00000006063ffff0, 0x0000000606400000| 99%| O|  |TAMS 0x0000000606000000, 0x0000000606000000| Untracked 
|  25|0x0000000606400000, 0x00000006067ffff0, 0x0000000606800000| 99%| O|  |TAMS 0x0000000606400000, 0x0000000606400000| Untracked 
|  26|0x0000000606800000, 0x0000000606bfffe0, 0x0000000606c00000| 99%| O|  |TAMS 0x0000000606800000, 0x0000000606800000| Untracked 
|  27|0x0000000606c00000, 0x0000000606fde120, 0x0000000607000000| 96%| O|  |TAMS 0x0000000606c00000, 0x0000000606c00000| Untracked 
|  28|0x0000000607000000, 0x00000006073fffe8, 0x0000000607400000| 99%| O|  |TAMS 0x0000000607000000, 0x0000000607000000| Untracked 
|  29|0x0000000607400000, 0x00000006077fff78, 0x0000000607800000| 99%| O|  |TAMS 0x0000000607400000, 0x0000000607400000| Untracked 
|  30|0x0000000607800000, 0x0000000607b8ec20, 0x0000000607c00000| 88%| O|  |TAMS 0x0000000607800000, 0x0000000607800000| Untracked 
|  31|0x0000000607c00000, 0x0000000608000000, 0x0000000608000000|100%| O|  |TAMS 0x0000000607c00000, 0x0000000607c00000| Untracked 
|  32|0x0000000608000000, 0x0000000608400000, 0x0000000608400000|100%| O|  |TAMS 0x0000000608000000, 0x0000000608000000| Untracked 
|  33|0x0000000608400000, 0x00000006087fd2e8, 0x0000000608800000| 99%| O|  |TAMS 0x0000000608400000, 0x0000000608400000| Untracked 
|  34|0x0000000608800000, 0x0000000608bffff0, 0x0000000608c00000| 99%| O|  |TAMS 0x0000000608800000, 0x0000000608800000| Untracked 
|  35|0x0000000608c00000, 0x0000000608fffff8, 0x0000000609000000| 99%| O|  |TAMS 0x0000000608c00000, 0x0000000608c00000| Untracked 
|  36|0x0000000609000000, 0x00000006093ffff0, 0x0000000609400000| 99%| O|  |TAMS 0x0000000609000000, 0x0000000609000000| Untracked 
|  37|0x0000000609400000, 0x00000006097fffe8, 0x0000000609800000| 99%| O|  |TAMS 0x0000000609400000, 0x0000000609400000| Untracked 
|  38|0x0000000609800000, 0x0000000609bffff8, 0x0000000609c00000| 99%| O|  |TAMS 0x0000000609800000, 0x0000000609800000| Untracked 
|  39|0x0000000609c00000, 0x0000000609fe6d70, 0x000000060a000000| 97%| O|  |TAMS 0x0000000609c00000, 0x0000000609c00000| Untracked 
|  40|0x000000060a000000, 0x000000060a3ffff0, 0x000000060a400000| 99%| O|  |TAMS 0x000000060a000000, 0x000000060a000000| Untracked 
|  41|0x000000060a400000, 0x000000060a800000, 0x000000060a800000|100%|HS|  |TAMS 0x000000060a800000, 0x000000060a400000| Untracked 
|  42|0x000000060a800000, 0x000000060ac00000, 0x000000060ac00000|100%| O|  |TAMS 0x000000060a800000, 0x000000060a800000| Untracked 
|  43|0x000000060ac00000, 0x000000060affdc20, 0x000000060b000000| 99%| O|  |TAMS 0x000000060ac00000, 0x000000060ac00000| Untracked 
|  44|0x000000060b000000, 0x000000060b3ffff0, 0x000000060b400000| 99%| O|  |TAMS 0x000000060b000000, 0x000000060b000000| Untracked 
|  45|0x000000060b400000, 0x000000060b7f5760, 0x000000060b800000| 98%| O|  |TAMS 0x000000060b400000, 0x000000060b400000| Untracked 
|  46|0x000000060b800000, 0x000000060bbffff8, 0x000000060bc00000| 99%| O|  |TAMS 0x000000060b800000, 0x000000060b800000| Untracked 
|  47|0x000000060bc00000, 0x000000060bfffff8, 0x000000060c000000| 99%| O|  |TAMS 0x000000060bc00000, 0x000000060bc00000| Untracked 
|  48|0x000000060c000000, 0x000000060c3ffff0, 0x000000060c400000| 99%| O|  |TAMS 0x000000060c000000, 0x000000060c000000| Untracked 
|  49|0x000000060c400000, 0x000000060c800000, 0x000000060c800000|100%| O|  |TAMS 0x000000060c400000, 0x000000060c400000| Untracked 
|  50|0x000000060c800000, 0x000000060cc00000, 0x000000060cc00000|100%| O|  |TAMS 0x000000060c800000, 0x000000060c800000| Untracked 
|  51|0x000000060cc00000, 0x000000060cfffff0, 0x000000060d000000| 99%| O|  |TAMS 0x000000060cc00000, 0x000000060cc00000| Untracked 
|  52|0x000000060d000000, 0x000000060d3ffff8, 0x000000060d400000| 99%| O|  |TAMS 0x000000060d000000, 0x000000060d000000| Untracked 
|  53|0x000000060d400000, 0x000000060d7ffff8, 0x000000060d800000| 99%| O|  |TAMS 0x000000060d400000, 0x000000060d400000| Untracked 
|  54|0x000000060d800000, 0x000000060dbfff68, 0x000000060dc00000| 99%| O|  |TAMS 0x000000060d800000, 0x000000060d800000| Untracked 
|  55|0x000000060dc00000, 0x000000060e000000, 0x000000060e000000|100%| O|  |TAMS 0x000000060dc00000, 0x000000060dc00000| Untracked 
|  56|0x000000060e000000, 0x000000060e3fffa8, 0x000000060e400000| 99%| O|  |TAMS 0x000000060e000000, 0x000000060e000000| Untracked 
|  57|0x000000060e400000, 0x000000060e800000, 0x000000060e800000|100%| O|  |TAMS 0x000000060e400000, 0x000000060e400000| Untracked 
|  58|0x000000060e800000, 0x000000060ebfffe8, 0x000000060ec00000| 99%| O|  |TAMS 0x000000060e800000, 0x000000060e800000| Untracked 
|  59|0x000000060ec00000, 0x000000060efffff0, 0x000000060f000000| 99%| O|  |TAMS 0x000000060ec00000, 0x000000060ec00000| Untracked 
|  60|0x000000060f000000, 0x000000060f3fffc8, 0x000000060f400000| 99%| O|  |TAMS 0x000000060f000000, 0x000000060f000000| Untracked 
|  61|0x000000060f400000, 0x000000060f7ffff8, 0x000000060f800000| 99%| O|  |TAMS 0x000000060f400000, 0x000000060f400000| Untracked 
|  62|0x000000060f800000, 0x000000060fc00000, 0x000000060fc00000|100%| O|  |TAMS 0x000000060f800000, 0x000000060f800000| Untracked 
|  63|0x000000060fc00000, 0x000000060fe67130, 0x0000000610000000| 60%| O|  |TAMS 0x000000060fc00000, 0x000000060fc00000| Untracked 
|  64|0x0000000610000000, 0x00000006102b4b50, 0x0000000610400000| 67%| O|  |TAMS 0x0000000610000000, 0x0000000610000000| Untracked 
|  65|0x0000000610400000, 0x00000006107fffa8, 0x0000000610800000| 99%| O|  |TAMS 0x0000000610400000, 0x0000000610400000| Untracked 
|  66|0x0000000610800000, 0x0000000610bffff0, 0x0000000610c00000| 99%| O|  |TAMS 0x0000000610800000, 0x0000000610800000| Untracked 
|  67|0x0000000610c00000, 0x0000000610ce1420, 0x0000000611000000| 21%| O|  |TAMS 0x0000000610c00000, 0x0000000610c00000| Untracked 
|  68|0x0000000611000000, 0x00000006112b1f38, 0x0000000611400000| 67%| O|  |TAMS 0x0000000611000000, 0x0000000611000000| Untracked 
|  69|0x0000000611400000, 0x0000000611701cc0, 0x0000000611800000| 75%| O|  |TAMS 0x0000000611400000, 0x0000000611400000| Untracked 
|  70|0x0000000611800000, 0x0000000611bffff0, 0x0000000611c00000| 99%| O|  |TAMS 0x0000000611800000, 0x0000000611800000| Untracked 
|  71|0x0000000611c00000, 0x0000000611d920c0, 0x0000000612000000| 39%| O|  |TAMS 0x0000000611c00000, 0x0000000611c00000| Untracked 
|  72|0x0000000612000000, 0x0000000612400000, 0x0000000612400000|100%| O|  |TAMS 0x0000000612000000, 0x0000000612000000| Untracked 
|  73|0x0000000612400000, 0x00000006124f4b60, 0x0000000612800000| 23%| O|  |TAMS 0x0000000612400000, 0x0000000612400000| Untracked 
|  74|0x0000000612800000, 0x0000000612afdf88, 0x0000000612c00000| 74%| O|  |TAMS 0x0000000612800000, 0x0000000612800000| Untracked 
|  75|0x0000000612c00000, 0x0000000612dec0b8, 0x0000000613000000| 48%| O|  |TAMS 0x0000000612c00000, 0x0000000612c00000| Untracked 
|  76|0x0000000613000000, 0x0000000613400000, 0x0000000613400000|100%| O|  |TAMS 0x0000000613000000, 0x0000000613000000| Untracked 
|  77|0x0000000613400000, 0x0000000613800000, 0x0000000613800000|100%| O|  |TAMS 0x0000000613400000, 0x0000000613400000| Untracked 
|  78|0x0000000613800000, 0x0000000613c00000, 0x0000000613c00000|100%| O|  |TAMS 0x0000000613800000, 0x0000000613800000| Untracked 
|  79|0x0000000613c00000, 0x0000000614000000, 0x0000000614000000|100%| O|  |TAMS 0x0000000613c00000, 0x0000000613c00000| Untracked 
|  80|0x0000000614000000, 0x0000000614400000, 0x0000000614400000|100%| O|  |TAMS 0x0000000614000000, 0x0000000614000000| Untracked 
|  81|0x0000000614400000, 0x00000006147ffff8, 0x0000000614800000| 99%| O|  |TAMS 0x0000000614400000, 0x0000000614400000| Untracked 
|  82|0x0000000614800000, 0x0000000614847e88, 0x0000000614c00000|  7%| O|  |TAMS 0x0000000614800000, 0x0000000614800000| Untracked 
|  83|0x0000000614c00000, 0x0000000615000000, 0x0000000615000000|100%| O|  |TAMS 0x0000000614c00000, 0x0000000614c00000| Untracked 
|  84|0x0000000615000000, 0x0000000615400000, 0x0000000615400000|100%| O|  |TAMS 0x0000000615000000, 0x0000000615000000| Untracked 
|  85|0x0000000615400000, 0x0000000615800000, 0x0000000615800000|100%| O|  |TAMS 0x0000000615400000, 0x0000000615400000| Untracked 
|  86|0x0000000615800000, 0x0000000615c00000, 0x0000000615c00000|100%| O|  |TAMS 0x0000000615800000, 0x0000000615800000| Untracked 
|  87|0x0000000615c00000, 0x0000000616000000, 0x0000000616000000|100%| O|  |TAMS 0x0000000615c00000, 0x0000000615c00000| Untracked 
|  88|0x0000000616000000, 0x0000000616400000, 0x0000000616400000|100%| O|  |TAMS 0x0000000616000000, 0x0000000616000000| Untracked 
|  89|0x0000000616400000, 0x0000000616800000, 0x0000000616800000|100%| O|  |TAMS 0x0000000616400000, 0x0000000616400000| Untracked 
|  90|0x0000000616800000, 0x0000000616c00000, 0x0000000616c00000|100%| O|  |TAMS 0x0000000616800000, 0x0000000616800000| Untracked 
|  91|0x0000000616c00000, 0x0000000617000000, 0x0000000617000000|100%| O|  |TAMS 0x0000000616c00000, 0x0000000616c00000| Untracked 
|  92|0x0000000617000000, 0x0000000617400000, 0x0000000617400000|100%| O|  |TAMS 0x0000000617000000, 0x0000000617000000| Untracked 
|  93|0x0000000617400000, 0x0000000617800000, 0x0000000617800000|100%| O|  |TAMS 0x0000000617400000, 0x0000000617400000| Untracked 
|  94|0x0000000617800000, 0x0000000617c00000, 0x0000000617c00000|100%| O|  |TAMS 0x0000000617800000, 0x0000000617800000| Untracked 
|  95|0x0000000617c00000, 0x0000000618000000, 0x0000000618000000|100%| O|  |TAMS 0x0000000617c00000, 0x0000000617c00000| Untracked 
|  96|0x0000000618000000, 0x0000000618400000, 0x0000000618400000|100%| O|  |TAMS 0x0000000618000000, 0x0000000618000000| Untracked 
|  97|0x0000000618400000, 0x0000000618800000, 0x0000000618800000|100%| O|  |TAMS 0x0000000618400000, 0x0000000618400000| Untracked 
|  98|0x0000000618800000, 0x000000061892e350, 0x0000000618c00000| 29%| O|  |TAMS 0x0000000618800000, 0x0000000618800000| Untracked 
|  99|0x0000000618c00000, 0x0000000619000000, 0x0000000619000000|100%| O|  |TAMS 0x0000000618c00000, 0x0000000618c00000| Untracked 
| 100|0x0000000619000000, 0x0000000619400000, 0x0000000619400000|100%| O|  |TAMS 0x0000000619000000, 0x0000000619000000| Untracked 
| 101|0x0000000619400000, 0x0000000619800000, 0x0000000619800000|100%| O|  |TAMS 0x0000000619400000, 0x0000000619400000| Untracked 
| 102|0x0000000619800000, 0x0000000619c00000, 0x0000000619c00000|100%| O|  |TAMS 0x0000000619800000, 0x0000000619800000| Untracked 
| 103|0x0000000619c00000, 0x000000061a000000, 0x000000061a000000|100%| O|  |TAMS 0x0000000619c00000, 0x0000000619c00000| Untracked 
| 104|0x000000061a000000, 0x000000061a400000, 0x000000061a400000|100%| O|  |TAMS 0x000000061a000000, 0x000000061a000000| Untracked 
| 105|0x000000061a400000, 0x000000061a800000, 0x000000061a800000|100%| O|  |TAMS 0x000000061a400000, 0x000000061a400000| Untracked 
| 106|0x000000061a800000, 0x000000061ac00000, 0x000000061ac00000|100%| O|  |TAMS 0x000000061a800000, 0x000000061a800000| Untracked 
| 107|0x000000061ac00000, 0x000000061b000000, 0x000000061b000000|100%| O|  |TAMS 0x000000061ac00000, 0x000000061ac00000| Untracked 
| 108|0x000000061b000000, 0x000000061b400000, 0x000000061b400000|100%| O|  |TAMS 0x000000061b000000, 0x000000061b000000| Untracked 
| 109|0x000000061b400000, 0x000000061b800000, 0x000000061b800000|100%| O|  |TAMS 0x000000061b400000, 0x000000061b400000| Untracked 
| 110|0x000000061b800000, 0x000000061bc00000, 0x000000061bc00000|100%| O|  |TAMS 0x000000061b800000, 0x000000061b800000| Untracked 
| 111|0x000000061bc00000, 0x000000061c000000, 0x000000061c000000|100%| O|  |TAMS 0x000000061bc00000, 0x000000061bc00000| Untracked 
| 112|0x000000061c000000, 0x000000061c400000, 0x000000061c400000|100%| O|  |TAMS 0x000000061c000000, 0x000000061c000000| Untracked 
| 113|0x000000061c400000, 0x000000061c800000, 0x000000061c800000|100%| O|  |TAMS 0x000000061c400000, 0x000000061c400000| Untracked 
| 114|0x000000061c800000, 0x000000061cc00000, 0x000000061cc00000|100%| O|  |TAMS 0x000000061c800000, 0x000000061c800000| Untracked 
| 115|0x000000061cc00000, 0x000000061d000000, 0x000000061d000000|100%| O|  |TAMS 0x000000061cc00000, 0x000000061cc00000| Untracked 
| 116|0x000000061d000000, 0x000000061d400000, 0x000000061d400000|100%| O|  |TAMS 0x000000061d000000, 0x000000061d000000| Untracked 
| 117|0x000000061d400000, 0x000000061d800000, 0x000000061d800000|100%| O|  |TAMS 0x000000061d400000, 0x000000061d400000| Untracked 
| 118|0x000000061d800000, 0x000000061dc00000, 0x000000061dc00000|100%| O|  |TAMS 0x000000061d800000, 0x000000061d800000| Untracked 
| 119|0x000000061dc00000, 0x000000061e000000, 0x000000061e000000|100%| O|  |TAMS 0x000000061dc00000, 0x000000061dc00000| Untracked 
| 120|0x000000061e000000, 0x000000061e400000, 0x000000061e400000|100%| O|  |TAMS 0x000000061e000000, 0x000000061e000000| Untracked 
| 121|0x000000061e400000, 0x000000061e800000, 0x000000061e800000|100%| O|  |TAMS 0x000000061e400000, 0x000000061e400000| Untracked 
| 122|0x000000061e800000, 0x000000061ec00000, 0x000000061ec00000|100%| O|  |TAMS 0x000000061e800000, 0x000000061e800000| Untracked 
| 123|0x000000061ec00000, 0x000000061f000000, 0x000000061f000000|100%| O|  |TAMS 0x000000061ec00000, 0x000000061ec00000| Untracked 
| 124|0x000000061f000000, 0x000000061f400000, 0x000000061f400000|100%| O|  |TAMS 0x000000061f000000, 0x000000061f000000| Untracked 
| 125|0x000000061f400000, 0x000000061f800000, 0x000000061f800000|100%| O|  |TAMS 0x000000061f400000, 0x000000061f400000| Untracked 
| 126|0x000000061f800000, 0x000000061fc00000, 0x000000061fc00000|100%| O|  |TAMS 0x000000061f800000, 0x000000061f800000| Untracked 
| 127|0x000000061fc00000, 0x0000000620000000, 0x0000000620000000|100%| O|  |TAMS 0x000000061fc00000, 0x000000061fc00000| Untracked 
| 128|0x0000000620000000, 0x0000000620400000, 0x0000000620400000|100%| O|  |TAMS 0x0000000620000000, 0x0000000620000000| Untracked 
| 129|0x0000000620400000, 0x0000000620800000, 0x0000000620800000|100%| O|  |TAMS 0x0000000620400000, 0x0000000620400000| Untracked 
| 130|0x0000000620800000, 0x0000000620c00000, 0x0000000620c00000|100%| O|  |TAMS 0x0000000620800000, 0x0000000620800000| Untracked 
| 131|0x0000000620c00000, 0x0000000621000000, 0x0000000621000000|100%| O|  |TAMS 0x0000000620c00000, 0x0000000620c00000| Untracked 
| 132|0x0000000621000000, 0x0000000621400000, 0x0000000621400000|100%| O|  |TAMS 0x0000000621000000, 0x0000000621000000| Untracked 
| 133|0x0000000621400000, 0x0000000621800000, 0x0000000621800000|100%| O|  |TAMS 0x0000000621400000, 0x0000000621400000| Untracked 
| 134|0x0000000621800000, 0x0000000621c00000, 0x0000000621c00000|100%| O|  |TAMS 0x0000000621800000, 0x0000000621800000| Untracked 
| 135|0x0000000621c00000, 0x0000000622000000, 0x0000000622000000|100%| O|  |TAMS 0x0000000621c00000, 0x0000000621c00000| Untracked 
| 136|0x0000000622000000, 0x0000000622400000, 0x0000000622400000|100%| O|  |TAMS 0x0000000622000000, 0x0000000622000000| Untracked 
| 137|0x0000000622400000, 0x0000000622800000, 0x0000000622800000|100%| O|  |TAMS 0x0000000622400000, 0x0000000622400000| Untracked 
| 138|0x0000000622800000, 0x0000000622c00000, 0x0000000622c00000|100%| O|  |TAMS 0x0000000622800000, 0x0000000622800000| Untracked 
| 139|0x0000000622c00000, 0x0000000623000000, 0x0000000623000000|100%| O|  |TAMS 0x0000000622c00000, 0x0000000622c00000| Untracked 
| 140|0x0000000623000000, 0x0000000623400000, 0x0000000623400000|100%| O|  |TAMS 0x0000000623000000, 0x0000000623000000| Untracked 
| 141|0x0000000623400000, 0x0000000623800000, 0x0000000623800000|100%| O|  |TAMS 0x0000000623400000, 0x0000000623400000| Untracked 
| 142|0x0000000623800000, 0x0000000623c00000, 0x0000000623c00000|100%| O|  |TAMS 0x0000000623800000, 0x0000000623800000| Untracked 
| 143|0x0000000623c00000, 0x0000000624000000, 0x0000000624000000|100%| O|  |TAMS 0x0000000623c00000, 0x0000000623c00000| Untracked 
| 144|0x0000000624000000, 0x0000000624400000, 0x0000000624400000|100%| O|  |TAMS 0x0000000624400000, 0x0000000624000000| Untracked 
| 145|0x0000000624400000, 0x0000000624800000, 0x0000000624800000|100%| O|  |TAMS 0x0000000624400000, 0x0000000624400000| Untracked 
| 146|0x0000000624800000, 0x0000000624c00000, 0x0000000624c00000|100%| O|  |TAMS 0x0000000624800000, 0x0000000624800000| Untracked 
| 147|0x0000000624c00000, 0x0000000625000000, 0x0000000625000000|100%| O|  |TAMS 0x0000000624c00000, 0x0000000624c00000| Untracked 
| 148|0x0000000625000000, 0x0000000625400000, 0x0000000625400000|100%| O|  |TAMS 0x0000000625400000, 0x0000000625000000| Untracked 
| 149|0x0000000625400000, 0x0000000625800000, 0x0000000625800000|100%| O|  |TAMS 0x0000000625800000, 0x0000000625400000| Untracked 
| 150|0x0000000625800000, 0x0000000625c00000, 0x0000000625c00000|100%| O|  |TAMS 0x0000000625c00000, 0x0000000625800000| Untracked 
| 151|0x0000000625c00000, 0x0000000626000000, 0x0000000626000000|100%| O|  |TAMS 0x0000000626000000, 0x0000000625c00000| Untracked 
| 152|0x0000000626000000, 0x0000000626400000, 0x0000000626400000|100%| O|  |TAMS 0x0000000626000000, 0x0000000626000000| Untracked 
| 153|0x0000000626400000, 0x0000000626800000, 0x0000000626800000|100%| O|  |TAMS 0x0000000626400000, 0x0000000626400000| Untracked 
| 154|0x0000000626800000, 0x0000000626c00000, 0x0000000626c00000|100%| O|  |TAMS 0x0000000626800000, 0x0000000626800000| Untracked 
| 155|0x0000000626c00000, 0x0000000627000000, 0x0000000627000000|100%| O|  |TAMS 0x0000000626c00000, 0x0000000626c00000| Untracked 
| 156|0x0000000627000000, 0x0000000627400000, 0x0000000627400000|100%| O|  |TAMS 0x0000000627000000, 0x0000000627000000| Untracked 
| 157|0x0000000627400000, 0x0000000627800000, 0x0000000627800000|100%| O|  |TAMS 0x0000000627800000, 0x0000000627400000| Untracked 
| 158|0x0000000627800000, 0x0000000627c00000, 0x0000000627c00000|100%| O|  |TAMS 0x0000000627800000, 0x0000000627800000| Untracked 
| 159|0x0000000627c00000, 0x0000000628000000, 0x0000000628000000|100%| O|  |TAMS 0x0000000628000000, 0x0000000627c00000| Untracked 
| 160|0x0000000628000000, 0x0000000628400000, 0x0000000628400000|100%| O|  |TAMS 0x0000000628000000, 0x0000000628000000| Untracked 
| 161|0x0000000628400000, 0x0000000628800000, 0x0000000628800000|100%| O|  |TAMS 0x0000000628800000, 0x0000000628400000| Untracked 
| 162|0x0000000628800000, 0x0000000628c00000, 0x0000000628c00000|100%| O|  |TAMS 0x0000000628800000, 0x0000000628800000| Untracked 
| 163|0x0000000628c00000, 0x0000000629000000, 0x0000000629000000|100%| O|  |TAMS 0x0000000628c00000, 0x0000000628c00000| Untracked 
| 164|0x0000000629000000, 0x0000000629400000, 0x0000000629400000|100%| O|  |TAMS 0x0000000629400000, 0x0000000629000000| Untracked 
| 165|0x0000000629400000, 0x0000000629800000, 0x0000000629800000|100%| O|  |TAMS 0x0000000629800000, 0x0000000629400000| Untracked 
| 166|0x0000000629800000, 0x0000000629c00000, 0x0000000629c00000|100%| O|  |TAMS 0x0000000629c00000, 0x0000000629800000| Untracked 
| 167|0x0000000629c00000, 0x000000062a000000, 0x000000062a000000|100%| O|  |TAMS 0x000000062a000000, 0x0000000629c00000| Untracked 
| 168|0x000000062a000000, 0x000000062a400000, 0x000000062a400000|100%| O|  |TAMS 0x000000062a000000, 0x000000062a000000| Untracked 
| 169|0x000000062a400000, 0x000000062a800000, 0x000000062a800000|100%| O|  |TAMS 0x000000062a400000, 0x000000062a400000| Untracked 
| 170|0x000000062a800000, 0x000000062ac00000, 0x000000062ac00000|100%| O|  |TAMS 0x000000062ac00000, 0x000000062a800000| Untracked 
| 171|0x000000062ac00000, 0x000000062b000000, 0x000000062b000000|100%| O|  |TAMS 0x000000062b000000, 0x000000062ac00000| Untracked 
| 172|0x000000062b000000, 0x000000062b400000, 0x000000062b400000|100%| O|  |TAMS 0x000000062b400000, 0x000000062b000000| Untracked 
| 173|0x000000062b400000, 0x000000062b800000, 0x000000062b800000|100%| O|  |TAMS 0x000000062b400000, 0x000000062b400000| Untracked 
| 174|0x000000062b800000, 0x000000062bc00000, 0x000000062bc00000|100%| O|  |TAMS 0x000000062b800000, 0x000000062b800000| Untracked 
| 175|0x000000062bc00000, 0x000000062c000000, 0x000000062c000000|100%| O|  |TAMS 0x000000062bc00000, 0x000000062bc00000| Untracked 
| 176|0x000000062c000000, 0x000000062c400000, 0x000000062c400000|100%| O|  |TAMS 0x000000062c400000, 0x000000062c000000| Untracked 
| 177|0x000000062c400000, 0x000000062c800000, 0x000000062c800000|100%| O|  |TAMS 0x000000062c800000, 0x000000062c400000| Untracked 
| 178|0x000000062c800000, 0x000000062cc00000, 0x000000062cc00000|100%| O|  |TAMS 0x000000062cc00000, 0x000000062c800000| Untracked 
| 179|0x000000062cc00000, 0x000000062d000000, 0x000000062d000000|100%| O|  |TAMS 0x000000062d000000, 0x000000062cc00000| Untracked 
| 180|0x000000062d000000, 0x000000062d400000, 0x000000062d400000|100%| O|  |TAMS 0x000000062d000000, 0x000000062d000000| Untracked 
| 181|0x000000062d400000, 0x000000062d800000, 0x000000062d800000|100%| O|  |TAMS 0x000000062d400000, 0x000000062d400000| Untracked 
| 182|0x000000062d800000, 0x000000062dc00000, 0x000000062dc00000|100%| O|  |TAMS 0x000000062d800000, 0x000000062d800000| Untracked 
| 183|0x000000062dc00000, 0x000000062e000000, 0x000000062e000000|100%| O|  |TAMS 0x000000062dc00000, 0x000000062dc00000| Untracked 
| 184|0x000000062e000000, 0x000000062e400000, 0x000000062e400000|100%| O|  |TAMS 0x000000062e000000, 0x000000062e000000| Untracked 
| 185|0x000000062e400000, 0x000000062e800000, 0x000000062e800000|100%| O|  |TAMS 0x000000062e400000, 0x000000062e400000| Untracked 
| 186|0x000000062e800000, 0x000000062ec00000, 0x000000062ec00000|100%| O|  |TAMS 0x000000062e800000, 0x000000062e800000| Untracked 
| 187|0x000000062ec00000, 0x000000062f000000, 0x000000062f000000|100%|HS|  |TAMS 0x000000062f000000, 0x000000062ec00000| Untracked 
| 188|0x000000062f000000, 0x000000062f400000, 0x000000062f400000|100%|HC|  |TAMS 0x000000062f400000, 0x000000062f000000| Untracked 
| 189|0x000000062f400000, 0x000000062f800000, 0x000000062f800000|100%| O|  |TAMS 0x000000062f400000, 0x000000062f400000| Untracked 
| 190|0x000000062f800000, 0x000000062fc00000, 0x000000062fc00000|100%| O|  |TAMS 0x000000062f800000, 0x000000062f800000| Untracked 
| 191|0x000000062fc00000, 0x0000000630000000, 0x0000000630000000|100%| O|  |TAMS 0x000000062fc00000, 0x000000062fc00000| Untracked 
| 192|0x0000000630000000, 0x0000000630400000, 0x0000000630400000|100%| O|  |TAMS 0x0000000630000000, 0x0000000630000000| Untracked 
| 193|0x0000000630400000, 0x0000000630800000, 0x0000000630800000|100%|HS|  |TAMS 0x0000000630800000, 0x0000000630400000| Untracked 
| 194|0x0000000630800000, 0x0000000630c00000, 0x0000000630c00000|100%| O|  |TAMS 0x0000000630800000, 0x0000000630800000| Untracked 
| 195|0x0000000630c00000, 0x0000000631000000, 0x0000000631000000|100%| O|  |TAMS 0x0000000630c00000, 0x0000000630c00000| Untracked 
| 196|0x0000000631000000, 0x0000000631400000, 0x0000000631400000|100%| O|  |TAMS 0x0000000631000000, 0x0000000631000000| Untracked 
| 197|0x0000000631400000, 0x0000000631800000, 0x0000000631800000|100%| O|  |TAMS 0x0000000631400000, 0x0000000631400000| Untracked 
| 198|0x0000000631800000, 0x0000000631c00000, 0x0000000631c00000|100%| O|  |TAMS 0x0000000631800000, 0x0000000631800000| Untracked 
| 199|0x0000000631c00000, 0x0000000632000000, 0x0000000632000000|100%| O|  |TAMS 0x0000000631c00000, 0x0000000631c00000| Untracked 
| 200|0x0000000632000000, 0x0000000632400000, 0x0000000632400000|100%| O|  |TAMS 0x0000000632000000, 0x0000000632000000| Untracked 
| 201|0x0000000632400000, 0x0000000632800000, 0x0000000632800000|100%| O|  |TAMS 0x0000000632400000, 0x0000000632400000| Untracked 
| 202|0x0000000632800000, 0x0000000632c00000, 0x0000000632c00000|100%| O|  |TAMS 0x0000000632800000, 0x0000000632800000| Untracked 
| 203|0x0000000632c00000, 0x0000000633000000, 0x0000000633000000|100%| O|  |TAMS 0x0000000632c00000, 0x0000000632c00000| Untracked 
| 204|0x0000000633000000, 0x0000000633400000, 0x0000000633400000|100%| O|  |TAMS 0x0000000633000000, 0x0000000633000000| Untracked 
| 205|0x0000000633400000, 0x0000000633800000, 0x0000000633800000|100%| O|  |TAMS 0x0000000633400000, 0x0000000633400000| Untracked 
| 206|0x0000000633800000, 0x0000000633c00000, 0x0000000633c00000|100%| O|  |TAMS 0x0000000633800000, 0x0000000633800000| Untracked 
| 207|0x0000000633c00000, 0x0000000634000000, 0x0000000634000000|100%| O|  |TAMS 0x0000000633c00000, 0x0000000633c00000| Untracked 
| 208|0x0000000634000000, 0x0000000634400000, 0x0000000634400000|100%| O|  |TAMS 0x0000000634000000, 0x0000000634000000| Untracked 
| 209|0x0000000634400000, 0x0000000634800000, 0x0000000634800000|100%| O|  |TAMS 0x0000000634400000, 0x0000000634400000| Untracked 
| 210|0x0000000634800000, 0x0000000634c00000, 0x0000000634c00000|100%| O|  |TAMS 0x0000000634800000, 0x0000000634800000| Untracked 
| 211|0x0000000634c00000, 0x0000000635000000, 0x0000000635000000|100%| O|  |TAMS 0x0000000634c00000, 0x0000000634c00000| Untracked 
| 212|0x0000000635000000, 0x0000000635400000, 0x0000000635400000|100%| O|  |TAMS 0x0000000635000000, 0x0000000635000000| Untracked 
| 213|0x0000000635400000, 0x0000000635800000, 0x0000000635800000|100%| O|  |TAMS 0x0000000635400000, 0x0000000635400000| Untracked 
| 214|0x0000000635800000, 0x0000000635c00000, 0x0000000635c00000|100%| O|  |TAMS 0x0000000635800000, 0x0000000635800000| Untracked 
| 215|0x0000000635c00000, 0x0000000636000000, 0x0000000636000000|100%| O|  |TAMS 0x0000000635c00000, 0x0000000635c00000| Untracked 
| 216|0x0000000636000000, 0x0000000636400000, 0x0000000636400000|100%| O|  |TAMS 0x0000000636000000, 0x0000000636000000| Untracked 
| 217|0x0000000636400000, 0x0000000636800000, 0x0000000636800000|100%| O|  |TAMS 0x0000000636400000, 0x0000000636400000| Untracked 
| 218|0x0000000636800000, 0x0000000636c00000, 0x0000000636c00000|100%| O|  |TAMS 0x0000000636800000, 0x0000000636800000| Untracked 
| 219|0x0000000636c00000, 0x0000000637000000, 0x0000000637000000|100%| O|  |TAMS 0x0000000636c00000, 0x0000000636c00000| Untracked 
| 220|0x0000000637000000, 0x0000000637400000, 0x0000000637400000|100%| O|  |TAMS 0x0000000637000000, 0x0000000637000000| Untracked 
| 221|0x0000000637400000, 0x0000000637800000, 0x0000000637800000|100%| O|  |TAMS 0x0000000637400000, 0x0000000637400000| Untracked 
| 222|0x0000000637800000, 0x0000000637c00000, 0x0000000637c00000|100%| O|  |TAMS 0x0000000637800000, 0x0000000637800000| Untracked 
| 223|0x0000000637c00000, 0x0000000638000000, 0x0000000638000000|100%| O|  |TAMS 0x0000000637c00000, 0x0000000637c00000| Untracked 
| 224|0x0000000638000000, 0x0000000638400000, 0x0000000638400000|100%| O|  |TAMS 0x0000000638000000, 0x0000000638000000| Untracked 
| 225|0x0000000638400000, 0x0000000638800000, 0x0000000638800000|100%| O|  |TAMS 0x0000000638400000, 0x0000000638400000| Untracked 
| 226|0x0000000638800000, 0x0000000638c00000, 0x0000000638c00000|100%| O|  |TAMS 0x0000000638800000, 0x0000000638800000| Untracked 
| 227|0x0000000638c00000, 0x0000000639000000, 0x0000000639000000|100%| O|  |TAMS 0x0000000638c00000, 0x0000000638c00000| Untracked 
| 228|0x0000000639000000, 0x0000000639400000, 0x0000000639400000|100%| O|  |TAMS 0x0000000639000000, 0x0000000639000000| Untracked 
| 229|0x0000000639400000, 0x0000000639800000, 0x0000000639800000|100%| O|  |TAMS 0x0000000639400000, 0x0000000639400000| Untracked 
| 230|0x0000000639800000, 0x0000000639c00000, 0x0000000639c00000|100%| O|  |TAMS 0x0000000639800000, 0x0000000639800000| Untracked 
| 231|0x0000000639c00000, 0x000000063a000000, 0x000000063a000000|100%| O|  |TAMS 0x0000000639c00000, 0x0000000639c00000| Untracked 
| 232|0x000000063a000000, 0x000000063a400000, 0x000000063a400000|100%| O|  |TAMS 0x000000063a000000, 0x000000063a000000| Untracked 
| 233|0x000000063a400000, 0x000000063a800000, 0x000000063a800000|100%| O|  |TAMS 0x000000063a400000, 0x000000063a400000| Untracked 
| 234|0x000000063a800000, 0x000000063ac00000, 0x000000063ac00000|100%| O|  |TAMS 0x000000063a800000, 0x000000063a800000| Untracked 
| 235|0x000000063ac00000, 0x000000063b000000, 0x000000063b000000|100%| O|  |TAMS 0x000000063ac00000, 0x000000063ac00000| Untracked 
| 236|0x000000063b000000, 0x000000063b400000, 0x000000063b400000|100%| O|  |TAMS 0x000000063b000000, 0x000000063b000000| Untracked 
| 237|0x000000063b400000, 0x000000063b800000, 0x000000063b800000|100%| O|  |TAMS 0x000000063b400000, 0x000000063b400000| Untracked 
| 238|0x000000063b800000, 0x000000063bc00000, 0x000000063bc00000|100%| O|  |TAMS 0x000000063b800000, 0x000000063b800000| Untracked 
| 239|0x000000063bc00000, 0x000000063c000000, 0x000000063c000000|100%| O|  |TAMS 0x000000063bc00000, 0x000000063bc00000| Untracked 
| 240|0x000000063c000000, 0x000000063c400000, 0x000000063c400000|100%| O|  |TAMS 0x000000063c000000, 0x000000063c000000| Untracked 
| 241|0x000000063c400000, 0x000000063c800000, 0x000000063c800000|100%| O|  |TAMS 0x000000063c400000, 0x000000063c400000| Untracked 
| 242|0x000000063c800000, 0x000000063cc00000, 0x000000063cc00000|100%| O|  |TAMS 0x000000063c800000, 0x000000063c800000| Untracked 
| 243|0x000000063cc00000, 0x000000063d000000, 0x000000063d000000|100%| O|  |TAMS 0x000000063cc00000, 0x000000063cc00000| Untracked 
| 244|0x000000063d000000, 0x000000063d400000, 0x000000063d400000|100%| O|  |TAMS 0x000000063d000000, 0x000000063d000000| Untracked 
| 245|0x000000063d400000, 0x000000063d800000, 0x000000063d800000|100%| O|  |TAMS 0x000000063d400000, 0x000000063d400000| Untracked 
| 246|0x000000063d800000, 0x000000063dc00000, 0x000000063dc00000|100%| O|  |TAMS 0x000000063d800000, 0x000000063d800000| Untracked 
| 247|0x000000063dc00000, 0x000000063e000000, 0x000000063e000000|100%| O|  |TAMS 0x000000063dc00000, 0x000000063dc00000| Untracked 
| 248|0x000000063e000000, 0x000000063e400000, 0x000000063e400000|100%| O|  |TAMS 0x000000063e000000, 0x000000063e000000| Untracked 
| 249|0x000000063e400000, 0x000000063e800000, 0x000000063e800000|100%| O|  |TAMS 0x000000063e400000, 0x000000063e400000| Untracked 
| 250|0x000000063e800000, 0x000000063ec00000, 0x000000063ec00000|100%| O|  |TAMS 0x000000063e800000, 0x000000063e800000| Untracked 
| 251|0x000000063ec00000, 0x000000063f000000, 0x000000063f000000|100%| O|  |TAMS 0x000000063ec00000, 0x000000063ec00000| Untracked 
| 252|0x000000063f000000, 0x000000063f400000, 0x000000063f400000|100%| O|  |TAMS 0x000000063f000000, 0x000000063f000000| Untracked 
| 253|0x000000063f400000, 0x000000063f800000, 0x000000063f800000|100%| O|  |TAMS 0x000000063f400000, 0x000000063f400000| Untracked 
| 254|0x000000063f800000, 0x000000063fc00000, 0x000000063fc00000|100%| O|  |TAMS 0x000000063f800000, 0x000000063f800000| Untracked 
| 255|0x000000063fc00000, 0x0000000640000000, 0x0000000640000000|100%| O|  |TAMS 0x000000063fc00000, 0x000000063fc00000| Untracked 
| 256|0x0000000640000000, 0x0000000640400000, 0x0000000640400000|100%| O|  |TAMS 0x0000000640000000, 0x0000000640000000| Untracked 
| 257|0x0000000640400000, 0x0000000640800000, 0x0000000640800000|100%| O|  |TAMS 0x0000000640400000, 0x0000000640400000| Untracked 
| 258|0x0000000640800000, 0x0000000640c00000, 0x0000000640c00000|100%| O|  |TAMS 0x0000000640800000, 0x0000000640800000| Untracked 
| 259|0x0000000640c00000, 0x0000000641000000, 0x0000000641000000|100%| O|  |TAMS 0x0000000640c00000, 0x0000000640c00000| Untracked 
| 260|0x0000000641000000, 0x0000000641400000, 0x0000000641400000|100%| O|  |TAMS 0x0000000641000000, 0x0000000641000000| Untracked 
| 261|0x0000000641400000, 0x0000000641800000, 0x0000000641800000|100%| O|  |TAMS 0x0000000641400000, 0x0000000641400000| Untracked 
| 262|0x0000000641800000, 0x0000000641c00000, 0x0000000641c00000|100%| O|  |TAMS 0x0000000641800000, 0x0000000641800000| Untracked 
| 263|0x0000000641c00000, 0x0000000642000000, 0x0000000642000000|100%| O|  |TAMS 0x0000000641c00000, 0x0000000641c00000| Untracked 
| 264|0x0000000642000000, 0x0000000642400000, 0x0000000642400000|100%| O|  |TAMS 0x0000000642000000, 0x0000000642000000| Untracked 
| 265|0x0000000642400000, 0x0000000642800000, 0x0000000642800000|100%| O|  |TAMS 0x0000000642400000, 0x0000000642400000| Untracked 
| 266|0x0000000642800000, 0x0000000642c00000, 0x0000000642c00000|100%| O|  |TAMS 0x0000000642800000, 0x0000000642800000| Untracked 
| 267|0x0000000642c00000, 0x0000000643000000, 0x0000000643000000|100%| O|  |TAMS 0x0000000642c00000, 0x0000000642c00000| Untracked 
| 268|0x0000000643000000, 0x0000000643400000, 0x0000000643400000|100%| O|  |TAMS 0x0000000643000000, 0x0000000643000000| Untracked 
| 269|0x0000000643400000, 0x0000000643800000, 0x0000000643800000|100%| O|  |TAMS 0x0000000643400000, 0x0000000643400000| Untracked 
| 270|0x0000000643800000, 0x0000000643c00000, 0x0000000643c00000|100%| O|  |TAMS 0x0000000643800000, 0x0000000643800000| Untracked 
| 271|0x0000000643c00000, 0x0000000644000000, 0x0000000644000000|100%| O|  |TAMS 0x0000000643c00000, 0x0000000643c00000| Untracked 
| 272|0x0000000644000000, 0x0000000644400000, 0x0000000644400000|100%| O|  |TAMS 0x0000000644000000, 0x0000000644000000| Untracked 
| 273|0x0000000644400000, 0x0000000644800000, 0x0000000644800000|100%| O|  |TAMS 0x0000000644400000, 0x0000000644400000| Untracked 
| 274|0x0000000644800000, 0x0000000644c00000, 0x0000000644c00000|100%| O|  |TAMS 0x0000000644800000, 0x0000000644800000| Untracked 
| 275|0x0000000644c00000, 0x0000000645000000, 0x0000000645000000|100%| O|  |TAMS 0x0000000644c00000, 0x0000000644c00000| Untracked 
| 276|0x0000000645000000, 0x0000000645400000, 0x0000000645400000|100%| O|  |TAMS 0x0000000645000000, 0x0000000645000000| Untracked 
| 277|0x0000000645400000, 0x0000000645800000, 0x0000000645800000|100%| O|  |TAMS 0x0000000645400000, 0x0000000645400000| Untracked 
| 278|0x0000000645800000, 0x0000000645c00000, 0x0000000645c00000|100%| O|  |TAMS 0x0000000645800000, 0x0000000645800000| Untracked 
| 279|0x0000000645c00000, 0x0000000646000000, 0x0000000646000000|100%| O|  |TAMS 0x0000000645c00000, 0x0000000645c00000| Untracked 
| 280|0x0000000646000000, 0x0000000646400000, 0x0000000646400000|100%| O|  |TAMS 0x0000000646000000, 0x0000000646000000| Untracked 
| 281|0x0000000646400000, 0x0000000646800000, 0x0000000646800000|100%| O|  |TAMS 0x0000000646400000, 0x0000000646400000| Untracked 
| 282|0x0000000646800000, 0x0000000646c00000, 0x0000000646c00000|100%| O|  |TAMS 0x0000000646800000, 0x0000000646800000| Untracked 
| 283|0x0000000646c00000, 0x0000000647000000, 0x0000000647000000|100%| O|  |TAMS 0x0000000646c00000, 0x0000000646c00000| Untracked 
| 284|0x0000000647000000, 0x0000000647400000, 0x0000000647400000|100%| O|  |TAMS 0x0000000647000000, 0x0000000647000000| Untracked 
| 285|0x0000000647400000, 0x0000000647800000, 0x0000000647800000|100%| O|  |TAMS 0x0000000647400000, 0x0000000647400000| Untracked 
| 286|0x0000000647800000, 0x0000000647c00000, 0x0000000647c00000|100%| O|  |TAMS 0x0000000647800000, 0x0000000647800000| Untracked 
| 287|0x0000000647c00000, 0x0000000648000000, 0x0000000648000000|100%| O|  |TAMS 0x0000000647c00000, 0x0000000647c00000| Untracked 
| 288|0x0000000648000000, 0x0000000648400000, 0x0000000648400000|100%| O|  |TAMS 0x0000000648000000, 0x0000000648000000| Untracked 
| 289|0x0000000648400000, 0x0000000648800000, 0x0000000648800000|100%| O|  |TAMS 0x0000000648400000, 0x0000000648400000| Untracked 
| 290|0x0000000648800000, 0x0000000648c00000, 0x0000000648c00000|100%| O|  |TAMS 0x0000000648800000, 0x0000000648800000| Untracked 
| 291|0x0000000648c00000, 0x0000000649000000, 0x0000000649000000|100%| O|  |TAMS 0x0000000648c00000, 0x0000000648c00000| Untracked 
| 292|0x0000000649000000, 0x0000000649400000, 0x0000000649400000|100%| O|  |TAMS 0x0000000649000000, 0x0000000649000000| Untracked 
| 293|0x0000000649400000, 0x0000000649800000, 0x0000000649800000|100%| O|  |TAMS 0x0000000649400000, 0x0000000649400000| Untracked 
| 294|0x0000000649800000, 0x0000000649c00000, 0x0000000649c00000|100%| O|  |TAMS 0x0000000649800000, 0x0000000649800000| Untracked 
| 295|0x0000000649c00000, 0x000000064a000000, 0x000000064a000000|100%| O|  |TAMS 0x0000000649c00000, 0x0000000649c00000| Untracked 
| 296|0x000000064a000000, 0x000000064a400000, 0x000000064a400000|100%| O|  |TAMS 0x000000064a000000, 0x000000064a000000| Untracked 
| 297|0x000000064a400000, 0x000000064a800000, 0x000000064a800000|100%| O|  |TAMS 0x000000064a400000, 0x000000064a400000| Untracked 
| 298|0x000000064a800000, 0x000000064ac00000, 0x000000064ac00000|100%| O|  |TAMS 0x000000064a800000, 0x000000064a800000| Untracked 
| 299|0x000000064ac00000, 0x000000064b000000, 0x000000064b000000|100%| O|  |TAMS 0x000000064ac00000, 0x000000064ac00000| Untracked 
| 300|0x000000064b000000, 0x000000064b400000, 0x000000064b400000|100%| O|  |TAMS 0x000000064b000000, 0x000000064b000000| Untracked 
| 301|0x000000064b400000, 0x000000064b800000, 0x000000064b800000|100%| O|  |TAMS 0x000000064b400000, 0x000000064b400000| Untracked 
| 302|0x000000064b800000, 0x000000064bc00000, 0x000000064bc00000|100%| O|  |TAMS 0x000000064b800000, 0x000000064b800000| Untracked 
| 303|0x000000064bc00000, 0x000000064c000000, 0x000000064c000000|100%| O|  |TAMS 0x000000064bc00000, 0x000000064bc00000| Untracked 
| 304|0x000000064c000000, 0x000000064c400000, 0x000000064c400000|100%| O|  |TAMS 0x000000064c000000, 0x000000064c000000| Untracked 
| 305|0x000000064c400000, 0x000000064c800000, 0x000000064c800000|100%| O|  |TAMS 0x000000064c400000, 0x000000064c400000| Untracked 
| 306|0x000000064c800000, 0x000000064cc00000, 0x000000064cc00000|100%| O|  |TAMS 0x000000064c800000, 0x000000064c800000| Untracked 
| 307|0x000000064cc00000, 0x000000064d000000, 0x000000064d000000|100%| O|  |TAMS 0x000000064cc00000, 0x000000064cc00000| Untracked 
| 308|0x000000064d000000, 0x000000064d400000, 0x000000064d400000|100%| O|  |TAMS 0x000000064d000000, 0x000000064d000000| Untracked 
| 309|0x000000064d400000, 0x000000064d800000, 0x000000064d800000|100%| O|  |TAMS 0x000000064d400000, 0x000000064d400000| Untracked 
| 310|0x000000064d800000, 0x000000064dc00000, 0x000000064dc00000|100%| O|  |TAMS 0x000000064d800000, 0x000000064d800000| Untracked 
| 311|0x000000064dc00000, 0x000000064e000000, 0x000000064e000000|100%| O|  |TAMS 0x000000064dc00000, 0x000000064dc00000| Untracked 
| 312|0x000000064e000000, 0x000000064e400000, 0x000000064e400000|100%| O|  |TAMS 0x000000064e000000, 0x000000064e000000| Untracked 
| 313|0x000000064e400000, 0x000000064e800000, 0x000000064e800000|100%| O|  |TAMS 0x000000064e400000, 0x000000064e400000| Untracked 
| 314|0x000000064e800000, 0x000000064ec00000, 0x000000064ec00000|100%| O|  |TAMS 0x000000064e800000, 0x000000064e800000| Untracked 
| 315|0x000000064ec00000, 0x000000064f000000, 0x000000064f000000|100%| O|  |TAMS 0x000000064ec00000, 0x000000064ec00000| Untracked 
| 316|0x000000064f000000, 0x000000064f400000, 0x000000064f400000|100%| O|  |TAMS 0x000000064f000000, 0x000000064f000000| Untracked 
| 317|0x000000064f400000, 0x000000064f800000, 0x000000064f800000|100%| O|  |TAMS 0x000000064f400000, 0x000000064f400000| Untracked 
| 318|0x000000064f800000, 0x000000064fc00000, 0x000000064fc00000|100%| O|  |TAMS 0x000000064f800000, 0x000000064f800000| Untracked 
| 319|0x000000064fc00000, 0x0000000650000000, 0x0000000650000000|100%| O|  |TAMS 0x000000064fc00000, 0x000000064fc00000| Untracked 
| 320|0x0000000650000000, 0x0000000650400000, 0x0000000650400000|100%| O|  |TAMS 0x0000000650000000, 0x0000000650000000| Untracked 
| 321|0x0000000650400000, 0x0000000650800000, 0x0000000650800000|100%| O|  |TAMS 0x0000000650400000, 0x0000000650400000| Untracked 
| 322|0x0000000650800000, 0x0000000650c00000, 0x0000000650c00000|100%| O|  |TAMS 0x0000000650800000, 0x0000000650800000| Untracked 
| 323|0x0000000650c00000, 0x0000000651000000, 0x0000000651000000|100%| O|  |TAMS 0x0000000650c00000, 0x0000000650c00000| Untracked 
| 324|0x0000000651000000, 0x0000000651400000, 0x0000000651400000|100%| O|  |TAMS 0x0000000651000000, 0x0000000651000000| Untracked 
| 325|0x0000000651400000, 0x0000000651800000, 0x0000000651800000|100%| O|  |TAMS 0x0000000651400000, 0x0000000651400000| Untracked 
| 326|0x0000000651800000, 0x0000000651c00000, 0x0000000651c00000|100%| O|  |TAMS 0x0000000651800000, 0x0000000651800000| Untracked 
| 327|0x0000000651c00000, 0x0000000652000000, 0x0000000652000000|100%| O|  |TAMS 0x0000000651c00000, 0x0000000651c00000| Untracked 
| 328|0x0000000652000000, 0x0000000652400000, 0x0000000652400000|100%| O|  |TAMS 0x0000000652000000, 0x0000000652000000| Untracked 
| 329|0x0000000652400000, 0x0000000652800000, 0x0000000652800000|100%| O|  |TAMS 0x0000000652400000, 0x0000000652400000| Untracked 
| 330|0x0000000652800000, 0x0000000652c00000, 0x0000000652c00000|100%| O|  |TAMS 0x0000000652800000, 0x0000000652800000| Untracked 
| 331|0x0000000652c00000, 0x0000000653000000, 0x0000000653000000|100%| O|  |TAMS 0x0000000652c00000, 0x0000000652c00000| Untracked 
| 332|0x0000000653000000, 0x0000000653400000, 0x0000000653400000|100%| O|  |TAMS 0x0000000653000000, 0x0000000653000000| Untracked 
| 333|0x0000000653400000, 0x0000000653800000, 0x0000000653800000|100%| O|  |TAMS 0x0000000653400000, 0x0000000653400000| Untracked 
| 334|0x0000000653800000, 0x0000000653c00000, 0x0000000653c00000|100%| O|  |TAMS 0x0000000653800000, 0x0000000653800000| Untracked 
| 335|0x0000000653c00000, 0x0000000654000000, 0x0000000654000000|100%| O|  |TAMS 0x0000000653c00000, 0x0000000653c00000| Untracked 
| 336|0x0000000654000000, 0x0000000654400000, 0x0000000654400000|100%| O|  |TAMS 0x0000000654000000, 0x0000000654000000| Untracked 
| 337|0x0000000654400000, 0x0000000654800000, 0x0000000654800000|100%| O|  |TAMS 0x0000000654400000, 0x0000000654400000| Untracked 
| 338|0x0000000654800000, 0x0000000654c00000, 0x0000000654c00000|100%| O|  |TAMS 0x0000000654800000, 0x0000000654800000| Untracked 
| 339|0x0000000654c00000, 0x0000000655000000, 0x0000000655000000|100%| O|  |TAMS 0x0000000654c00000, 0x0000000654c00000| Untracked 
| 340|0x0000000655000000, 0x0000000655400000, 0x0000000655400000|100%| O|  |TAMS 0x0000000655000000, 0x0000000655000000| Untracked 
| 341|0x0000000655400000, 0x0000000655800000, 0x0000000655800000|100%| O|  |TAMS 0x0000000655400000, 0x0000000655400000| Untracked 
| 342|0x0000000655800000, 0x0000000655c00000, 0x0000000655c00000|100%| O|  |TAMS 0x0000000655800000, 0x0000000655800000| Untracked 
| 343|0x0000000655c00000, 0x0000000656000000, 0x0000000656000000|100%| O|  |TAMS 0x0000000655c00000, 0x0000000655c00000| Untracked 
| 344|0x0000000656000000, 0x0000000656400000, 0x0000000656400000|100%| O|  |TAMS 0x0000000656000000, 0x0000000656000000| Untracked 
| 345|0x0000000656400000, 0x0000000656800000, 0x0000000656800000|100%| O|  |TAMS 0x0000000656400000, 0x0000000656400000| Untracked 
| 346|0x0000000656800000, 0x0000000656c00000, 0x0000000656c00000|100%| O|  |TAMS 0x0000000656800000, 0x0000000656800000| Untracked 
| 347|0x0000000656c00000, 0x0000000657000000, 0x0000000657000000|100%| O|  |TAMS 0x0000000656c00000, 0x0000000656c00000| Untracked 
| 348|0x0000000657000000, 0x0000000657400000, 0x0000000657400000|100%| O|  |TAMS 0x0000000657000000, 0x0000000657000000| Untracked 
| 349|0x0000000657400000, 0x0000000657800000, 0x0000000657800000|100%| O|  |TAMS 0x0000000657400000, 0x0000000657400000| Untracked 
| 350|0x0000000657800000, 0x0000000657c00000, 0x0000000657c00000|100%| O|  |TAMS 0x0000000657800000, 0x0000000657800000| Untracked 
| 351|0x0000000657c00000, 0x0000000658000000, 0x0000000658000000|100%| O|  |TAMS 0x0000000657c00000, 0x0000000657c00000| Untracked 
| 352|0x0000000658000000, 0x0000000658400000, 0x0000000658400000|100%| O|  |TAMS 0x0000000658000000, 0x0000000658000000| Untracked 
| 353|0x0000000658400000, 0x0000000658800000, 0x0000000658800000|100%| O|  |TAMS 0x0000000658400000, 0x0000000658400000| Untracked 
| 354|0x0000000658800000, 0x0000000658c00000, 0x0000000658c00000|100%| O|  |TAMS 0x0000000658800000, 0x0000000658800000| Untracked 
| 355|0x0000000658c00000, 0x0000000659000000, 0x0000000659000000|100%| O|  |TAMS 0x0000000658c00000, 0x0000000658c00000| Untracked 
| 356|0x0000000659000000, 0x0000000659400000, 0x0000000659400000|100%| O|  |TAMS 0x0000000659000000, 0x0000000659000000| Untracked 
| 357|0x0000000659400000, 0x0000000659800000, 0x0000000659800000|100%| O|  |TAMS 0x0000000659400000, 0x0000000659400000| Untracked 
| 358|0x0000000659800000, 0x0000000659c00000, 0x0000000659c00000|100%| O|  |TAMS 0x0000000659800000, 0x0000000659800000| Untracked 
| 359|0x0000000659c00000, 0x000000065a000000, 0x000000065a000000|100%| O|  |TAMS 0x0000000659c00000, 0x0000000659c00000| Untracked 
| 360|0x000000065a000000, 0x000000065a400000, 0x000000065a400000|100%| O|  |TAMS 0x000000065a000000, 0x000000065a000000| Untracked 
| 361|0x000000065a400000, 0x000000065a800000, 0x000000065a800000|100%| O|  |TAMS 0x000000065a400000, 0x000000065a400000| Untracked 
| 362|0x000000065a800000, 0x000000065ac00000, 0x000000065ac00000|100%| O|  |TAMS 0x000000065a800000, 0x000000065a800000| Untracked 
| 363|0x000000065ac00000, 0x000000065b000000, 0x000000065b000000|100%| O|  |TAMS 0x000000065ac00000, 0x000000065ac00000| Untracked 
| 364|0x000000065b000000, 0x000000065b400000, 0x000000065b400000|100%| O|  |TAMS 0x000000065b000000, 0x000000065b000000| Untracked 
| 365|0x000000065b400000, 0x000000065b800000, 0x000000065b800000|100%| O|  |TAMS 0x000000065b400000, 0x000000065b400000| Untracked 
| 366|0x000000065b800000, 0x000000065bc00000, 0x000000065bc00000|100%| O|  |TAMS 0x000000065b800000, 0x000000065b800000| Untracked 
| 367|0x000000065bc00000, 0x000000065c000000, 0x000000065c000000|100%| O|  |TAMS 0x000000065bc00000, 0x000000065bc00000| Untracked 
| 368|0x000000065c000000, 0x000000065c400000, 0x000000065c400000|100%| O|  |TAMS 0x000000065c000000, 0x000000065c000000| Untracked 
| 369|0x000000065c400000, 0x000000065c800000, 0x000000065c800000|100%| O|  |TAMS 0x000000065c400000, 0x000000065c400000| Untracked 
| 370|0x000000065c800000, 0x000000065cc00000, 0x000000065cc00000|100%| O|  |TAMS 0x000000065c800000, 0x000000065c800000| Untracked 
| 371|0x000000065cc00000, 0x000000065d000000, 0x000000065d000000|100%| O|  |TAMS 0x000000065cc00000, 0x000000065cc00000| Untracked 
| 372|0x000000065d000000, 0x000000065d400000, 0x000000065d400000|100%| O|  |TAMS 0x000000065d000000, 0x000000065d000000| Untracked 
| 373|0x000000065d400000, 0x000000065d800000, 0x000000065d800000|100%| O|  |TAMS 0x000000065d400000, 0x000000065d400000| Untracked 
| 374|0x000000065d800000, 0x000000065dc00000, 0x000000065dc00000|100%| O|  |TAMS 0x000000065d800000, 0x000000065d800000| Untracked 
| 375|0x000000065dc00000, 0x000000065e000000, 0x000000065e000000|100%|HS|  |TAMS 0x000000065dc00000, 0x000000065dc00000| Complete 
| 376|0x000000065e000000, 0x000000065e400000, 0x000000065e400000|100%| O|  |TAMS 0x000000065e000000, 0x000000065e000000| Untracked 
| 377|0x000000065e400000, 0x000000065e800000, 0x000000065e800000|100%| O|  |TAMS 0x000000065e400000, 0x000000065e400000| Untracked 
| 378|0x000000065e800000, 0x000000065ec00000, 0x000000065ec00000|100%| O|  |TAMS 0x000000065e800000, 0x000000065e800000| Untracked 
| 379|0x000000065ec00000, 0x000000065f000000, 0x000000065f000000|100%|HS|  |TAMS 0x000000065ec00000, 0x000000065ec00000| Complete 
| 380|0x000000065f000000, 0x000000065f400000, 0x000000065f400000|100%|HS|  |TAMS 0x000000065f000000, 0x000000065f000000| Complete 
| 381|0x000000065f400000, 0x000000065f800000, 0x000000065f800000|100%| O|  |TAMS 0x000000065f400000, 0x000000065f400000| Untracked 
| 382|0x000000065f800000, 0x000000065fc00000, 0x000000065fc00000|100%|HS|  |TAMS 0x000000065f800000, 0x000000065f800000| Complete 
| 383|0x000000065fc00000, 0x0000000660000000, 0x0000000660000000|100%| O|  |TAMS 0x000000065fc00000, 0x000000065fc00000| Untracked 
| 384|0x0000000660000000, 0x0000000660400000, 0x0000000660400000|100%|HS|  |TAMS 0x0000000660000000, 0x0000000660000000| Complete 
| 385|0x0000000660400000, 0x0000000660800000, 0x0000000660800000|100%| O|  |TAMS 0x0000000660400000, 0x0000000660400000| Untracked 
| 386|0x0000000660800000, 0x0000000660c00000, 0x0000000660c00000|100%| O|  |TAMS 0x0000000660800000, 0x0000000660800000| Untracked 
| 387|0x0000000660c00000, 0x0000000661000000, 0x0000000661000000|100%| O|  |TAMS 0x0000000660c00000, 0x0000000660c00000| Untracked 
| 388|0x0000000661000000, 0x0000000661400000, 0x0000000661400000|100%| O|  |TAMS 0x0000000661000000, 0x0000000661000000| Untracked 
| 389|0x0000000661400000, 0x0000000661800000, 0x0000000661800000|100%| O|  |TAMS 0x0000000661400000, 0x0000000661400000| Untracked 
| 390|0x0000000661800000, 0x0000000661c00000, 0x0000000661c00000|100%| O|  |TAMS 0x0000000661800000, 0x0000000661800000| Untracked 
| 391|0x0000000661c00000, 0x0000000662000000, 0x0000000662000000|100%| O|  |TAMS 0x0000000661c00000, 0x0000000661c00000| Untracked 
| 392|0x0000000662000000, 0x0000000662400000, 0x0000000662400000|100%| O|  |TAMS 0x0000000662000000, 0x0000000662000000| Untracked 
| 393|0x0000000662400000, 0x0000000662800000, 0x0000000662800000|100%| O|  |TAMS 0x0000000662400000, 0x0000000662400000| Untracked 
| 394|0x0000000662800000, 0x0000000662c00000, 0x0000000662c00000|100%| O|  |TAMS 0x0000000662800000, 0x0000000662800000| Untracked 
| 395|0x0000000662c00000, 0x0000000663000000, 0x0000000663000000|100%| O|  |TAMS 0x0000000662c00000, 0x0000000662c00000| Untracked 
| 396|0x0000000663000000, 0x0000000663400000, 0x0000000663400000|100%| O|  |TAMS 0x0000000663000000, 0x0000000663000000| Untracked 
| 397|0x0000000663400000, 0x0000000663800000, 0x0000000663800000|100%| O|  |TAMS 0x0000000663400000, 0x0000000663400000| Untracked 
| 398|0x0000000663800000, 0x0000000663c00000, 0x0000000663c00000|100%| O|  |TAMS 0x0000000663800000, 0x0000000663800000| Untracked 
| 399|0x0000000663c00000, 0x0000000664000000, 0x0000000664000000|100%| O|  |TAMS 0x0000000663c00000, 0x0000000663c00000| Untracked 
| 400|0x0000000664000000, 0x0000000664400000, 0x0000000664400000|100%| O|  |TAMS 0x0000000664000000, 0x0000000664000000| Untracked 
| 401|0x0000000664400000, 0x0000000664800000, 0x0000000664800000|100%| O|  |TAMS 0x0000000664400000, 0x0000000664400000| Untracked 
| 402|0x0000000664800000, 0x0000000664c00000, 0x0000000664c00000|100%| O|  |TAMS 0x0000000664800000, 0x0000000664800000| Untracked 
| 403|0x0000000664c00000, 0x0000000665000000, 0x0000000665000000|100%| O|  |TAMS 0x0000000664c00000, 0x0000000664c00000| Untracked 
| 404|0x0000000665000000, 0x0000000665400000, 0x0000000665400000|100%| O|  |TAMS 0x0000000665000000, 0x0000000665000000| Untracked 
| 405|0x0000000665400000, 0x0000000665800000, 0x0000000665800000|100%| O|  |TAMS 0x0000000665400000, 0x0000000665400000| Untracked 
| 406|0x0000000665800000, 0x0000000665c00000, 0x0000000665c00000|100%| O|  |TAMS 0x0000000665800000, 0x0000000665800000| Untracked 
| 407|0x0000000665c00000, 0x0000000666000000, 0x0000000666000000|100%| O|  |TAMS 0x0000000665c00000, 0x0000000665c00000| Untracked 
| 408|0x0000000666000000, 0x0000000666400000, 0x0000000666400000|100%| O|  |TAMS 0x0000000666000000, 0x0000000666000000| Untracked 
| 409|0x0000000666400000, 0x0000000666800000, 0x0000000666800000|100%| O|  |TAMS 0x0000000666400000, 0x0000000666400000| Untracked 
| 410|0x0000000666800000, 0x0000000666c00000, 0x0000000666c00000|100%| O|  |TAMS 0x0000000666800000, 0x0000000666800000| Untracked 
| 411|0x0000000666c00000, 0x0000000667000000, 0x0000000667000000|100%| O|  |TAMS 0x0000000666c00000, 0x0000000666c00000| Untracked 
| 412|0x0000000667000000, 0x0000000667400000, 0x0000000667400000|100%| O|  |TAMS 0x0000000667000000, 0x0000000667000000| Untracked 
| 413|0x0000000667400000, 0x0000000667800000, 0x0000000667800000|100%| O|  |TAMS 0x0000000667400000, 0x0000000667400000| Untracked 
| 414|0x0000000667800000, 0x0000000667c00000, 0x0000000667c00000|100%| O|  |TAMS 0x0000000667800000, 0x0000000667800000| Untracked 
| 415|0x0000000667c00000, 0x0000000668000000, 0x0000000668000000|100%| O|  |TAMS 0x0000000667c00000, 0x0000000667c00000| Untracked 
| 416|0x0000000668000000, 0x0000000668400000, 0x0000000668400000|100%| O|  |TAMS 0x0000000668000000, 0x0000000668000000| Untracked 
| 417|0x0000000668400000, 0x0000000668800000, 0x0000000668800000|100%| O|  |TAMS 0x0000000668400000, 0x0000000668400000| Untracked 
| 418|0x0000000668800000, 0x0000000668c00000, 0x0000000668c00000|100%| O|  |TAMS 0x0000000668800000, 0x0000000668800000| Untracked 
| 419|0x0000000668c00000, 0x0000000669000000, 0x0000000669000000|100%| O|  |TAMS 0x0000000668c00000, 0x0000000668c00000| Untracked 
| 420|0x0000000669000000, 0x0000000669400000, 0x0000000669400000|100%| O|  |TAMS 0x0000000669000000, 0x0000000669000000| Untracked 
| 421|0x0000000669400000, 0x0000000669800000, 0x0000000669800000|100%| O|  |TAMS 0x0000000669400000, 0x0000000669400000| Untracked 
| 422|0x0000000669800000, 0x0000000669c00000, 0x0000000669c00000|100%| O|  |TAMS 0x0000000669800000, 0x0000000669800000| Untracked 
| 423|0x0000000669c00000, 0x000000066a000000, 0x000000066a000000|100%| O|  |TAMS 0x0000000669c00000, 0x0000000669c00000| Untracked 
| 424|0x000000066a000000, 0x000000066a400000, 0x000000066a400000|100%| O|  |TAMS 0x000000066a000000, 0x000000066a000000| Untracked 
| 425|0x000000066a400000, 0x000000066a800000, 0x000000066a800000|100%| O|  |TAMS 0x000000066a400000, 0x000000066a400000| Untracked 
| 426|0x000000066a800000, 0x000000066ac00000, 0x000000066ac00000|100%| O|  |TAMS 0x000000066a800000, 0x000000066a800000| Untracked 
| 427|0x000000066ac00000, 0x000000066b000000, 0x000000066b000000|100%| O|  |TAMS 0x000000066ac00000, 0x000000066ac00000| Untracked 
| 428|0x000000066b000000, 0x000000066b400000, 0x000000066b400000|100%| O|  |TAMS 0x000000066b000000, 0x000000066b000000| Untracked 
| 429|0x000000066b400000, 0x000000066b800000, 0x000000066b800000|100%| O|  |TAMS 0x000000066b400000, 0x000000066b400000| Untracked 
| 430|0x000000066b800000, 0x000000066bc00000, 0x000000066bc00000|100%| O|  |TAMS 0x000000066b800000, 0x000000066b800000| Untracked 
| 431|0x000000066bc00000, 0x000000066c000000, 0x000000066c000000|100%| O|  |TAMS 0x000000066bc00000, 0x000000066bc00000| Untracked 
| 432|0x000000066c000000, 0x000000066c400000, 0x000000066c400000|100%| O|  |TAMS 0x000000066c000000, 0x000000066c000000| Untracked 
| 433|0x000000066c400000, 0x000000066c800000, 0x000000066c800000|100%| O|  |TAMS 0x000000066c400000, 0x000000066c400000| Untracked 
| 434|0x000000066c800000, 0x000000066cc00000, 0x000000066cc00000|100%| O|  |TAMS 0x000000066c800000, 0x000000066c800000| Untracked 
| 435|0x000000066cc00000, 0x000000066d000000, 0x000000066d000000|100%| O|  |TAMS 0x000000066cc00000, 0x000000066cc00000| Untracked 
| 436|0x000000066d000000, 0x000000066d400000, 0x000000066d400000|100%| O|  |TAMS 0x000000066d000000, 0x000000066d000000| Untracked 
| 437|0x000000066d400000, 0x000000066d800000, 0x000000066d800000|100%| O|  |TAMS 0x000000066d400000, 0x000000066d400000| Untracked 
| 438|0x000000066d800000, 0x000000066dc00000, 0x000000066dc00000|100%| O|  |TAMS 0x000000066d800000, 0x000000066d800000| Untracked 
| 439|0x000000066dc00000, 0x000000066e000000, 0x000000066e000000|100%| O|  |TAMS 0x000000066dc00000, 0x000000066dc00000| Untracked 
| 440|0x000000066e000000, 0x000000066e400000, 0x000000066e400000|100%| O|  |TAMS 0x000000066e000000, 0x000000066e000000| Untracked 
| 441|0x000000066e400000, 0x000000066e800000, 0x000000066e800000|100%| O|  |TAMS 0x000000066e400000, 0x000000066e400000| Untracked 
| 442|0x000000066e800000, 0x000000066ec00000, 0x000000066ec00000|100%| O|  |TAMS 0x000000066e800000, 0x000000066e800000| Untracked 
| 443|0x000000066ec00000, 0x000000066f000000, 0x000000066f000000|100%| O|  |TAMS 0x000000066ec00000, 0x000000066ec00000| Untracked 
| 444|0x000000066f000000, 0x000000066f400000, 0x000000066f400000|100%| O|  |TAMS 0x000000066f000000, 0x000000066f000000| Untracked 
| 445|0x000000066f400000, 0x000000066f800000, 0x000000066f800000|100%| O|  |TAMS 0x000000066f400000, 0x000000066f400000| Untracked 
| 446|0x000000066f800000, 0x000000066fc00000, 0x000000066fc00000|100%| O|  |TAMS 0x000000066f800000, 0x000000066f800000| Untracked 
| 447|0x000000066fc00000, 0x0000000670000000, 0x0000000670000000|100%| O|  |TAMS 0x000000066fc00000, 0x000000066fc00000| Untracked 
| 448|0x0000000670000000, 0x0000000670400000, 0x0000000670400000|100%| O|  |TAMS 0x0000000670000000, 0x0000000670000000| Untracked 
| 449|0x0000000670400000, 0x0000000670800000, 0x0000000670800000|100%| O|  |TAMS 0x0000000670400000, 0x0000000670400000| Untracked 
| 450|0x0000000670800000, 0x0000000670c00000, 0x0000000670c00000|100%| O|  |TAMS 0x0000000670800000, 0x0000000670800000| Untracked 
| 451|0x0000000670c00000, 0x0000000671000000, 0x0000000671000000|100%| O|  |TAMS 0x0000000670c00000, 0x0000000670c00000| Untracked 
| 452|0x0000000671000000, 0x0000000671400000, 0x0000000671400000|100%| O|  |TAMS 0x0000000671000000, 0x0000000671000000| Untracked 
| 453|0x0000000671400000, 0x0000000671800000, 0x0000000671800000|100%| O|  |TAMS 0x0000000671400000, 0x0000000671400000| Untracked 
| 454|0x0000000671800000, 0x0000000671c00000, 0x0000000671c00000|100%| O|  |TAMS 0x0000000671800000, 0x0000000671800000| Untracked 
| 455|0x0000000671c00000, 0x0000000672000000, 0x0000000672000000|100%| O|  |TAMS 0x0000000671c00000, 0x0000000671c00000| Untracked 
| 456|0x0000000672000000, 0x0000000672400000, 0x0000000672400000|100%| O|  |TAMS 0x0000000672000000, 0x0000000672000000| Untracked 
| 457|0x0000000672400000, 0x0000000672800000, 0x0000000672800000|100%| O|  |TAMS 0x0000000672400000, 0x0000000672400000| Untracked 
| 458|0x0000000672800000, 0x0000000672c00000, 0x0000000672c00000|100%| O|  |TAMS 0x0000000672800000, 0x0000000672800000| Untracked 
| 459|0x0000000672c00000, 0x0000000673000000, 0x0000000673000000|100%| O|  |TAMS 0x0000000672c00000, 0x0000000672c00000| Untracked 
| 460|0x0000000673000000, 0x0000000673400000, 0x0000000673400000|100%| O|  |TAMS 0x0000000673000000, 0x0000000673000000| Untracked 
| 461|0x0000000673400000, 0x0000000673800000, 0x0000000673800000|100%| O|  |TAMS 0x0000000673400000, 0x0000000673400000| Untracked 
| 462|0x0000000673800000, 0x0000000673c00000, 0x0000000673c00000|100%| O|  |TAMS 0x0000000673800000, 0x0000000673800000| Untracked 
| 463|0x0000000673c00000, 0x0000000674000000, 0x0000000674000000|100%| O|  |TAMS 0x0000000673c00000, 0x0000000673c00000| Untracked 
| 464|0x0000000674000000, 0x0000000674400000, 0x0000000674400000|100%| O|  |TAMS 0x0000000674000000, 0x0000000674000000| Untracked 
| 465|0x0000000674400000, 0x0000000674800000, 0x0000000674800000|100%| O|  |TAMS 0x0000000674400000, 0x0000000674400000| Untracked 
| 466|0x0000000674800000, 0x0000000674c00000, 0x0000000674c00000|100%| O|  |TAMS 0x0000000674800000, 0x0000000674800000| Untracked 
| 467|0x0000000674c00000, 0x0000000675000000, 0x0000000675000000|100%| O|  |TAMS 0x0000000674c00000, 0x0000000674c00000| Untracked 
| 468|0x0000000675000000, 0x0000000675400000, 0x0000000675400000|100%| O|  |TAMS 0x0000000675000000, 0x0000000675000000| Untracked 
| 469|0x0000000675400000, 0x0000000675800000, 0x0000000675800000|100%| O|  |TAMS 0x0000000675400000, 0x0000000675400000| Untracked 
| 470|0x0000000675800000, 0x0000000675c00000, 0x0000000675c00000|100%| O|  |TAMS 0x0000000675800000, 0x0000000675800000| Untracked 
| 471|0x0000000675c00000, 0x0000000676000000, 0x0000000676000000|100%| O|  |TAMS 0x0000000675c00000, 0x0000000675c00000| Untracked 
| 472|0x0000000676000000, 0x0000000676400000, 0x0000000676400000|100%| O|  |TAMS 0x0000000676000000, 0x0000000676000000| Untracked 
| 473|0x0000000676400000, 0x0000000676800000, 0x0000000676800000|100%| O|  |TAMS 0x0000000676400000, 0x0000000676400000| Untracked 
| 474|0x0000000676800000, 0x0000000676c00000, 0x0000000676c00000|100%| O|  |TAMS 0x0000000676800000, 0x0000000676800000| Untracked 
| 475|0x0000000676c00000, 0x0000000677000000, 0x0000000677000000|100%| O|  |TAMS 0x0000000676c00000, 0x0000000676c00000| Untracked 
| 476|0x0000000677000000, 0x0000000677400000, 0x0000000677400000|100%| O|  |TAMS 0x0000000677000000, 0x0000000677000000| Untracked 
| 477|0x0000000677400000, 0x0000000677800000, 0x0000000677800000|100%| O|  |TAMS 0x0000000677400000, 0x0000000677400000| Untracked 
| 478|0x0000000677800000, 0x0000000677c00000, 0x0000000677c00000|100%| O|  |TAMS 0x0000000677800000, 0x0000000677800000| Untracked 
| 479|0x0000000677c00000, 0x0000000678000000, 0x0000000678000000|100%| O|  |TAMS 0x0000000677c00000, 0x0000000677c00000| Untracked 
| 480|0x0000000678000000, 0x0000000678400000, 0x0000000678400000|100%| O|  |TAMS 0x0000000678000000, 0x0000000678000000| Untracked 
| 481|0x0000000678400000, 0x0000000678800000, 0x0000000678800000|100%| O|  |TAMS 0x0000000678400000, 0x0000000678400000| Untracked 
| 482|0x0000000678800000, 0x0000000678c00000, 0x0000000678c00000|100%| O|  |TAMS 0x0000000678800000, 0x0000000678800000| Untracked 
| 483|0x0000000678c00000, 0x0000000679000000, 0x0000000679000000|100%| O|  |TAMS 0x0000000678c00000, 0x0000000678c00000| Untracked 
| 484|0x0000000679000000, 0x0000000679400000, 0x0000000679400000|100%| O|  |TAMS 0x0000000679000000, 0x0000000679000000| Untracked 
| 485|0x0000000679400000, 0x0000000679800000, 0x0000000679800000|100%| O|  |TAMS 0x0000000679400000, 0x0000000679400000| Untracked 
| 486|0x0000000679800000, 0x0000000679c00000, 0x0000000679c00000|100%| O|  |TAMS 0x0000000679800000, 0x0000000679800000| Untracked 
| 487|0x0000000679c00000, 0x000000067a000000, 0x000000067a000000|100%| O|  |TAMS 0x0000000679c00000, 0x0000000679c00000| Untracked 
| 488|0x000000067a000000, 0x000000067a400000, 0x000000067a400000|100%| O|  |TAMS 0x000000067a000000, 0x000000067a000000| Untracked 
| 489|0x000000067a400000, 0x000000067a800000, 0x000000067a800000|100%| O|  |TAMS 0x000000067a400000, 0x000000067a400000| Untracked 
| 490|0x000000067a800000, 0x000000067ac00000, 0x000000067ac00000|100%| O|  |TAMS 0x000000067a800000, 0x000000067a800000| Untracked 
| 491|0x000000067ac00000, 0x000000067b000000, 0x000000067b000000|100%| O|  |TAMS 0x000000067ac00000, 0x000000067ac00000| Untracked 
| 492|0x000000067b000000, 0x000000067b400000, 0x000000067b400000|100%| O|  |TAMS 0x000000067b000000, 0x000000067b000000| Untracked 
| 493|0x000000067b400000, 0x000000067b800000, 0x000000067b800000|100%| O|  |TAMS 0x000000067b400000, 0x000000067b400000| Untracked 
| 494|0x000000067b800000, 0x000000067bc00000, 0x000000067bc00000|100%| O|  |TAMS 0x000000067b800000, 0x000000067b800000| Untracked 
| 495|0x000000067bc00000, 0x000000067c000000, 0x000000067c000000|100%|HS|  |TAMS 0x000000067bc00000, 0x000000067bc00000| Complete 
| 496|0x000000067c000000, 0x000000067c400000, 0x000000067c400000|100%|HC|  |TAMS 0x000000067c000000, 0x000000067c000000| Complete 
| 497|0x000000067c400000, 0x000000067c800000, 0x000000067c800000|100%|HC|  |TAMS 0x000000067c400000, 0x000000067c400000| Complete 
| 498|0x000000067c800000, 0x000000067cc00000, 0x000000067cc00000|100%|HS|  |TAMS 0x000000067c800000, 0x000000067c800000| Complete 
| 499|0x000000067cc00000, 0x000000067d000000, 0x000000067d000000|100%|HC|  |TAMS 0x000000067cc00000, 0x000000067cc00000| Complete 
| 500|0x000000067d000000, 0x000000067d400000, 0x000000067d400000|100%| O|  |TAMS 0x000000067d000000, 0x000000067d000000| Untracked 
| 501|0x000000067d400000, 0x000000067d800000, 0x000000067d800000|100%| O|  |TAMS 0x000000067d400000, 0x000000067d400000| Untracked 
| 502|0x000000067d800000, 0x000000067dc00000, 0x000000067dc00000|100%| O|  |TAMS 0x000000067d800000, 0x000000067d800000| Untracked 
| 503|0x000000067dc00000, 0x000000067e000000, 0x000000067e000000|100%| O|  |TAMS 0x000000067dc00000, 0x000000067dc00000| Untracked 
| 504|0x000000067e000000, 0x000000067e400000, 0x000000067e400000|100%| O|  |TAMS 0x000000067e000000, 0x000000067e000000| Untracked 
| 505|0x000000067e400000, 0x000000067e800000, 0x000000067e800000|100%|HS|  |TAMS 0x000000067e400000, 0x000000067e400000| Complete 
| 506|0x000000067e800000, 0x000000067ec00000, 0x000000067ec00000|100%|HC|  |TAMS 0x000000067e800000, 0x000000067e800000| Complete 
| 507|0x000000067ec00000, 0x000000067f000000, 0x000000067f000000|100%|HS|  |TAMS 0x000000067ec00000, 0x000000067ec00000| Complete 
| 508|0x000000067f000000, 0x000000067f400000, 0x000000067f400000|100%|HC|  |TAMS 0x000000067f000000, 0x000000067f000000| Complete 
| 509|0x000000067f400000, 0x000000067f800000, 0x000000067f800000|100%| O|  |TAMS 0x000000067f400000, 0x000000067f400000| Untracked 
| 510|0x000000067f800000, 0x000000067fc00000, 0x000000067fc00000|100%| O|  |TAMS 0x000000067f800000, 0x000000067f800000| Untracked 
| 511|0x000000067fc00000, 0x0000000680000000, 0x0000000680000000|100%| O|  |TAMS 0x000000067fc00000, 0x000000067fc00000| Untracked 
| 512|0x0000000680000000, 0x0000000680400000, 0x0000000680400000|100%| O|  |TAMS 0x0000000680000000, 0x0000000680000000| Untracked 
| 513|0x0000000680400000, 0x0000000680800000, 0x0000000680800000|100%| O|  |TAMS 0x0000000680400000, 0x0000000680400000| Untracked 
| 514|0x0000000680800000, 0x0000000680c00000, 0x0000000680c00000|100%|HS|  |TAMS 0x0000000680800000, 0x0000000680800000| Complete 
| 515|0x0000000680c00000, 0x0000000681000000, 0x0000000681000000|100%|HC|  |TAMS 0x0000000680c00000, 0x0000000680c00000| Complete 
| 516|0x0000000681000000, 0x0000000681400000, 0x0000000681400000|100%|HC|  |TAMS 0x0000000681000000, 0x0000000681000000| Complete 
| 517|0x0000000681400000, 0x0000000681800000, 0x0000000681800000|100%| O|  |TAMS 0x0000000681400000, 0x0000000681400000| Untracked 
| 518|0x0000000681800000, 0x0000000681c00000, 0x0000000681c00000|100%| O|  |TAMS 0x0000000681800000, 0x0000000681800000| Untracked 
| 519|0x0000000681c00000, 0x0000000682000000, 0x0000000682000000|100%| O|  |TAMS 0x0000000681c00000, 0x0000000681c00000| Untracked 
| 520|0x0000000682000000, 0x0000000682400000, 0x0000000682400000|100%|HS|  |TAMS 0x0000000682000000, 0x0000000682000000| Complete 
| 521|0x0000000682400000, 0x0000000682800000, 0x0000000682800000|100%|HC|  |TAMS 0x0000000682400000, 0x0000000682400000| Complete 
| 522|0x0000000682800000, 0x0000000682c00000, 0x0000000682c00000|100%| O|  |TAMS 0x0000000682800000, 0x0000000682800000| Untracked 
| 523|0x0000000682c00000, 0x0000000683000000, 0x0000000683000000|100%| O|  |TAMS 0x0000000682c00000, 0x0000000682c00000| Untracked 
| 524|0x0000000683000000, 0x0000000683400000, 0x0000000683400000|100%| O|  |TAMS 0x0000000683000000, 0x0000000683000000| Untracked 
| 525|0x0000000683400000, 0x0000000683800000, 0x0000000683800000|100%|HS|  |TAMS 0x0000000683400000, 0x0000000683400000| Complete 
| 526|0x0000000683800000, 0x0000000683c00000, 0x0000000683c00000|100%|HC|  |TAMS 0x0000000683800000, 0x0000000683800000| Complete 
| 527|0x0000000683c00000, 0x0000000684000000, 0x0000000684000000|100%| O|  |TAMS 0x0000000683c00000, 0x0000000683c00000| Untracked 
| 528|0x0000000684000000, 0x0000000684400000, 0x0000000684400000|100%| O|  |TAMS 0x0000000684000000, 0x0000000684000000| Untracked 
| 529|0x0000000684400000, 0x0000000684800000, 0x0000000684800000|100%| O|  |TAMS 0x0000000684400000, 0x0000000684400000| Untracked 
| 530|0x0000000684800000, 0x0000000684c00000, 0x0000000684c00000|100%|HS|  |TAMS 0x0000000684800000, 0x0000000684800000| Complete 
| 531|0x0000000684c00000, 0x0000000685000000, 0x0000000685000000|100%|HC|  |TAMS 0x0000000684c00000, 0x0000000684c00000| Complete 
| 532|0x0000000685000000, 0x0000000685400000, 0x0000000685400000|100%|HS|  |TAMS 0x0000000685000000, 0x0000000685000000| Complete 
| 533|0x0000000685400000, 0x0000000685800000, 0x0000000685800000|100%| O|  |TAMS 0x0000000685400000, 0x0000000685400000| Untracked 
| 534|0x0000000685800000, 0x0000000685c00000, 0x0000000685c00000|100%| O|  |TAMS 0x0000000685800000, 0x0000000685800000| Untracked 
| 535|0x0000000685c00000, 0x0000000686000000, 0x0000000686000000|100%| O|  |TAMS 0x0000000685c00000, 0x0000000685c00000| Untracked 
| 536|0x0000000686000000, 0x0000000686400000, 0x0000000686400000|100%| O|  |TAMS 0x0000000686000000, 0x0000000686000000| Untracked 
| 537|0x0000000686400000, 0x0000000686800000, 0x0000000686800000|100%| O|  |TAMS 0x0000000686400000, 0x0000000686400000| Untracked 
| 538|0x0000000686800000, 0x0000000686c00000, 0x0000000686c00000|100%| O|  |TAMS 0x0000000686800000, 0x0000000686800000| Untracked 
| 539|0x0000000686c00000, 0x0000000687000000, 0x0000000687000000|100%| O|  |TAMS 0x0000000686c00000, 0x0000000686c00000| Untracked 
| 540|0x0000000687000000, 0x0000000687400000, 0x0000000687400000|100%| O|  |TAMS 0x0000000687000000, 0x0000000687000000| Untracked 
| 541|0x0000000687400000, 0x0000000687800000, 0x0000000687800000|100%| O|  |TAMS 0x0000000687400000, 0x0000000687400000| Untracked 
| 542|0x0000000687800000, 0x0000000687c00000, 0x0000000687c00000|100%| O|  |TAMS 0x0000000687800000, 0x0000000687800000| Untracked 
| 543|0x0000000687c00000, 0x0000000688000000, 0x0000000688000000|100%| O|  |TAMS 0x0000000687c00000, 0x0000000687c00000| Untracked 
| 544|0x0000000688000000, 0x0000000688400000, 0x0000000688400000|100%| O|  |TAMS 0x0000000688000000, 0x0000000688000000| Untracked 
| 545|0x0000000688400000, 0x0000000688800000, 0x0000000688800000|100%| O|  |TAMS 0x0000000688400000, 0x0000000688400000| Untracked 
| 546|0x0000000688800000, 0x0000000688c00000, 0x0000000688c00000|100%| O|  |TAMS 0x0000000688800000, 0x0000000688800000| Untracked 
| 547|0x0000000688c00000, 0x0000000689000000, 0x0000000689000000|100%| O|  |TAMS 0x0000000688c00000, 0x0000000688c00000| Untracked 
| 548|0x0000000689000000, 0x0000000689400000, 0x0000000689400000|100%| O|  |TAMS 0x0000000689000000, 0x0000000689000000| Untracked 
| 549|0x0000000689400000, 0x0000000689800000, 0x0000000689800000|100%| O|  |TAMS 0x0000000689400000, 0x0000000689400000| Untracked 
| 550|0x0000000689800000, 0x0000000689c00000, 0x0000000689c00000|100%| O|  |TAMS 0x0000000689800000, 0x0000000689800000| Untracked 
| 551|0x0000000689c00000, 0x000000068a000000, 0x000000068a000000|100%| O|  |TAMS 0x0000000689c00000, 0x0000000689c00000| Untracked 
| 552|0x000000068a000000, 0x000000068a400000, 0x000000068a400000|100%| O|  |TAMS 0x000000068a000000, 0x000000068a000000| Untracked 
| 553|0x000000068a400000, 0x000000068a800000, 0x000000068a800000|100%| O|  |TAMS 0x000000068a400000, 0x000000068a400000| Untracked 
| 554|0x000000068a800000, 0x000000068ac00000, 0x000000068ac00000|100%| O|  |TAMS 0x000000068a800000, 0x000000068a800000| Untracked 
| 555|0x000000068ac00000, 0x000000068b000000, 0x000000068b000000|100%| O|  |TAMS 0x000000068ac00000, 0x000000068ac00000| Untracked 
| 556|0x000000068b000000, 0x000000068b400000, 0x000000068b400000|100%| O|  |TAMS 0x000000068b000000, 0x000000068b000000| Untracked 
| 557|0x000000068b400000, 0x000000068b800000, 0x000000068b800000|100%| O|  |TAMS 0x000000068b400000, 0x000000068b400000| Untracked 
| 558|0x000000068b800000, 0x000000068bc00000, 0x000000068bc00000|100%| O|  |TAMS 0x000000068b800000, 0x000000068b800000| Untracked 
| 559|0x000000068bc00000, 0x000000068c000000, 0x000000068c000000|100%| O|  |TAMS 0x000000068bc00000, 0x000000068bc00000| Untracked 
| 560|0x000000068c000000, 0x000000068c400000, 0x000000068c400000|100%| O|  |TAMS 0x000000068c000000, 0x000000068c000000| Untracked 
| 561|0x000000068c400000, 0x000000068c800000, 0x000000068c800000|100%| O|  |TAMS 0x000000068c400000, 0x000000068c400000| Untracked 
| 562|0x000000068c800000, 0x000000068cc00000, 0x000000068cc00000|100%| O|  |TAMS 0x000000068c800000, 0x000000068c800000| Untracked 
| 563|0x000000068cc00000, 0x000000068d000000, 0x000000068d000000|100%| O|  |TAMS 0x000000068cc00000, 0x000000068cc00000| Untracked 
| 564|0x000000068d000000, 0x000000068d400000, 0x000000068d400000|100%| O|  |TAMS 0x000000068d000000, 0x000000068d000000| Untracked 
| 565|0x000000068d400000, 0x000000068d800000, 0x000000068d800000|100%| O|  |TAMS 0x000000068d400000, 0x000000068d400000| Untracked 
| 566|0x000000068d800000, 0x000000068dc00000, 0x000000068dc00000|100%| O|  |TAMS 0x000000068d800000, 0x000000068d800000| Untracked 
| 567|0x000000068dc00000, 0x000000068e000000, 0x000000068e000000|100%| O|  |TAMS 0x000000068dc00000, 0x000000068dc00000| Untracked 
| 568|0x000000068e000000, 0x000000068e400000, 0x000000068e400000|100%| O|  |TAMS 0x000000068e000000, 0x000000068e000000| Untracked 
| 569|0x000000068e400000, 0x000000068e800000, 0x000000068e800000|100%| O|  |TAMS 0x000000068e400000, 0x000000068e400000| Untracked 
| 570|0x000000068e800000, 0x000000068ec00000, 0x000000068ec00000|100%| O|  |TAMS 0x000000068e800000, 0x000000068e800000| Untracked 
| 571|0x000000068ec00000, 0x000000068f000000, 0x000000068f000000|100%| O|  |TAMS 0x000000068ec00000, 0x000000068ec00000| Untracked 
| 572|0x000000068f000000, 0x000000068f400000, 0x000000068f400000|100%| O|  |TAMS 0x000000068f000000, 0x000000068f000000| Untracked 
| 573|0x000000068f400000, 0x000000068f800000, 0x000000068f800000|100%| O|  |TAMS 0x000000068f400000, 0x000000068f400000| Untracked 
| 574|0x000000068f800000, 0x000000068fc00000, 0x000000068fc00000|100%| O|  |TAMS 0x000000068f800000, 0x000000068f800000| Untracked 
| 575|0x000000068fc00000, 0x0000000690000000, 0x0000000690000000|100%| O|  |TAMS 0x000000068fc00000, 0x000000068fc00000| Untracked 
| 576|0x0000000690000000, 0x0000000690400000, 0x0000000690400000|100%| O|  |TAMS 0x0000000690000000, 0x0000000690000000| Untracked 
| 577|0x0000000690400000, 0x0000000690800000, 0x0000000690800000|100%| O|  |TAMS 0x0000000690400000, 0x0000000690400000| Untracked 
| 578|0x0000000690800000, 0x0000000690c00000, 0x0000000690c00000|100%| O|  |TAMS 0x0000000690800000, 0x0000000690800000| Untracked 
| 579|0x0000000690c00000, 0x0000000691000000, 0x0000000691000000|100%| O|  |TAMS 0x0000000690c00000, 0x0000000690c00000| Untracked 
| 580|0x0000000691000000, 0x0000000691200000, 0x0000000691400000| 50%| O|  |TAMS 0x0000000691000000, 0x0000000691000000| Untracked 
| 581|0x0000000691400000, 0x0000000691400000, 0x0000000691800000|  0%| F|  |TAMS 0x0000000691400000, 0x0000000691400000| Untracked 
| 582|0x0000000691800000, 0x0000000691800000, 0x0000000691c00000|  0%| F|  |TAMS 0x0000000691800000, 0x0000000691800000| Untracked 
| 583|0x0000000691c00000, 0x0000000691c00000, 0x0000000692000000|  0%| F|  |TAMS 0x0000000691c00000, 0x0000000691c00000| Untracked 
| 584|0x0000000692000000, 0x0000000692000000, 0x0000000692400000|  0%| F|  |TAMS 0x0000000692000000, 0x0000000692000000| Untracked 
| 585|0x0000000692400000, 0x0000000692400000, 0x0000000692800000|  0%| F|  |TAMS 0x0000000692400000, 0x0000000692400000| Untracked 
| 586|0x0000000692800000, 0x0000000692800000, 0x0000000692c00000|  0%| F|  |TAMS 0x0000000692800000, 0x0000000692800000| Untracked 
| 587|0x0000000692c00000, 0x0000000692c00000, 0x0000000693000000|  0%| F|  |TAMS 0x0000000692c00000, 0x0000000692c00000| Untracked 
| 588|0x0000000693000000, 0x0000000693000000, 0x0000000693400000|  0%| F|  |TAMS 0x0000000693000000, 0x0000000693000000| Untracked 
| 589|0x0000000693400000, 0x0000000693400000, 0x0000000693800000|  0%| F|  |TAMS 0x0000000693400000, 0x0000000693400000| Untracked 
| 590|0x0000000693800000, 0x0000000693800000, 0x0000000693c00000|  0%| F|  |TAMS 0x0000000693800000, 0x0000000693800000| Untracked 
| 591|0x0000000693c00000, 0x0000000693c00000, 0x0000000694000000|  0%| F|  |TAMS 0x0000000693c00000, 0x0000000693c00000| Untracked 
| 592|0x0000000694000000, 0x0000000694000000, 0x0000000694400000|  0%| F|  |TAMS 0x0000000694000000, 0x0000000694000000| Untracked 
| 593|0x0000000694400000, 0x0000000694400000, 0x0000000694800000|  0%| F|  |TAMS 0x0000000694400000, 0x0000000694400000| Untracked 
| 594|0x0000000694800000, 0x0000000694800000, 0x0000000694c00000|  0%| F|  |TAMS 0x0000000694800000, 0x0000000694800000| Untracked 
| 595|0x0000000694c00000, 0x0000000694c00000, 0x0000000695000000|  0%| F|  |TAMS 0x0000000694c00000, 0x0000000694c00000| Untracked 
| 596|0x0000000695000000, 0x0000000695000000, 0x0000000695400000|  0%| F|  |TAMS 0x0000000695000000, 0x0000000695000000| Untracked 
| 597|0x0000000695400000, 0x0000000695400000, 0x0000000695800000|  0%| F|  |TAMS 0x0000000695400000, 0x0000000695400000| Untracked 
| 598|0x0000000695800000, 0x0000000695800000, 0x0000000695c00000|  0%| F|  |TAMS 0x0000000695800000, 0x0000000695800000| Untracked 
| 599|0x0000000695c00000, 0x0000000695c00000, 0x0000000696000000|  0%| F|  |TAMS 0x0000000695c00000, 0x0000000695c00000| Untracked 
| 600|0x0000000696000000, 0x0000000696000000, 0x0000000696400000|  0%| F|  |TAMS 0x0000000696000000, 0x0000000696000000| Untracked 
| 601|0x0000000696400000, 0x0000000696400000, 0x0000000696800000|  0%| F|  |TAMS 0x0000000696400000, 0x0000000696400000| Untracked 
| 602|0x0000000696800000, 0x0000000696800000, 0x0000000696c00000|  0%| F|  |TAMS 0x0000000696800000, 0x0000000696800000| Untracked 
| 603|0x0000000696c00000, 0x0000000696c00000, 0x0000000697000000|  0%| F|  |TAMS 0x0000000696c00000, 0x0000000696c00000| Untracked 
| 604|0x0000000697000000, 0x0000000697000000, 0x0000000697400000|  0%| F|  |TAMS 0x0000000697000000, 0x0000000697000000| Untracked 
| 605|0x0000000697400000, 0x0000000697400000, 0x0000000697800000|  0%| F|  |TAMS 0x0000000697400000, 0x0000000697400000| Untracked 
| 606|0x0000000697800000, 0x0000000697800000, 0x0000000697c00000|  0%| F|  |TAMS 0x0000000697800000, 0x0000000697800000| Untracked 
| 607|0x0000000697c00000, 0x0000000697c00000, 0x0000000698000000|  0%| F|  |TAMS 0x0000000697c00000, 0x0000000697c00000| Untracked 
| 608|0x0000000698000000, 0x0000000698000000, 0x0000000698400000|  0%| F|  |TAMS 0x0000000698000000, 0x0000000698000000| Untracked 
| 609|0x0000000698400000, 0x0000000698400000, 0x0000000698800000|  0%| F|  |TAMS 0x0000000698400000, 0x0000000698400000| Untracked 
| 610|0x0000000698800000, 0x0000000698800000, 0x0000000698c00000|  0%| F|  |TAMS 0x0000000698800000, 0x0000000698800000| Untracked 
| 611|0x0000000698c00000, 0x0000000698c00000, 0x0000000699000000|  0%| F|  |TAMS 0x0000000698c00000, 0x0000000698c00000| Untracked 
| 612|0x0000000699000000, 0x0000000699000000, 0x0000000699400000|  0%| F|  |TAMS 0x0000000699000000, 0x0000000699000000| Untracked 
| 613|0x0000000699400000, 0x0000000699400000, 0x0000000699800000|  0%| F|  |TAMS 0x0000000699400000, 0x0000000699400000| Untracked 
| 614|0x0000000699800000, 0x0000000699800000, 0x0000000699c00000|  0%| F|  |TAMS 0x0000000699800000, 0x0000000699800000| Untracked 
| 615|0x0000000699c00000, 0x0000000699c00000, 0x000000069a000000|  0%| F|  |TAMS 0x0000000699c00000, 0x0000000699c00000| Untracked 
| 616|0x000000069a000000, 0x000000069a000000, 0x000000069a400000|  0%| F|  |TAMS 0x000000069a000000, 0x000000069a000000| Untracked 
| 617|0x000000069a400000, 0x000000069a400000, 0x000000069a800000|  0%| F|  |TAMS 0x000000069a400000, 0x000000069a400000| Untracked 
| 618|0x000000069a800000, 0x000000069a800000, 0x000000069ac00000|  0%| F|  |TAMS 0x000000069a800000, 0x000000069a800000| Untracked 
| 619|0x000000069ac00000, 0x000000069ac00000, 0x000000069b000000|  0%| F|  |TAMS 0x000000069ac00000, 0x000000069ac00000| Untracked 
| 620|0x000000069b000000, 0x000000069b000000, 0x000000069b400000|  0%| F|  |TAMS 0x000000069b000000, 0x000000069b000000| Untracked 
| 621|0x000000069b400000, 0x000000069b400000, 0x000000069b800000|  0%| F|  |TAMS 0x000000069b400000, 0x000000069b400000| Untracked 
| 622|0x000000069b800000, 0x000000069b800000, 0x000000069bc00000|  0%| F|  |TAMS 0x000000069b800000, 0x000000069b800000| Untracked 
| 623|0x000000069bc00000, 0x000000069bc00000, 0x000000069c000000|  0%| F|  |TAMS 0x000000069bc00000, 0x000000069bc00000| Untracked 
| 624|0x000000069c000000, 0x000000069c000000, 0x000000069c400000|  0%| F|  |TAMS 0x000000069c000000, 0x000000069c000000| Untracked 
| 625|0x000000069c400000, 0x000000069c400000, 0x000000069c800000|  0%| F|  |TAMS 0x000000069c400000, 0x000000069c400000| Untracked 
| 626|0x000000069c800000, 0x000000069c800000, 0x000000069cc00000|  0%| F|  |TAMS 0x000000069c800000, 0x000000069c800000| Untracked 
| 627|0x000000069cc00000, 0x000000069cc00000, 0x000000069d000000|  0%| F|  |TAMS 0x000000069cc00000, 0x000000069cc00000| Untracked 
| 628|0x000000069d000000, 0x000000069d000000, 0x000000069d400000|  0%| F|  |TAMS 0x000000069d000000, 0x000000069d000000| Untracked 
| 629|0x000000069d400000, 0x000000069d400000, 0x000000069d800000|  0%| F|  |TAMS 0x000000069d400000, 0x000000069d400000| Untracked 
| 630|0x000000069d800000, 0x000000069d800000, 0x000000069dc00000|  0%| F|  |TAMS 0x000000069d800000, 0x000000069d800000| Untracked 
| 631|0x000000069dc00000, 0x000000069dc00000, 0x000000069e000000|  0%| F|  |TAMS 0x000000069dc00000, 0x000000069dc00000| Untracked 
| 632|0x000000069e000000, 0x000000069e000000, 0x000000069e400000|  0%| F|  |TAMS 0x000000069e000000, 0x000000069e000000| Untracked 
| 633|0x000000069e400000, 0x000000069e400000, 0x000000069e800000|  0%| F|  |TAMS 0x000000069e400000, 0x000000069e400000| Untracked 
| 634|0x000000069e800000, 0x000000069e800000, 0x000000069ec00000|  0%| F|  |TAMS 0x000000069e800000, 0x000000069e800000| Untracked 
| 635|0x000000069ec00000, 0x000000069ec00000, 0x000000069f000000|  0%| F|  |TAMS 0x000000069ec00000, 0x000000069ec00000| Untracked 
| 636|0x000000069f000000, 0x000000069f000000, 0x000000069f400000|  0%| F|  |TAMS 0x000000069f000000, 0x000000069f000000| Untracked 
| 637|0x000000069f400000, 0x000000069f400000, 0x000000069f800000|  0%| F|  |TAMS 0x000000069f400000, 0x000000069f400000| Untracked 
| 638|0x000000069f800000, 0x000000069f800000, 0x000000069fc00000|  0%| F|  |TAMS 0x000000069f800000, 0x000000069f800000| Untracked 
| 639|0x000000069fc00000, 0x000000069fc00000, 0x00000006a0000000|  0%| F|  |TAMS 0x000000069fc00000, 0x000000069fc00000| Untracked 
| 640|0x00000006a0000000, 0x00000006a0000000, 0x00000006a0400000|  0%| F|  |TAMS 0x00000006a0000000, 0x00000006a0000000| Untracked 
| 641|0x00000006a0400000, 0x00000006a0400000, 0x00000006a0800000|  0%| F|  |TAMS 0x00000006a0400000, 0x00000006a0400000| Untracked 
| 642|0x00000006a0800000, 0x00000006a0800000, 0x00000006a0c00000|  0%| F|  |TAMS 0x00000006a0800000, 0x00000006a0800000| Untracked 
| 643|0x00000006a0c00000, 0x00000006a0c00000, 0x00000006a1000000|  0%| F|  |TAMS 0x00000006a0c00000, 0x00000006a0c00000| Untracked 
| 644|0x00000006a1000000, 0x00000006a1000000, 0x00000006a1400000|  0%| F|  |TAMS 0x00000006a1000000, 0x00000006a1000000| Untracked 
| 645|0x00000006a1400000, 0x00000006a1400000, 0x00000006a1800000|  0%| F|  |TAMS 0x00000006a1400000, 0x00000006a1400000| Untracked 
| 646|0x00000006a1800000, 0x00000006a1800000, 0x00000006a1c00000|  0%| F|  |TAMS 0x00000006a1800000, 0x00000006a1800000| Untracked 
| 647|0x00000006a1c00000, 0x00000006a1c00000, 0x00000006a2000000|  0%| F|  |TAMS 0x00000006a1c00000, 0x00000006a1c00000| Untracked 
| 648|0x00000006a2000000, 0x00000006a2000000, 0x00000006a2400000|  0%| F|  |TAMS 0x00000006a2000000, 0x00000006a2000000| Untracked 
| 649|0x00000006a2400000, 0x00000006a2400000, 0x00000006a2800000|  0%| F|  |TAMS 0x00000006a2400000, 0x00000006a2400000| Untracked 
| 650|0x00000006a2800000, 0x00000006a2800000, 0x00000006a2c00000|  0%| F|  |TAMS 0x00000006a2800000, 0x00000006a2800000| Untracked 
| 651|0x00000006a2c00000, 0x00000006a2c00000, 0x00000006a3000000|  0%| F|  |TAMS 0x00000006a2c00000, 0x00000006a2c00000| Untracked 
| 652|0x00000006a3000000, 0x00000006a3000000, 0x00000006a3400000|  0%| F|  |TAMS 0x00000006a3000000, 0x00000006a3000000| Untracked 
| 653|0x00000006a3400000, 0x00000006a3400000, 0x00000006a3800000|  0%| F|  |TAMS 0x00000006a3400000, 0x00000006a3400000| Untracked 
| 654|0x00000006a3800000, 0x00000006a3800000, 0x00000006a3c00000|  0%| F|  |TAMS 0x00000006a3800000, 0x00000006a3800000| Untracked 
| 655|0x00000006a3c00000, 0x00000006a3c00000, 0x00000006a4000000|  0%| F|  |TAMS 0x00000006a3c00000, 0x00000006a3c00000| Untracked 
| 656|0x00000006a4000000, 0x00000006a4000000, 0x00000006a4400000|  0%| F|  |TAMS 0x00000006a4000000, 0x00000006a4000000| Untracked 
| 657|0x00000006a4400000, 0x00000006a4400000, 0x00000006a4800000|  0%| F|  |TAMS 0x00000006a4400000, 0x00000006a4400000| Untracked 
| 658|0x00000006a4800000, 0x00000006a4800000, 0x00000006a4c00000|  0%| F|  |TAMS 0x00000006a4800000, 0x00000006a4800000| Untracked 
| 659|0x00000006a4c00000, 0x00000006a4c00000, 0x00000006a5000000|  0%| F|  |TAMS 0x00000006a4c00000, 0x00000006a4c00000| Untracked 
| 660|0x00000006a5000000, 0x00000006a5000000, 0x00000006a5400000|  0%| F|  |TAMS 0x00000006a5000000, 0x00000006a5000000| Untracked 
| 661|0x00000006a5400000, 0x00000006a5400000, 0x00000006a5800000|  0%| F|  |TAMS 0x00000006a5400000, 0x00000006a5400000| Untracked 
| 662|0x00000006a5800000, 0x00000006a5800000, 0x00000006a5c00000|  0%| F|  |TAMS 0x00000006a5800000, 0x00000006a5800000| Untracked 
| 663|0x00000006a5c00000, 0x00000006a5c00000, 0x00000006a6000000|  0%| F|  |TAMS 0x00000006a5c00000, 0x00000006a5c00000| Untracked 
| 664|0x00000006a6000000, 0x00000006a6000000, 0x00000006a6400000|  0%| F|  |TAMS 0x00000006a6000000, 0x00000006a6000000| Untracked 
| 665|0x00000006a6400000, 0x00000006a6400000, 0x00000006a6800000|  0%| F|  |TAMS 0x00000006a6400000, 0x00000006a6400000| Untracked 
| 666|0x00000006a6800000, 0x00000006a6800000, 0x00000006a6c00000|  0%| F|  |TAMS 0x00000006a6800000, 0x00000006a6800000| Untracked 
| 667|0x00000006a6c00000, 0x00000006a6c00000, 0x00000006a7000000|  0%| F|  |TAMS 0x00000006a6c00000, 0x00000006a6c00000| Untracked 
| 668|0x00000006a7000000, 0x00000006a7000000, 0x00000006a7400000|  0%| F|  |TAMS 0x00000006a7000000, 0x00000006a7000000| Untracked 
| 669|0x00000006a7400000, 0x00000006a7400000, 0x00000006a7800000|  0%| F|  |TAMS 0x00000006a7400000, 0x00000006a7400000| Untracked 
| 670|0x00000006a7800000, 0x00000006a7800000, 0x00000006a7c00000|  0%| F|  |TAMS 0x00000006a7800000, 0x00000006a7800000| Untracked 
| 671|0x00000006a7c00000, 0x00000006a7c00000, 0x00000006a8000000|  0%| F|  |TAMS 0x00000006a7c00000, 0x00000006a7c00000| Untracked 
| 672|0x00000006a8000000, 0x00000006a8000000, 0x00000006a8400000|  0%| F|  |TAMS 0x00000006a8000000, 0x00000006a8000000| Untracked 
| 673|0x00000006a8400000, 0x00000006a8400000, 0x00000006a8800000|  0%| F|  |TAMS 0x00000006a8400000, 0x00000006a8400000| Untracked 
| 674|0x00000006a8800000, 0x00000006a8800000, 0x00000006a8c00000|  0%| F|  |TAMS 0x00000006a8800000, 0x00000006a8800000| Untracked 
| 675|0x00000006a8c00000, 0x00000006a8c00000, 0x00000006a9000000|  0%| F|  |TAMS 0x00000006a8c00000, 0x00000006a8c00000| Untracked 
| 676|0x00000006a9000000, 0x00000006a9000000, 0x00000006a9400000|  0%| F|  |TAMS 0x00000006a9000000, 0x00000006a9000000| Untracked 
| 677|0x00000006a9400000, 0x00000006a9400000, 0x00000006a9800000|  0%| F|  |TAMS 0x00000006a9400000, 0x00000006a9400000| Untracked 
| 678|0x00000006a9800000, 0x00000006a9800000, 0x00000006a9c00000|  0%| F|  |TAMS 0x00000006a9800000, 0x00000006a9800000| Untracked 
| 679|0x00000006a9c00000, 0x00000006a9c00000, 0x00000006aa000000|  0%| F|  |TAMS 0x00000006a9c00000, 0x00000006a9c00000| Untracked 
| 680|0x00000006aa000000, 0x00000006aa000000, 0x00000006aa400000|  0%| F|  |TAMS 0x00000006aa000000, 0x00000006aa000000| Untracked 
| 681|0x00000006aa400000, 0x00000006aa400000, 0x00000006aa800000|  0%| F|  |TAMS 0x00000006aa400000, 0x00000006aa400000| Untracked 
| 682|0x00000006aa800000, 0x00000006aa800000, 0x00000006aac00000|  0%| F|  |TAMS 0x00000006aa800000, 0x00000006aa800000| Untracked 
| 683|0x00000006aac00000, 0x00000006aac00000, 0x00000006ab000000|  0%| F|  |TAMS 0x00000006aac00000, 0x00000006aac00000| Untracked 
| 684|0x00000006ab000000, 0x00000006ab000000, 0x00000006ab400000|  0%| F|  |TAMS 0x00000006ab000000, 0x00000006ab000000| Untracked 
| 685|0x00000006ab400000, 0x00000006ab400000, 0x00000006ab800000|  0%| F|  |TAMS 0x00000006ab400000, 0x00000006ab400000| Untracked 
| 686|0x00000006ab800000, 0x00000006ab800000, 0x00000006abc00000|  0%| F|  |TAMS 0x00000006ab800000, 0x00000006ab800000| Untracked 
| 687|0x00000006abc00000, 0x00000006abc00000, 0x00000006ac000000|  0%| F|  |TAMS 0x00000006abc00000, 0x00000006abc00000| Untracked 
| 688|0x00000006ac000000, 0x00000006ac000000, 0x00000006ac400000|  0%| F|  |TAMS 0x00000006ac000000, 0x00000006ac000000| Untracked 
| 689|0x00000006ac400000, 0x00000006ac400000, 0x00000006ac800000|  0%| F|  |TAMS 0x00000006ac400000, 0x00000006ac400000| Untracked 
| 690|0x00000006ac800000, 0x00000006ac800000, 0x00000006acc00000|  0%| F|  |TAMS 0x00000006ac800000, 0x00000006ac800000| Untracked 
| 691|0x00000006acc00000, 0x00000006acc00000, 0x00000006ad000000|  0%| F|  |TAMS 0x00000006acc00000, 0x00000006acc00000| Untracked 
| 692|0x00000006ad000000, 0x00000006ad000000, 0x00000006ad400000|  0%| F|  |TAMS 0x00000006ad000000, 0x00000006ad000000| Untracked 
| 693|0x00000006ad400000, 0x00000006ad400000, 0x00000006ad800000|  0%| F|  |TAMS 0x00000006ad400000, 0x00000006ad400000| Untracked 
| 694|0x00000006ad800000, 0x00000006ad800000, 0x00000006adc00000|  0%| F|  |TAMS 0x00000006ad800000, 0x00000006ad800000| Untracked 
| 695|0x00000006adc00000, 0x00000006adc00000, 0x00000006ae000000|  0%| F|  |TAMS 0x00000006adc00000, 0x00000006adc00000| Untracked 
| 696|0x00000006ae000000, 0x00000006ae000000, 0x00000006ae400000|  0%| F|  |TAMS 0x00000006ae000000, 0x00000006ae000000| Untracked 
| 697|0x00000006ae400000, 0x00000006ae400000, 0x00000006ae800000|  0%| F|  |TAMS 0x00000006ae400000, 0x00000006ae400000| Untracked 
| 698|0x00000006ae800000, 0x00000006ae800000, 0x00000006aec00000|  0%| F|  |TAMS 0x00000006ae800000, 0x00000006ae800000| Untracked 
| 699|0x00000006aec00000, 0x00000006aec00000, 0x00000006af000000|  0%| F|  |TAMS 0x00000006aec00000, 0x00000006aec00000| Untracked 
| 700|0x00000006af000000, 0x00000006af000000, 0x00000006af400000|  0%| F|  |TAMS 0x00000006af000000, 0x00000006af000000| Untracked 
| 701|0x00000006af400000, 0x00000006af400000, 0x00000006af800000|  0%| F|  |TAMS 0x00000006af400000, 0x00000006af400000| Untracked 
| 702|0x00000006af800000, 0x00000006af800000, 0x00000006afc00000|  0%| F|  |TAMS 0x00000006af800000, 0x00000006af800000| Untracked 
| 703|0x00000006afc00000, 0x00000006afc00000, 0x00000006b0000000|  0%| F|  |TAMS 0x00000006afc00000, 0x00000006afc00000| Untracked 
| 704|0x00000006b0000000, 0x00000006b0000000, 0x00000006b0400000|  0%| F|  |TAMS 0x00000006b0000000, 0x00000006b0000000| Untracked 
| 705|0x00000006b0400000, 0x00000006b0400000, 0x00000006b0800000|  0%| F|  |TAMS 0x00000006b0400000, 0x00000006b0400000| Untracked 
| 706|0x00000006b0800000, 0x00000006b0800000, 0x00000006b0c00000|  0%| F|  |TAMS 0x00000006b0800000, 0x00000006b0800000| Untracked 
| 707|0x00000006b0c00000, 0x00000006b0c00000, 0x00000006b1000000|  0%| F|  |TAMS 0x00000006b0c00000, 0x00000006b0c00000| Untracked 
| 708|0x00000006b1000000, 0x00000006b1000000, 0x00000006b1400000|  0%| F|  |TAMS 0x00000006b1000000, 0x00000006b1000000| Untracked 
| 709|0x00000006b1400000, 0x00000006b1400000, 0x00000006b1800000|  0%| F|  |TAMS 0x00000006b1400000, 0x00000006b1400000| Untracked 
| 710|0x00000006b1800000, 0x00000006b1800000, 0x00000006b1c00000|  0%| F|  |TAMS 0x00000006b1800000, 0x00000006b1800000| Untracked 
| 711|0x00000006b1c00000, 0x00000006b1c00000, 0x00000006b2000000|  0%| F|  |TAMS 0x00000006b1c00000, 0x00000006b1c00000| Untracked 
| 712|0x00000006b2000000, 0x00000006b2000000, 0x00000006b2400000|  0%| F|  |TAMS 0x00000006b2000000, 0x00000006b2000000| Untracked 
| 713|0x00000006b2400000, 0x00000006b2400000, 0x00000006b2800000|  0%| F|  |TAMS 0x00000006b2400000, 0x00000006b2400000| Untracked 
| 714|0x00000006b2800000, 0x00000006b2800000, 0x00000006b2c00000|  0%| F|  |TAMS 0x00000006b2800000, 0x00000006b2800000| Untracked 
| 715|0x00000006b2c00000, 0x00000006b2c00000, 0x00000006b3000000|  0%| F|  |TAMS 0x00000006b2c00000, 0x00000006b2c00000| Untracked 
| 716|0x00000006b3000000, 0x00000006b3000000, 0x00000006b3400000|  0%| F|  |TAMS 0x00000006b3000000, 0x00000006b3000000| Untracked 
| 717|0x00000006b3400000, 0x00000006b3400000, 0x00000006b3800000|  0%| F|  |TAMS 0x00000006b3400000, 0x00000006b3400000| Untracked 
| 718|0x00000006b3800000, 0x00000006b3800000, 0x00000006b3c00000|  0%| F|  |TAMS 0x00000006b3800000, 0x00000006b3800000| Untracked 
| 719|0x00000006b3c00000, 0x00000006b3c00000, 0x00000006b4000000|  0%| F|  |TAMS 0x00000006b3c00000, 0x00000006b3c00000| Untracked 
| 720|0x00000006b4000000, 0x00000006b4000000, 0x00000006b4400000|  0%| F|  |TAMS 0x00000006b4000000, 0x00000006b4000000| Untracked 
| 721|0x00000006b4400000, 0x00000006b4400000, 0x00000006b4800000|  0%| F|  |TAMS 0x00000006b4400000, 0x00000006b4400000| Untracked 
| 722|0x00000006b4800000, 0x00000006b4800000, 0x00000006b4c00000|  0%| F|  |TAMS 0x00000006b4800000, 0x00000006b4800000| Untracked 
| 723|0x00000006b4c00000, 0x00000006b4c00000, 0x00000006b5000000|  0%| F|  |TAMS 0x00000006b4c00000, 0x00000006b4c00000| Untracked 
| 724|0x00000006b5000000, 0x00000006b5000000, 0x00000006b5400000|  0%| F|  |TAMS 0x00000006b5000000, 0x00000006b5000000| Untracked 
| 725|0x00000006b5400000, 0x00000006b5400000, 0x00000006b5800000|  0%| F|  |TAMS 0x00000006b5400000, 0x00000006b5400000| Untracked 
| 726|0x00000006b5800000, 0x00000006b5800000, 0x00000006b5c00000|  0%| F|  |TAMS 0x00000006b5800000, 0x00000006b5800000| Untracked 
| 727|0x00000006b5c00000, 0x00000006b5c00000, 0x00000006b6000000|  0%| F|  |TAMS 0x00000006b5c00000, 0x00000006b5c00000| Untracked 
| 728|0x00000006b6000000, 0x00000006b6000000, 0x00000006b6400000|  0%| F|  |TAMS 0x00000006b6000000, 0x00000006b6000000| Untracked 
| 729|0x00000006b6400000, 0x00000006b6400000, 0x00000006b6800000|  0%| F|  |TAMS 0x00000006b6400000, 0x00000006b6400000| Untracked 
| 730|0x00000006b6800000, 0x00000006b6800000, 0x00000006b6c00000|  0%| F|  |TAMS 0x00000006b6800000, 0x00000006b6800000| Untracked 
| 731|0x00000006b6c00000, 0x00000006b6c00000, 0x00000006b7000000|  0%| F|  |TAMS 0x00000006b6c00000, 0x00000006b6c00000| Untracked 
| 732|0x00000006b7000000, 0x00000006b7000000, 0x00000006b7400000|  0%| F|  |TAMS 0x00000006b7000000, 0x00000006b7000000| Untracked 
| 733|0x00000006b7400000, 0x00000006b7400000, 0x00000006b7800000|  0%| F|  |TAMS 0x00000006b7400000, 0x00000006b7400000| Untracked 
| 734|0x00000006b7800000, 0x00000006b7800000, 0x00000006b7c00000|  0%| F|  |TAMS 0x00000006b7800000, 0x00000006b7800000| Untracked 
| 735|0x00000006b7c00000, 0x00000006b7c00000, 0x00000006b8000000|  0%| F|  |TAMS 0x00000006b7c00000, 0x00000006b7c00000| Untracked 
| 736|0x00000006b8000000, 0x00000006b8000000, 0x00000006b8400000|  0%| F|  |TAMS 0x00000006b8000000, 0x00000006b8000000| Untracked 
| 737|0x00000006b8400000, 0x00000006b8400000, 0x00000006b8800000|  0%| F|  |TAMS 0x00000006b8400000, 0x00000006b8400000| Untracked 
| 738|0x00000006b8800000, 0x00000006b8800000, 0x00000006b8c00000|  0%| F|  |TAMS 0x00000006b8800000, 0x00000006b8800000| Untracked 
| 739|0x00000006b8c00000, 0x00000006b8c00000, 0x00000006b9000000|  0%| F|  |TAMS 0x00000006b8c00000, 0x00000006b8c00000| Untracked 
| 740|0x00000006b9000000, 0x00000006b9000000, 0x00000006b9400000|  0%| F|  |TAMS 0x00000006b9000000, 0x00000006b9000000| Untracked 
| 741|0x00000006b9400000, 0x00000006b9400000, 0x00000006b9800000|  0%| F|  |TAMS 0x00000006b9400000, 0x00000006b9400000| Untracked 
| 742|0x00000006b9800000, 0x00000006b9800000, 0x00000006b9c00000|  0%| F|  |TAMS 0x00000006b9800000, 0x00000006b9800000| Untracked 
| 743|0x00000006b9c00000, 0x00000006b9c00000, 0x00000006ba000000|  0%| F|  |TAMS 0x00000006b9c00000, 0x00000006b9c00000| Untracked 
| 744|0x00000006ba000000, 0x00000006ba000000, 0x00000006ba400000|  0%| F|  |TAMS 0x00000006ba000000, 0x00000006ba000000| Untracked 
| 745|0x00000006ba400000, 0x00000006ba400000, 0x00000006ba800000|  0%| F|  |TAMS 0x00000006ba400000, 0x00000006ba400000| Untracked 
| 746|0x00000006ba800000, 0x00000006ba800000, 0x00000006bac00000|  0%| F|  |TAMS 0x00000006ba800000, 0x00000006ba800000| Untracked 
| 747|0x00000006bac00000, 0x00000006bac00000, 0x00000006bb000000|  0%| F|  |TAMS 0x00000006bac00000, 0x00000006bac00000| Untracked 
| 748|0x00000006bb000000, 0x00000006bb000000, 0x00000006bb400000|  0%| F|  |TAMS 0x00000006bb000000, 0x00000006bb000000| Untracked 
| 749|0x00000006bb400000, 0x00000006bb400000, 0x00000006bb800000|  0%| F|  |TAMS 0x00000006bb400000, 0x00000006bb400000| Untracked 
| 750|0x00000006bb800000, 0x00000006bb800000, 0x00000006bbc00000|  0%| F|  |TAMS 0x00000006bb800000, 0x00000006bb800000| Untracked 
| 751|0x00000006bbc00000, 0x00000006bbc00000, 0x00000006bc000000|  0%| F|  |TAMS 0x00000006bbc00000, 0x00000006bbc00000| Untracked 
| 752|0x00000006bc000000, 0x00000006bc000000, 0x00000006bc400000|  0%| F|  |TAMS 0x00000006bc000000, 0x00000006bc000000| Untracked 
| 753|0x00000006bc400000, 0x00000006bc400000, 0x00000006bc800000|  0%| F|  |TAMS 0x00000006bc400000, 0x00000006bc400000| Untracked 
| 754|0x00000006bc800000, 0x00000006bc800000, 0x00000006bcc00000|  0%| F|  |TAMS 0x00000006bc800000, 0x00000006bc800000| Untracked 
| 755|0x00000006bcc00000, 0x00000006bcc00000, 0x00000006bd000000|  0%| F|  |TAMS 0x00000006bcc00000, 0x00000006bcc00000| Untracked 
| 756|0x00000006bd000000, 0x00000006bd000000, 0x00000006bd400000|  0%| F|  |TAMS 0x00000006bd000000, 0x00000006bd000000| Untracked 
| 757|0x00000006bd400000, 0x00000006bd400000, 0x00000006bd800000|  0%| F|  |TAMS 0x00000006bd400000, 0x00000006bd400000| Untracked 
| 758|0x00000006bd800000, 0x00000006bd800000, 0x00000006bdc00000|  0%| F|  |TAMS 0x00000006bd800000, 0x00000006bd800000| Untracked 
| 759|0x00000006bdc00000, 0x00000006bdc00000, 0x00000006be000000|  0%| F|  |TAMS 0x00000006bdc00000, 0x00000006bdc00000| Untracked 
| 760|0x00000006be000000, 0x00000006be000000, 0x00000006be400000|  0%| F|  |TAMS 0x00000006be000000, 0x00000006be000000| Untracked 
| 761|0x00000006be400000, 0x00000006be400000, 0x00000006be800000|  0%| F|  |TAMS 0x00000006be400000, 0x00000006be400000| Untracked 
| 762|0x00000006be800000, 0x00000006be800000, 0x00000006bec00000|  0%| F|  |TAMS 0x00000006be800000, 0x00000006be800000| Untracked 
| 763|0x00000006bec00000, 0x00000006bec00000, 0x00000006bf000000|  0%| F|  |TAMS 0x00000006bec00000, 0x00000006bec00000| Untracked 
| 764|0x00000006bf000000, 0x00000006bf000000, 0x00000006bf400000|  0%| F|  |TAMS 0x00000006bf000000, 0x00000006bf000000| Untracked 
| 765|0x00000006bf400000, 0x00000006bf400000, 0x00000006bf800000|  0%| F|  |TAMS 0x00000006bf400000, 0x00000006bf400000| Untracked 
| 766|0x00000006bf800000, 0x00000006bf800000, 0x00000006bfc00000|  0%| F|  |TAMS 0x00000006bf800000, 0x00000006bf800000| Untracked 
| 767|0x00000006bfc00000, 0x00000006bfc00000, 0x00000006c0000000|  0%| F|  |TAMS 0x00000006bfc00000, 0x00000006bfc00000| Untracked 
| 768|0x00000006c0000000, 0x00000006c0000000, 0x00000006c0400000|  0%| F|  |TAMS 0x00000006c0000000, 0x00000006c0000000| Untracked 
| 769|0x00000006c0400000, 0x00000006c0400000, 0x00000006c0800000|  0%| F|  |TAMS 0x00000006c0400000, 0x00000006c0400000| Untracked 
| 770|0x00000006c0800000, 0x00000006c0800000, 0x00000006c0c00000|  0%| F|  |TAMS 0x00000006c0800000, 0x00000006c0800000| Untracked 
| 771|0x00000006c0c00000, 0x00000006c0c00000, 0x00000006c1000000|  0%| F|  |TAMS 0x00000006c0c00000, 0x00000006c0c00000| Untracked 
| 772|0x00000006c1000000, 0x00000006c1000000, 0x00000006c1400000|  0%| F|  |TAMS 0x00000006c1000000, 0x00000006c1000000| Untracked 
| 773|0x00000006c1400000, 0x00000006c1400000, 0x00000006c1800000|  0%| F|  |TAMS 0x00000006c1400000, 0x00000006c1400000| Untracked 
| 774|0x00000006c1800000, 0x00000006c1800000, 0x00000006c1c00000|  0%| F|  |TAMS 0x00000006c1800000, 0x00000006c1800000| Untracked 
| 775|0x00000006c1c00000, 0x00000006c1c00000, 0x00000006c2000000|  0%| F|  |TAMS 0x00000006c1c00000, 0x00000006c1c00000| Untracked 
| 776|0x00000006c2000000, 0x00000006c2000000, 0x00000006c2400000|  0%| F|  |TAMS 0x00000006c2000000, 0x00000006c2000000| Untracked 
| 777|0x00000006c2400000, 0x00000006c2400000, 0x00000006c2800000|  0%| F|  |TAMS 0x00000006c2400000, 0x00000006c2400000| Untracked 
| 778|0x00000006c2800000, 0x00000006c2800000, 0x00000006c2c00000|  0%| F|  |TAMS 0x00000006c2800000, 0x00000006c2800000| Untracked 
| 779|0x00000006c2c00000, 0x00000006c2c00000, 0x00000006c3000000|  0%| F|  |TAMS 0x00000006c2c00000, 0x00000006c2c00000| Untracked 
| 780|0x00000006c3000000, 0x00000006c3000000, 0x00000006c3400000|  0%| F|  |TAMS 0x00000006c3000000, 0x00000006c3000000| Untracked 
| 781|0x00000006c3400000, 0x00000006c3400000, 0x00000006c3800000|  0%| F|  |TAMS 0x00000006c3400000, 0x00000006c3400000| Untracked 
| 782|0x00000006c3800000, 0x00000006c3800000, 0x00000006c3c00000|  0%| F|  |TAMS 0x00000006c3800000, 0x00000006c3800000| Untracked 
| 783|0x00000006c3c00000, 0x00000006c3c00000, 0x00000006c4000000|  0%| F|  |TAMS 0x00000006c3c00000, 0x00000006c3c00000| Untracked 
| 784|0x00000006c4000000, 0x00000006c4000000, 0x00000006c4400000|  0%| F|  |TAMS 0x00000006c4000000, 0x00000006c4000000| Untracked 
| 785|0x00000006c4400000, 0x00000006c4400000, 0x00000006c4800000|  0%| F|  |TAMS 0x00000006c4400000, 0x00000006c4400000| Untracked 
| 786|0x00000006c4800000, 0x00000006c4800000, 0x00000006c4c00000|  0%| F|  |TAMS 0x00000006c4800000, 0x00000006c4800000| Untracked 
| 787|0x00000006c4c00000, 0x00000006c4c00000, 0x00000006c5000000|  0%| F|  |TAMS 0x00000006c4c00000, 0x00000006c4c00000| Untracked 
| 788|0x00000006c5000000, 0x00000006c5000000, 0x00000006c5400000|  0%| F|  |TAMS 0x00000006c5000000, 0x00000006c5000000| Untracked 
| 789|0x00000006c5400000, 0x00000006c5400000, 0x00000006c5800000|  0%| F|  |TAMS 0x00000006c5400000, 0x00000006c5400000| Untracked 
| 790|0x00000006c5800000, 0x00000006c5800000, 0x00000006c5c00000|  0%| F|  |TAMS 0x00000006c5800000, 0x00000006c5800000| Untracked 
| 791|0x00000006c5c00000, 0x00000006c5c00000, 0x00000006c6000000|  0%| F|  |TAMS 0x00000006c5c00000, 0x00000006c5c00000| Untracked 
| 792|0x00000006c6000000, 0x00000006c6000000, 0x00000006c6400000|  0%| F|  |TAMS 0x00000006c6000000, 0x00000006c6000000| Untracked 
| 793|0x00000006c6400000, 0x00000006c6400000, 0x00000006c6800000|  0%| F|  |TAMS 0x00000006c6400000, 0x00000006c6400000| Untracked 
| 794|0x00000006c6800000, 0x00000006c6800000, 0x00000006c6c00000|  0%| F|  |TAMS 0x00000006c6800000, 0x00000006c6800000| Untracked 
| 795|0x00000006c6c00000, 0x00000006c6c00000, 0x00000006c7000000|  0%| F|  |TAMS 0x00000006c6c00000, 0x00000006c6c00000| Untracked 
| 796|0x00000006c7000000, 0x00000006c7000000, 0x00000006c7400000|  0%| F|  |TAMS 0x00000006c7000000, 0x00000006c7000000| Untracked 
| 797|0x00000006c7400000, 0x00000006c7400000, 0x00000006c7800000|  0%| F|  |TAMS 0x00000006c7400000, 0x00000006c7400000| Untracked 
| 798|0x00000006c7800000, 0x00000006c7800000, 0x00000006c7c00000|  0%| F|  |TAMS 0x00000006c7800000, 0x00000006c7800000| Untracked 
| 799|0x00000006c7c00000, 0x00000006c7c00000, 0x00000006c8000000|  0%| F|  |TAMS 0x00000006c7c00000, 0x00000006c7c00000| Untracked 
| 800|0x00000006c8000000, 0x00000006c8000000, 0x00000006c8400000|  0%| F|  |TAMS 0x00000006c8000000, 0x00000006c8000000| Untracked 
| 801|0x00000006c8400000, 0x00000006c8400000, 0x00000006c8800000|  0%| F|  |TAMS 0x00000006c8400000, 0x00000006c8400000| Untracked 
| 802|0x00000006c8800000, 0x00000006c8800000, 0x00000006c8c00000|  0%| F|  |TAMS 0x00000006c8800000, 0x00000006c8800000| Untracked 
| 803|0x00000006c8c00000, 0x00000006c8c00000, 0x00000006c9000000|  0%| F|  |TAMS 0x00000006c8c00000, 0x00000006c8c00000| Untracked 
| 804|0x00000006c9000000, 0x00000006c9000000, 0x00000006c9400000|  0%| F|  |TAMS 0x00000006c9000000, 0x00000006c9000000| Untracked 
| 805|0x00000006c9400000, 0x00000006c9400000, 0x00000006c9800000|  0%| F|  |TAMS 0x00000006c9400000, 0x00000006c9400000| Untracked 
| 806|0x00000006c9800000, 0x00000006c9800000, 0x00000006c9c00000|  0%| F|  |TAMS 0x00000006c9800000, 0x00000006c9800000| Untracked 
| 807|0x00000006c9c00000, 0x00000006c9c00000, 0x00000006ca000000|  0%| F|  |TAMS 0x00000006c9c00000, 0x00000006c9c00000| Untracked 
| 808|0x00000006ca000000, 0x00000006ca000000, 0x00000006ca400000|  0%| F|  |TAMS 0x00000006ca000000, 0x00000006ca000000| Untracked 
| 809|0x00000006ca400000, 0x00000006ca400000, 0x00000006ca800000|  0%| F|  |TAMS 0x00000006ca400000, 0x00000006ca400000| Untracked 
| 810|0x00000006ca800000, 0x00000006ca800000, 0x00000006cac00000|  0%| F|  |TAMS 0x00000006ca800000, 0x00000006ca800000| Untracked 
| 811|0x00000006cac00000, 0x00000006cac00000, 0x00000006cb000000|  0%| F|  |TAMS 0x00000006cac00000, 0x00000006cac00000| Untracked 
| 812|0x00000006cb000000, 0x00000006cb000000, 0x00000006cb400000|  0%| F|  |TAMS 0x00000006cb000000, 0x00000006cb000000| Untracked 
| 813|0x00000006cb400000, 0x00000006cb400000, 0x00000006cb800000|  0%| F|  |TAMS 0x00000006cb400000, 0x00000006cb400000| Untracked 
| 814|0x00000006cb800000, 0x00000006cb800000, 0x00000006cbc00000|  0%| F|  |TAMS 0x00000006cb800000, 0x00000006cb800000| Untracked 
| 815|0x00000006cbc00000, 0x00000006cbc00000, 0x00000006cc000000|  0%| F|  |TAMS 0x00000006cbc00000, 0x00000006cbc00000| Untracked 
| 816|0x00000006cc000000, 0x00000006cc000000, 0x00000006cc400000|  0%| F|  |TAMS 0x00000006cc000000, 0x00000006cc000000| Untracked 
| 817|0x00000006cc400000, 0x00000006cc400000, 0x00000006cc800000|  0%| F|  |TAMS 0x00000006cc400000, 0x00000006cc400000| Untracked 
| 818|0x00000006cc800000, 0x00000006cc800000, 0x00000006ccc00000|  0%| F|  |TAMS 0x00000006cc800000, 0x00000006cc800000| Untracked 
| 819|0x00000006ccc00000, 0x00000006ccc00000, 0x00000006cd000000|  0%| F|  |TAMS 0x00000006ccc00000, 0x00000006ccc00000| Untracked 
| 820|0x00000006cd000000, 0x00000006cd000000, 0x00000006cd400000|  0%| F|  |TAMS 0x00000006cd000000, 0x00000006cd000000| Untracked 
| 821|0x00000006cd400000, 0x00000006cd400000, 0x00000006cd800000|  0%| F|  |TAMS 0x00000006cd400000, 0x00000006cd400000| Untracked 
| 822|0x00000006cd800000, 0x00000006cd800000, 0x00000006cdc00000|  0%| F|  |TAMS 0x00000006cd800000, 0x00000006cd800000| Untracked 
| 823|0x00000006cdc00000, 0x00000006cdc00000, 0x00000006ce000000|  0%| F|  |TAMS 0x00000006cdc00000, 0x00000006cdc00000| Untracked 
| 824|0x00000006ce000000, 0x00000006ce000000, 0x00000006ce400000|  0%| F|  |TAMS 0x00000006ce000000, 0x00000006ce000000| Untracked 
| 825|0x00000006ce400000, 0x00000006ce400000, 0x00000006ce800000|  0%| F|  |TAMS 0x00000006ce400000, 0x00000006ce400000| Untracked 
| 826|0x00000006ce800000, 0x00000006ce800000, 0x00000006cec00000|  0%| F|  |TAMS 0x00000006ce800000, 0x00000006ce800000| Untracked 
| 827|0x00000006cec00000, 0x00000006cec00000, 0x00000006cf000000|  0%| F|  |TAMS 0x00000006cec00000, 0x00000006cec00000| Untracked 
| 828|0x00000006cf000000, 0x00000006cf000000, 0x00000006cf400000|  0%| F|  |TAMS 0x00000006cf000000, 0x00000006cf000000| Untracked 
| 829|0x00000006cf400000, 0x00000006cf400000, 0x00000006cf800000|  0%| F|  |TAMS 0x00000006cf400000, 0x00000006cf400000| Untracked 
| 830|0x00000006cf800000, 0x00000006cf800000, 0x00000006cfc00000|  0%| F|  |TAMS 0x00000006cf800000, 0x00000006cf800000| Untracked 
| 831|0x00000006cfc00000, 0x00000006cfc00000, 0x00000006d0000000|  0%| F|  |TAMS 0x00000006cfc00000, 0x00000006cfc00000| Untracked 
| 832|0x00000006d0000000, 0x00000006d0000000, 0x00000006d0400000|  0%| F|  |TAMS 0x00000006d0000000, 0x00000006d0000000| Untracked 
| 833|0x00000006d0400000, 0x00000006d0400000, 0x00000006d0800000|  0%| F|  |TAMS 0x00000006d0400000, 0x00000006d0400000| Untracked 
| 834|0x00000006d0800000, 0x00000006d0800000, 0x00000006d0c00000|  0%| F|  |TAMS 0x00000006d0800000, 0x00000006d0800000| Untracked 
| 835|0x00000006d0c00000, 0x00000006d0c00000, 0x00000006d1000000|  0%| F|  |TAMS 0x00000006d0c00000, 0x00000006d0c00000| Untracked 
| 836|0x00000006d1000000, 0x00000006d1000000, 0x00000006d1400000|  0%| F|  |TAMS 0x00000006d1000000, 0x00000006d1000000| Untracked 
| 837|0x00000006d1400000, 0x00000006d1400000, 0x00000006d1800000|  0%| F|  |TAMS 0x00000006d1400000, 0x00000006d1400000| Untracked 
| 838|0x00000006d1800000, 0x00000006d1800000, 0x00000006d1c00000|  0%| F|  |TAMS 0x00000006d1800000, 0x00000006d1800000| Untracked 
| 839|0x00000006d1c00000, 0x00000006d1c00000, 0x00000006d2000000|  0%| F|  |TAMS 0x00000006d1c00000, 0x00000006d1c00000| Untracked 
| 840|0x00000006d2000000, 0x00000006d2000000, 0x00000006d2400000|  0%| F|  |TAMS 0x00000006d2000000, 0x00000006d2000000| Untracked 
| 841|0x00000006d2400000, 0x00000006d2400000, 0x00000006d2800000|  0%| F|  |TAMS 0x00000006d2400000, 0x00000006d2400000| Untracked 
| 842|0x00000006d2800000, 0x00000006d2800000, 0x00000006d2c00000|  0%| F|  |TAMS 0x00000006d2800000, 0x00000006d2800000| Untracked 
| 843|0x00000006d2c00000, 0x00000006d2c00000, 0x00000006d3000000|  0%| F|  |TAMS 0x00000006d2c00000, 0x00000006d2c00000| Untracked 
| 844|0x00000006d3000000, 0x00000006d3000000, 0x00000006d3400000|  0%| F|  |TAMS 0x00000006d3000000, 0x00000006d3000000| Untracked 
| 845|0x00000006d3400000, 0x00000006d3400000, 0x00000006d3800000|  0%| F|  |TAMS 0x00000006d3400000, 0x00000006d3400000| Untracked 
| 846|0x00000006d3800000, 0x00000006d3800000, 0x00000006d3c00000|  0%| F|  |TAMS 0x00000006d3800000, 0x00000006d3800000| Untracked 
| 847|0x00000006d3c00000, 0x00000006d3c00000, 0x00000006d4000000|  0%| F|  |TAMS 0x00000006d3c00000, 0x00000006d3c00000| Untracked 
| 848|0x00000006d4000000, 0x00000006d4000000, 0x00000006d4400000|  0%| F|  |TAMS 0x00000006d4000000, 0x00000006d4000000| Untracked 
| 849|0x00000006d4400000, 0x00000006d4400000, 0x00000006d4800000|  0%| F|  |TAMS 0x00000006d4400000, 0x00000006d4400000| Untracked 
| 850|0x00000006d4800000, 0x00000006d4800000, 0x00000006d4c00000|  0%| F|  |TAMS 0x00000006d4800000, 0x00000006d4800000| Untracked 
| 851|0x00000006d4c00000, 0x00000006d4c00000, 0x00000006d5000000|  0%| F|  |TAMS 0x00000006d4c00000, 0x00000006d4c00000| Untracked 
| 852|0x00000006d5000000, 0x00000006d5000000, 0x00000006d5400000|  0%| F|  |TAMS 0x00000006d5000000, 0x00000006d5000000| Untracked 
| 853|0x00000006d5400000, 0x00000006d5400000, 0x00000006d5800000|  0%| F|  |TAMS 0x00000006d5400000, 0x00000006d5400000| Untracked 
| 854|0x00000006d5800000, 0x00000006d5800000, 0x00000006d5c00000|  0%| F|  |TAMS 0x00000006d5800000, 0x00000006d5800000| Untracked 
| 855|0x00000006d5c00000, 0x00000006d5c00000, 0x00000006d6000000|  0%| F|  |TAMS 0x00000006d5c00000, 0x00000006d5c00000| Untracked 
| 856|0x00000006d6000000, 0x00000006d6000000, 0x00000006d6400000|  0%| F|  |TAMS 0x00000006d6000000, 0x00000006d6000000| Untracked 
| 857|0x00000006d6400000, 0x00000006d6400000, 0x00000006d6800000|  0%| F|  |TAMS 0x00000006d6400000, 0x00000006d6400000| Untracked 
| 858|0x00000006d6800000, 0x00000006d6800000, 0x00000006d6c00000|  0%| F|  |TAMS 0x00000006d6800000, 0x00000006d6800000| Untracked 
| 859|0x00000006d6c00000, 0x00000006d6c00000, 0x00000006d7000000|  0%| F|  |TAMS 0x00000006d6c00000, 0x00000006d6c00000| Untracked 
| 860|0x00000006d7000000, 0x00000006d7000000, 0x00000006d7400000|  0%| F|  |TAMS 0x00000006d7000000, 0x00000006d7000000| Untracked 
| 861|0x00000006d7400000, 0x00000006d7400000, 0x00000006d7800000|  0%| F|  |TAMS 0x00000006d7400000, 0x00000006d7400000| Untracked 
| 862|0x00000006d7800000, 0x00000006d7800000, 0x00000006d7c00000|  0%| F|  |TAMS 0x00000006d7800000, 0x00000006d7800000| Untracked 
| 863|0x00000006d7c00000, 0x00000006d7c00000, 0x00000006d8000000|  0%| F|  |TAMS 0x00000006d7c00000, 0x00000006d7c00000| Untracked 
| 864|0x00000006d8000000, 0x00000006d8000000, 0x00000006d8400000|  0%| F|  |TAMS 0x00000006d8000000, 0x00000006d8000000| Untracked 
| 865|0x00000006d8400000, 0x00000006d8400000, 0x00000006d8800000|  0%| F|  |TAMS 0x00000006d8400000, 0x00000006d8400000| Untracked 
| 866|0x00000006d8800000, 0x00000006d8800000, 0x00000006d8c00000|  0%| F|  |TAMS 0x00000006d8800000, 0x00000006d8800000| Untracked 
| 867|0x00000006d8c00000, 0x00000006d8c00000, 0x00000006d9000000|  0%| F|  |TAMS 0x00000006d8c00000, 0x00000006d8c00000| Untracked 
| 868|0x00000006d9000000, 0x00000006d9000000, 0x00000006d9400000|  0%| F|  |TAMS 0x00000006d9000000, 0x00000006d9000000| Untracked 
| 869|0x00000006d9400000, 0x00000006d9400000, 0x00000006d9800000|  0%| F|  |TAMS 0x00000006d9400000, 0x00000006d9400000| Untracked 
| 870|0x00000006d9800000, 0x00000006d9800000, 0x00000006d9c00000|  0%| F|  |TAMS 0x00000006d9800000, 0x00000006d9800000| Untracked 
| 871|0x00000006d9c00000, 0x00000006d9c00000, 0x00000006da000000|  0%| F|  |TAMS 0x00000006d9c00000, 0x00000006d9c00000| Untracked 
| 872|0x00000006da000000, 0x00000006da000000, 0x00000006da400000|  0%| F|  |TAMS 0x00000006da000000, 0x00000006da000000| Untracked 
| 873|0x00000006da400000, 0x00000006da400000, 0x00000006da800000|  0%| F|  |TAMS 0x00000006da400000, 0x00000006da400000| Untracked 
| 874|0x00000006da800000, 0x00000006da800000, 0x00000006dac00000|  0%| F|  |TAMS 0x00000006da800000, 0x00000006da800000| Untracked 
| 875|0x00000006dac00000, 0x00000006dac00000, 0x00000006db000000|  0%| F|  |TAMS 0x00000006dac00000, 0x00000006dac00000| Untracked 
| 876|0x00000006db000000, 0x00000006db000000, 0x00000006db400000|  0%| F|  |TAMS 0x00000006db000000, 0x00000006db000000| Untracked 
| 877|0x00000006db400000, 0x00000006db400000, 0x00000006db800000|  0%| F|  |TAMS 0x00000006db400000, 0x00000006db400000| Untracked 
| 878|0x00000006db800000, 0x00000006db800000, 0x00000006dbc00000|  0%| F|  |TAMS 0x00000006db800000, 0x00000006db800000| Untracked 
| 879|0x00000006dbc00000, 0x00000006dbc00000, 0x00000006dc000000|  0%| F|  |TAMS 0x00000006dbc00000, 0x00000006dbc00000| Untracked 
| 880|0x00000006dc000000, 0x00000006dc000000, 0x00000006dc400000|  0%| F|  |TAMS 0x00000006dc000000, 0x00000006dc000000| Untracked 
| 881|0x00000006dc400000, 0x00000006dc400000, 0x00000006dc800000|  0%| F|  |TAMS 0x00000006dc400000, 0x00000006dc400000| Untracked 
| 882|0x00000006dc800000, 0x00000006dc800000, 0x00000006dcc00000|  0%| F|  |TAMS 0x00000006dc800000, 0x00000006dc800000| Untracked 
| 883|0x00000006dcc00000, 0x00000006dcc00000, 0x00000006dd000000|  0%| F|  |TAMS 0x00000006dcc00000, 0x00000006dcc00000| Untracked 
| 884|0x00000006dd000000, 0x00000006dd000000, 0x00000006dd400000|  0%| F|  |TAMS 0x00000006dd000000, 0x00000006dd000000| Untracked 
| 885|0x00000006dd400000, 0x00000006dd400000, 0x00000006dd800000|  0%| F|  |TAMS 0x00000006dd400000, 0x00000006dd400000| Untracked 
| 886|0x00000006dd800000, 0x00000006dd800000, 0x00000006ddc00000|  0%| F|  |TAMS 0x00000006dd800000, 0x00000006dd800000| Untracked 
| 887|0x00000006ddc00000, 0x00000006ddc00000, 0x00000006de000000|  0%| F|  |TAMS 0x00000006ddc00000, 0x00000006ddc00000| Untracked 
| 888|0x00000006de000000, 0x00000006de000000, 0x00000006de400000|  0%| F|  |TAMS 0x00000006de000000, 0x00000006de000000| Untracked 
| 889|0x00000006de400000, 0x00000006de400000, 0x00000006de800000|  0%| F|  |TAMS 0x00000006de400000, 0x00000006de400000| Untracked 
| 890|0x00000006de800000, 0x00000006de800000, 0x00000006dec00000|  0%| F|  |TAMS 0x00000006de800000, 0x00000006de800000| Untracked 
| 891|0x00000006dec00000, 0x00000006dec00000, 0x00000006df000000|  0%| F|  |TAMS 0x00000006dec00000, 0x00000006dec00000| Untracked 
| 892|0x00000006df000000, 0x00000006df000000, 0x00000006df400000|  0%| F|  |TAMS 0x00000006df000000, 0x00000006df000000| Untracked 
| 893|0x00000006df400000, 0x00000006df400000, 0x00000006df800000|  0%| F|  |TAMS 0x00000006df400000, 0x00000006df400000| Untracked 
| 894|0x00000006df800000, 0x00000006df800000, 0x00000006dfc00000|  0%| F|  |TAMS 0x00000006df800000, 0x00000006df800000| Untracked 
| 895|0x00000006dfc00000, 0x00000006dfc00000, 0x00000006e0000000|  0%| F|  |TAMS 0x00000006dfc00000, 0x00000006dfc00000| Untracked 
| 896|0x00000006e0000000, 0x00000006e0000000, 0x00000006e0400000|  0%| F|  |TAMS 0x00000006e0000000, 0x00000006e0000000| Untracked 
| 897|0x00000006e0400000, 0x00000006e0400000, 0x00000006e0800000|  0%| F|  |TAMS 0x00000006e0400000, 0x00000006e0400000| Untracked 
| 898|0x00000006e0800000, 0x00000006e0800000, 0x00000006e0c00000|  0%| F|  |TAMS 0x00000006e0800000, 0x00000006e0800000| Untracked 
| 899|0x00000006e0c00000, 0x00000006e0c00000, 0x00000006e1000000|  0%| F|  |TAMS 0x00000006e0c00000, 0x00000006e0c00000| Untracked 
| 900|0x00000006e1000000, 0x00000006e1000000, 0x00000006e1400000|  0%| F|  |TAMS 0x00000006e1000000, 0x00000006e1000000| Untracked 
| 901|0x00000006e1400000, 0x00000006e1400000, 0x00000006e1800000|  0%| F|  |TAMS 0x00000006e1400000, 0x00000006e1400000| Untracked 
| 902|0x00000006e1800000, 0x00000006e1800000, 0x00000006e1c00000|  0%| F|  |TAMS 0x00000006e1800000, 0x00000006e1800000| Untracked 
| 903|0x00000006e1c00000, 0x00000006e1c00000, 0x00000006e2000000|  0%| F|  |TAMS 0x00000006e1c00000, 0x00000006e1c00000| Untracked 
| 904|0x00000006e2000000, 0x00000006e2000000, 0x00000006e2400000|  0%| F|  |TAMS 0x00000006e2000000, 0x00000006e2000000| Untracked 
| 905|0x00000006e2400000, 0x00000006e2400000, 0x00000006e2800000|  0%| F|  |TAMS 0x00000006e2400000, 0x00000006e2400000| Untracked 
| 906|0x00000006e2800000, 0x00000006e2800000, 0x00000006e2c00000|  0%| F|  |TAMS 0x00000006e2800000, 0x00000006e2800000| Untracked 
| 907|0x00000006e2c00000, 0x00000006e2c00000, 0x00000006e3000000|  0%| F|  |TAMS 0x00000006e2c00000, 0x00000006e2c00000| Untracked 
| 908|0x00000006e3000000, 0x00000006e3000000, 0x00000006e3400000|  0%| F|  |TAMS 0x00000006e3000000, 0x00000006e3000000| Untracked 
| 909|0x00000006e3400000, 0x00000006e3400000, 0x00000006e3800000|  0%| F|  |TAMS 0x00000006e3400000, 0x00000006e3400000| Untracked 
| 910|0x00000006e3800000, 0x00000006e3800000, 0x00000006e3c00000|  0%| F|  |TAMS 0x00000006e3800000, 0x00000006e3800000| Untracked 
| 911|0x00000006e3c00000, 0x00000006e3c00000, 0x00000006e4000000|  0%| F|  |TAMS 0x00000006e3c00000, 0x00000006e3c00000| Untracked 
| 912|0x00000006e4000000, 0x00000006e4000000, 0x00000006e4400000|  0%| F|  |TAMS 0x00000006e4000000, 0x00000006e4000000| Untracked 
| 913|0x00000006e4400000, 0x00000006e4400000, 0x00000006e4800000|  0%| F|  |TAMS 0x00000006e4400000, 0x00000006e4400000| Untracked 
| 914|0x00000006e4800000, 0x00000006e4800000, 0x00000006e4c00000|  0%| F|  |TAMS 0x00000006e4800000, 0x00000006e4800000| Untracked 
| 915|0x00000006e4c00000, 0x00000006e4c00000, 0x00000006e5000000|  0%| F|  |TAMS 0x00000006e4c00000, 0x00000006e4c00000| Untracked 
| 916|0x00000006e5000000, 0x00000006e5000000, 0x00000006e5400000|  0%| F|  |TAMS 0x00000006e5000000, 0x00000006e5000000| Untracked 
| 917|0x00000006e5400000, 0x00000006e5400000, 0x00000006e5800000|  0%| F|  |TAMS 0x00000006e5400000, 0x00000006e5400000| Untracked 
| 918|0x00000006e5800000, 0x00000006e5800000, 0x00000006e5c00000|  0%| F|  |TAMS 0x00000006e5800000, 0x00000006e5800000| Untracked 
| 919|0x00000006e5c00000, 0x00000006e5c00000, 0x00000006e6000000|  0%| F|  |TAMS 0x00000006e5c00000, 0x00000006e5c00000| Untracked 
| 920|0x00000006e6000000, 0x00000006e6000000, 0x00000006e6400000|  0%| F|  |TAMS 0x00000006e6000000, 0x00000006e6000000| Untracked 
| 921|0x00000006e6400000, 0x00000006e6400000, 0x00000006e6800000|  0%| F|  |TAMS 0x00000006e6400000, 0x00000006e6400000| Untracked 
| 922|0x00000006e6800000, 0x00000006e6800000, 0x00000006e6c00000|  0%| F|  |TAMS 0x00000006e6800000, 0x00000006e6800000| Untracked 
| 923|0x00000006e6c00000, 0x00000006e6c00000, 0x00000006e7000000|  0%| F|  |TAMS 0x00000006e6c00000, 0x00000006e6c00000| Untracked 
| 924|0x00000006e7000000, 0x00000006e7000000, 0x00000006e7400000|  0%| F|  |TAMS 0x00000006e7000000, 0x00000006e7000000| Untracked 
| 925|0x00000006e7400000, 0x00000006e7400000, 0x00000006e7800000|  0%| F|  |TAMS 0x00000006e7400000, 0x00000006e7400000| Untracked 
| 926|0x00000006e7800000, 0x00000006e7800000, 0x00000006e7c00000|  0%| F|  |TAMS 0x00000006e7800000, 0x00000006e7800000| Untracked 
| 927|0x00000006e7c00000, 0x00000006e7c00000, 0x00000006e8000000|  0%| F|  |TAMS 0x00000006e7c00000, 0x00000006e7c00000| Untracked 
| 928|0x00000006e8000000, 0x00000006e8000000, 0x00000006e8400000|  0%| F|  |TAMS 0x00000006e8000000, 0x00000006e8000000| Untracked 
| 929|0x00000006e8400000, 0x00000006e8400000, 0x00000006e8800000|  0%| F|  |TAMS 0x00000006e8400000, 0x00000006e8400000| Untracked 
| 930|0x00000006e8800000, 0x00000006e8800000, 0x00000006e8c00000|  0%| F|  |TAMS 0x00000006e8800000, 0x00000006e8800000| Untracked 
| 931|0x00000006e8c00000, 0x00000006e8c00000, 0x00000006e9000000|  0%| F|  |TAMS 0x00000006e8c00000, 0x00000006e8c00000| Untracked 
| 932|0x00000006e9000000, 0x00000006e9000000, 0x00000006e9400000|  0%| F|  |TAMS 0x00000006e9000000, 0x00000006e9000000| Untracked 
| 933|0x00000006e9400000, 0x00000006e9400000, 0x00000006e9800000|  0%| F|  |TAMS 0x00000006e9400000, 0x00000006e9400000| Untracked 
| 934|0x00000006e9800000, 0x00000006e9800000, 0x00000006e9c00000|  0%| F|  |TAMS 0x00000006e9800000, 0x00000006e9800000| Untracked 
| 935|0x00000006e9c00000, 0x00000006e9c00000, 0x00000006ea000000|  0%| F|  |TAMS 0x00000006e9c00000, 0x00000006e9c00000| Untracked 
| 936|0x00000006ea000000, 0x00000006ea000000, 0x00000006ea400000|  0%| F|  |TAMS 0x00000006ea000000, 0x00000006ea000000| Untracked 
| 937|0x00000006ea400000, 0x00000006ea400000, 0x00000006ea800000|  0%| F|  |TAMS 0x00000006ea400000, 0x00000006ea400000| Untracked 
| 938|0x00000006ea800000, 0x00000006ea800000, 0x00000006eac00000|  0%| F|  |TAMS 0x00000006ea800000, 0x00000006ea800000| Untracked 
| 939|0x00000006eac00000, 0x00000006eac00000, 0x00000006eb000000|  0%| F|  |TAMS 0x00000006eac00000, 0x00000006eac00000| Untracked 
| 940|0x00000006eb000000, 0x00000006eb000000, 0x00000006eb400000|  0%| F|  |TAMS 0x00000006eb000000, 0x00000006eb000000| Untracked 
| 941|0x00000006eb400000, 0x00000006eb400000, 0x00000006eb800000|  0%| F|  |TAMS 0x00000006eb400000, 0x00000006eb400000| Untracked 
| 942|0x00000006eb800000, 0x00000006eb800000, 0x00000006ebc00000|  0%| F|  |TAMS 0x00000006eb800000, 0x00000006eb800000| Untracked 
| 943|0x00000006ebc00000, 0x00000006ebc00000, 0x00000006ec000000|  0%| F|  |TAMS 0x00000006ebc00000, 0x00000006ebc00000| Untracked 
| 944|0x00000006ec000000, 0x00000006ec000000, 0x00000006ec400000|  0%| F|  |TAMS 0x00000006ec000000, 0x00000006ec000000| Untracked 
| 945|0x00000006ec400000, 0x00000006ec400000, 0x00000006ec800000|  0%| F|  |TAMS 0x00000006ec400000, 0x00000006ec400000| Untracked 
| 946|0x00000006ec800000, 0x00000006ec800000, 0x00000006ecc00000|  0%| F|  |TAMS 0x00000006ec800000, 0x00000006ec800000| Untracked 
| 947|0x00000006ecc00000, 0x00000006ecc00000, 0x00000006ed000000|  0%| F|  |TAMS 0x00000006ecc00000, 0x00000006ecc00000| Untracked 
| 948|0x00000006ed000000, 0x00000006ed000000, 0x00000006ed400000|  0%| F|  |TAMS 0x00000006ed000000, 0x00000006ed000000| Untracked 
| 949|0x00000006ed400000, 0x00000006ed400000, 0x00000006ed800000|  0%| F|  |TAMS 0x00000006ed400000, 0x00000006ed400000| Untracked 
| 950|0x00000006ed800000, 0x00000006ed800000, 0x00000006edc00000|  0%| F|  |TAMS 0x00000006ed800000, 0x00000006ed800000| Untracked 
| 951|0x00000006edc00000, 0x00000006edc00000, 0x00000006ee000000|  0%| F|  |TAMS 0x00000006edc00000, 0x00000006edc00000| Untracked 
| 952|0x00000006ee000000, 0x00000006ee000000, 0x00000006ee400000|  0%| F|  |TAMS 0x00000006ee000000, 0x00000006ee000000| Untracked 
| 953|0x00000006ee400000, 0x00000006ee400000, 0x00000006ee800000|  0%| F|  |TAMS 0x00000006ee400000, 0x00000006ee400000| Untracked 
| 954|0x00000006ee800000, 0x00000006ee800000, 0x00000006eec00000|  0%| F|  |TAMS 0x00000006ee800000, 0x00000006ee800000| Untracked 
| 955|0x00000006eec00000, 0x00000006eec00000, 0x00000006ef000000|  0%| F|  |TAMS 0x00000006eec00000, 0x00000006eec00000| Untracked 
| 956|0x00000006ef000000, 0x00000006ef000000, 0x00000006ef400000|  0%| F|  |TAMS 0x00000006ef000000, 0x00000006ef000000| Untracked 
| 957|0x00000006ef400000, 0x00000006ef400000, 0x00000006ef800000|  0%| F|  |TAMS 0x00000006ef400000, 0x00000006ef400000| Untracked 
| 958|0x00000006ef800000, 0x00000006ef800000, 0x00000006efc00000|  0%| F|  |TAMS 0x00000006ef800000, 0x00000006ef800000| Untracked 
| 959|0x00000006efc00000, 0x00000006efc00000, 0x00000006f0000000|  0%| F|  |TAMS 0x00000006efc00000, 0x00000006efc00000| Untracked 
| 960|0x00000006f0000000, 0x00000006f0000000, 0x00000006f0400000|  0%| F|  |TAMS 0x00000006f0000000, 0x00000006f0000000| Untracked 
| 961|0x00000006f0400000, 0x00000006f0400000, 0x00000006f0800000|  0%| F|  |TAMS 0x00000006f0400000, 0x00000006f0400000| Untracked 
| 962|0x00000006f0800000, 0x00000006f0800000, 0x00000006f0c00000|  0%| F|  |TAMS 0x00000006f0800000, 0x00000006f0800000| Untracked 
| 963|0x00000006f0c00000, 0x00000006f0c00000, 0x00000006f1000000|  0%| F|  |TAMS 0x00000006f0c00000, 0x00000006f0c00000| Untracked 
| 964|0x00000006f1000000, 0x00000006f1000000, 0x00000006f1400000|  0%| F|  |TAMS 0x00000006f1000000, 0x00000006f1000000| Untracked 
| 965|0x00000006f1400000, 0x00000006f1400000, 0x00000006f1800000|  0%| F|  |TAMS 0x00000006f1400000, 0x00000006f1400000| Untracked 
| 966|0x00000006f1800000, 0x00000006f1800000, 0x00000006f1c00000|  0%| F|  |TAMS 0x00000006f1800000, 0x00000006f1800000| Untracked 
| 967|0x00000006f1c00000, 0x00000006f1c00000, 0x00000006f2000000|  0%| F|  |TAMS 0x00000006f1c00000, 0x00000006f1c00000| Untracked 
| 968|0x00000006f2000000, 0x00000006f2000000, 0x00000006f2400000|  0%| F|  |TAMS 0x00000006f2000000, 0x00000006f2000000| Untracked 
| 969|0x00000006f2400000, 0x00000006f2400000, 0x00000006f2800000|  0%| F|  |TAMS 0x00000006f2400000, 0x00000006f2400000| Untracked 
| 970|0x00000006f2800000, 0x00000006f2800000, 0x00000006f2c00000|  0%| F|  |TAMS 0x00000006f2800000, 0x00000006f2800000| Untracked 
| 971|0x00000006f2c00000, 0x00000006f2c00000, 0x00000006f3000000|  0%| F|  |TAMS 0x00000006f2c00000, 0x00000006f2c00000| Untracked 
| 972|0x00000006f3000000, 0x00000006f3000000, 0x00000006f3400000|  0%| F|  |TAMS 0x00000006f3000000, 0x00000006f3000000| Untracked 
| 973|0x00000006f3400000, 0x00000006f3400000, 0x00000006f3800000|  0%| F|  |TAMS 0x00000006f3400000, 0x00000006f3400000| Untracked 
| 974|0x00000006f3800000, 0x00000006f3800000, 0x00000006f3c00000|  0%| F|  |TAMS 0x00000006f3800000, 0x00000006f3800000| Untracked 
| 975|0x00000006f3c00000, 0x00000006f3c00000, 0x00000006f4000000|  0%| F|  |TAMS 0x00000006f3c00000, 0x00000006f3c00000| Untracked 
| 976|0x00000006f4000000, 0x00000006f4000000, 0x00000006f4400000|  0%| F|  |TAMS 0x00000006f4000000, 0x00000006f4000000| Untracked 
| 977|0x00000006f4400000, 0x00000006f4400000, 0x00000006f4800000|  0%| F|  |TAMS 0x00000006f4400000, 0x00000006f4400000| Untracked 
| 978|0x00000006f4800000, 0x00000006f4800000, 0x00000006f4c00000|  0%| F|  |TAMS 0x00000006f4800000, 0x00000006f4800000| Untracked 
| 979|0x00000006f4c00000, 0x00000006f4c00000, 0x00000006f5000000|  0%| F|  |TAMS 0x00000006f4c00000, 0x00000006f4c00000| Untracked 
| 980|0x00000006f5000000, 0x00000006f5000000, 0x00000006f5400000|  0%| F|  |TAMS 0x00000006f5000000, 0x00000006f5000000| Untracked 
| 981|0x00000006f5400000, 0x00000006f5400000, 0x00000006f5800000|  0%| F|  |TAMS 0x00000006f5400000, 0x00000006f5400000| Untracked 
| 982|0x00000006f5800000, 0x00000006f5800000, 0x00000006f5c00000|  0%| F|  |TAMS 0x00000006f5800000, 0x00000006f5800000| Untracked 
| 983|0x00000006f5c00000, 0x00000006f5c00000, 0x00000006f6000000|  0%| F|  |TAMS 0x00000006f5c00000, 0x00000006f5c00000| Untracked 
| 984|0x00000006f6000000, 0x00000006f6000000, 0x00000006f6400000|  0%| F|  |TAMS 0x00000006f6000000, 0x00000006f6000000| Untracked 
| 985|0x00000006f6400000, 0x00000006f6400000, 0x00000006f6800000|  0%| F|  |TAMS 0x00000006f6400000, 0x00000006f6400000| Untracked 
| 986|0x00000006f6800000, 0x00000006f6800000, 0x00000006f6c00000|  0%| F|  |TAMS 0x00000006f6800000, 0x00000006f6800000| Untracked 
| 987|0x00000006f6c00000, 0x00000006f6c00000, 0x00000006f7000000|  0%| F|  |TAMS 0x00000006f6c00000, 0x00000006f6c00000| Untracked 
| 988|0x00000006f7000000, 0x00000006f7000000, 0x00000006f7400000|  0%| F|  |TAMS 0x00000006f7000000, 0x00000006f7000000| Untracked 
| 989|0x00000006f7400000, 0x00000006f7400000, 0x00000006f7800000|  0%| F|  |TAMS 0x00000006f7400000, 0x00000006f7400000| Untracked 
| 990|0x00000006f7800000, 0x00000006f7800000, 0x00000006f7c00000|  0%| F|  |TAMS 0x00000006f7800000, 0x00000006f7800000| Untracked 
| 991|0x00000006f7c00000, 0x00000006f7c00000, 0x00000006f8000000|  0%| F|  |TAMS 0x00000006f7c00000, 0x00000006f7c00000| Untracked 
| 992|0x00000006f8000000, 0x00000006f8000000, 0x00000006f8400000|  0%| F|  |TAMS 0x00000006f8000000, 0x00000006f8000000| Untracked 
| 993|0x00000006f8400000, 0x00000006f8400000, 0x00000006f8800000|  0%| F|  |TAMS 0x00000006f8400000, 0x00000006f8400000| Untracked 
| 994|0x00000006f8800000, 0x00000006f8800000, 0x00000006f8c00000|  0%| F|  |TAMS 0x00000006f8800000, 0x00000006f8800000| Untracked 
| 995|0x00000006f8c00000, 0x00000006f8c00000, 0x00000006f9000000|  0%| F|  |TAMS 0x00000006f8c00000, 0x00000006f8c00000| Untracked 
| 996|0x00000006f9000000, 0x00000006f9000000, 0x00000006f9400000|  0%| F|  |TAMS 0x00000006f9000000, 0x00000006f9000000| Untracked 
| 997|0x00000006f9400000, 0x00000006f9400000, 0x00000006f9800000|  0%| F|  |TAMS 0x00000006f9400000, 0x00000006f9400000| Untracked 
| 998|0x00000006f9800000, 0x00000006f9800000, 0x00000006f9c00000|  0%| F|  |TAMS 0x00000006f9800000, 0x00000006f9800000| Untracked 
| 999|0x00000006f9c00000, 0x00000006f9c00000, 0x00000006fa000000|  0%| F|  |TAMS 0x00000006f9c00000, 0x00000006f9c00000| Untracked 
|1000|0x00000006fa000000, 0x00000006fa000000, 0x00000006fa400000|  0%| F|  |TAMS 0x00000006fa000000, 0x00000006fa000000| Untracked 
|1001|0x00000006fa400000, 0x00000006fa400000, 0x00000006fa800000|  0%| F|  |TAMS 0x00000006fa400000, 0x00000006fa400000| Untracked 
|1002|0x00000006fa800000, 0x00000006fa800000, 0x00000006fac00000|  0%| F|  |TAMS 0x00000006fa800000, 0x00000006fa800000| Untracked 
|1003|0x00000006fac00000, 0x00000006fac00000, 0x00000006fb000000|  0%| F|  |TAMS 0x00000006fac00000, 0x00000006fac00000| Untracked 
|1004|0x00000006fb000000, 0x00000006fb000000, 0x00000006fb400000|  0%| F|  |TAMS 0x00000006fb000000, 0x00000006fb000000| Untracked 
|1005|0x00000006fb400000, 0x00000006fb400000, 0x00000006fb800000|  0%| F|  |TAMS 0x00000006fb400000, 0x00000006fb400000| Untracked 
|1006|0x00000006fb800000, 0x00000006fb800000, 0x00000006fbc00000|  0%| F|  |TAMS 0x00000006fb800000, 0x00000006fb800000| Untracked 
|1007|0x00000006fbc00000, 0x00000006fbc00000, 0x00000006fc000000|  0%| F|  |TAMS 0x00000006fbc00000, 0x00000006fbc00000| Untracked 
|1008|0x00000006fc000000, 0x00000006fc000000, 0x00000006fc400000|  0%| F|  |TAMS 0x00000006fc000000, 0x00000006fc000000| Untracked 
|1009|0x00000006fc400000, 0x00000006fc400000, 0x00000006fc800000|  0%| F|  |TAMS 0x00000006fc400000, 0x00000006fc400000| Untracked 
|1010|0x00000006fc800000, 0x00000006fc800000, 0x00000006fcc00000|  0%| F|  |TAMS 0x00000006fc800000, 0x00000006fc800000| Untracked 
|1011|0x00000006fcc00000, 0x00000006fcc00000, 0x00000006fd000000|  0%| F|  |TAMS 0x00000006fcc00000, 0x00000006fcc00000| Untracked 
|1012|0x00000006fd000000, 0x00000006fd000000, 0x00000006fd400000|  0%| F|  |TAMS 0x00000006fd000000, 0x00000006fd000000| Untracked 
|1013|0x00000006fd400000, 0x00000006fd400000, 0x00000006fd800000|  0%| F|  |TAMS 0x00000006fd400000, 0x00000006fd400000| Untracked 
|1014|0x00000006fd800000, 0x00000006fd800000, 0x00000006fdc00000|  0%| F|  |TAMS 0x00000006fd800000, 0x00000006fd800000| Untracked 
|1015|0x00000006fdc00000, 0x00000006fdc00000, 0x00000006fe000000|  0%| F|  |TAMS 0x00000006fdc00000, 0x00000006fdc00000| Untracked 
|1016|0x00000006fe000000, 0x00000006fe000000, 0x00000006fe400000|  0%| F|  |TAMS 0x00000006fe000000, 0x00000006fe000000| Untracked 
|1017|0x00000006fe400000, 0x00000006fe400000, 0x00000006fe800000|  0%| F|  |TAMS 0x00000006fe400000, 0x00000006fe400000| Untracked 
|1018|0x00000006fe800000, 0x00000006fe800000, 0x00000006fec00000|  0%| F|  |TAMS 0x00000006fe800000, 0x00000006fe800000| Untracked 
|1019|0x00000006fec00000, 0x00000006fec00000, 0x00000006ff000000|  0%| F|  |TAMS 0x00000006fec00000, 0x00000006fec00000| Untracked 
|1020|0x00000006ff000000, 0x00000006ff000000, 0x00000006ff400000|  0%| F|  |TAMS 0x00000006ff000000, 0x00000006ff000000| Untracked 
|1021|0x00000006ff400000, 0x00000006ff400000, 0x00000006ff800000|  0%| F|  |TAMS 0x00000006ff400000, 0x00000006ff400000| Untracked 
|1022|0x00000006ff800000, 0x00000006ff800000, 0x00000006ffc00000|  0%| F|  |TAMS 0x00000006ff800000, 0x00000006ff800000| Untracked 
|1023|0x00000006ffc00000, 0x00000006ffc00000, 0x0000000700000000|  0%| F|  |TAMS 0x00000006ffc00000, 0x00000006ffc00000| Untracked 
|1024|0x0000000700000000, 0x0000000700000000, 0x0000000700400000|  0%| F|  |TAMS 0x0000000700000000, 0x0000000700000000| Untracked 
|1025|0x0000000700400000, 0x0000000700400000, 0x0000000700800000|  0%| F|  |TAMS 0x0000000700400000, 0x0000000700400000| Untracked 
|1026|0x0000000700800000, 0x0000000700800000, 0x0000000700c00000|  0%| F|  |TAMS 0x0000000700800000, 0x0000000700800000| Untracked 
|1027|0x0000000700c00000, 0x0000000700c00000, 0x0000000701000000|  0%| F|  |TAMS 0x0000000700c00000, 0x0000000700c00000| Untracked 
|1028|0x0000000701000000, 0x0000000701000000, 0x0000000701400000|  0%| F|  |TAMS 0x0000000701000000, 0x0000000701000000| Untracked 
|1029|0x0000000701400000, 0x0000000701400000, 0x0000000701800000|  0%| F|  |TAMS 0x0000000701400000, 0x0000000701400000| Untracked 
|1030|0x0000000701800000, 0x0000000701800000, 0x0000000701c00000|  0%| F|  |TAMS 0x0000000701800000, 0x0000000701800000| Untracked 
|1031|0x0000000701c00000, 0x0000000701c00000, 0x0000000702000000|  0%| F|  |TAMS 0x0000000701c00000, 0x0000000701c00000| Untracked 
|1032|0x0000000702000000, 0x0000000702000000, 0x0000000702400000|  0%| F|  |TAMS 0x0000000702000000, 0x0000000702000000| Untracked 
|1033|0x0000000702400000, 0x0000000702400000, 0x0000000702800000|  0%| F|  |TAMS 0x0000000702400000, 0x0000000702400000| Untracked 
|1034|0x0000000702800000, 0x0000000702800000, 0x0000000702c00000|  0%| F|  |TAMS 0x0000000702800000, 0x0000000702800000| Untracked 
|1035|0x0000000702c00000, 0x0000000702c00000, 0x0000000703000000|  0%| F|  |TAMS 0x0000000702c00000, 0x0000000702c00000| Untracked 
|1036|0x0000000703000000, 0x0000000703000000, 0x0000000703400000|  0%| F|  |TAMS 0x0000000703000000, 0x0000000703000000| Untracked 
|1037|0x0000000703400000, 0x0000000703400000, 0x0000000703800000|  0%| F|  |TAMS 0x0000000703400000, 0x0000000703400000| Untracked 
|1038|0x0000000703800000, 0x0000000703800000, 0x0000000703c00000|  0%| F|  |TAMS 0x0000000703800000, 0x0000000703800000| Untracked 
|1039|0x0000000703c00000, 0x0000000703c00000, 0x0000000704000000|  0%| F|  |TAMS 0x0000000703c00000, 0x0000000703c00000| Untracked 
|1040|0x0000000704000000, 0x0000000704000000, 0x0000000704400000|  0%| F|  |TAMS 0x0000000704000000, 0x0000000704000000| Untracked 
|1041|0x0000000704400000, 0x0000000704400000, 0x0000000704800000|  0%| F|  |TAMS 0x0000000704400000, 0x0000000704400000| Untracked 
|1042|0x0000000704800000, 0x0000000704800000, 0x0000000704c00000|  0%| F|  |TAMS 0x0000000704800000, 0x0000000704800000| Untracked 
|1043|0x0000000704c00000, 0x0000000704c00000, 0x0000000705000000|  0%| F|  |TAMS 0x0000000704c00000, 0x0000000704c00000| Untracked 
|1044|0x0000000705000000, 0x0000000705000000, 0x0000000705400000|  0%| F|  |TAMS 0x0000000705000000, 0x0000000705000000| Untracked 
|1045|0x0000000705400000, 0x0000000705400000, 0x0000000705800000|  0%| F|  |TAMS 0x0000000705400000, 0x0000000705400000| Untracked 
|1046|0x0000000705800000, 0x0000000705800000, 0x0000000705c00000|  0%| F|  |TAMS 0x0000000705800000, 0x0000000705800000| Untracked 
|1047|0x0000000705c00000, 0x0000000705c00000, 0x0000000706000000|  0%| F|  |TAMS 0x0000000705c00000, 0x0000000705c00000| Untracked 
|1048|0x0000000706000000, 0x0000000706000000, 0x0000000706400000|  0%| F|  |TAMS 0x0000000706000000, 0x0000000706000000| Untracked 
|1049|0x0000000706400000, 0x0000000706400000, 0x0000000706800000|  0%| F|  |TAMS 0x0000000706400000, 0x0000000706400000| Untracked 
|1050|0x0000000706800000, 0x0000000706800000, 0x0000000706c00000|  0%| F|  |TAMS 0x0000000706800000, 0x0000000706800000| Untracked 
|1051|0x0000000706c00000, 0x0000000706c00000, 0x0000000707000000|  0%| F|  |TAMS 0x0000000706c00000, 0x0000000706c00000| Untracked 
|1052|0x0000000707000000, 0x0000000707000000, 0x0000000707400000|  0%| F|  |TAMS 0x0000000707000000, 0x0000000707000000| Untracked 
|1053|0x0000000707400000, 0x0000000707400000, 0x0000000707800000|  0%| F|  |TAMS 0x0000000707400000, 0x0000000707400000| Untracked 
|1054|0x0000000707800000, 0x0000000707800000, 0x0000000707c00000|  0%| F|  |TAMS 0x0000000707800000, 0x0000000707800000| Untracked 
|1055|0x0000000707c00000, 0x0000000707c00000, 0x0000000708000000|  0%| F|  |TAMS 0x0000000707c00000, 0x0000000707c00000| Untracked 
|1056|0x0000000708000000, 0x0000000708000000, 0x0000000708400000|  0%| F|  |TAMS 0x0000000708000000, 0x0000000708000000| Untracked 
|1057|0x0000000708400000, 0x0000000708400000, 0x0000000708800000|  0%| F|  |TAMS 0x0000000708400000, 0x0000000708400000| Untracked 
|1058|0x0000000708800000, 0x0000000708800000, 0x0000000708c00000|  0%| F|  |TAMS 0x0000000708800000, 0x0000000708800000| Untracked 
|1059|0x0000000708c00000, 0x0000000708c00000, 0x0000000709000000|  0%| F|  |TAMS 0x0000000708c00000, 0x0000000708c00000| Untracked 
|1060|0x0000000709000000, 0x0000000709000000, 0x0000000709400000|  0%| F|  |TAMS 0x0000000709000000, 0x0000000709000000| Untracked 
|1061|0x0000000709400000, 0x0000000709400000, 0x0000000709800000|  0%| F|  |TAMS 0x0000000709400000, 0x0000000709400000| Untracked 
|1062|0x0000000709800000, 0x0000000709800000, 0x0000000709c00000|  0%| F|  |TAMS 0x0000000709800000, 0x0000000709800000| Untracked 
|1063|0x0000000709c00000, 0x0000000709c00000, 0x000000070a000000|  0%| F|  |TAMS 0x0000000709c00000, 0x0000000709c00000| Untracked 
|1064|0x000000070a000000, 0x000000070a000000, 0x000000070a400000|  0%| F|  |TAMS 0x000000070a000000, 0x000000070a000000| Untracked 
|1065|0x000000070a400000, 0x000000070a400000, 0x000000070a800000|  0%| F|  |TAMS 0x000000070a400000, 0x000000070a400000| Untracked 
|1066|0x000000070a800000, 0x000000070a800000, 0x000000070ac00000|  0%| F|  |TAMS 0x000000070a800000, 0x000000070a800000| Untracked 
|1067|0x000000070ac00000, 0x000000070ac00000, 0x000000070b000000|  0%| F|  |TAMS 0x000000070ac00000, 0x000000070ac00000| Untracked 
|1068|0x000000070b000000, 0x000000070b000000, 0x000000070b400000|  0%| F|  |TAMS 0x000000070b000000, 0x000000070b000000| Untracked 
|1069|0x000000070b400000, 0x000000070b400000, 0x000000070b800000|  0%| F|  |TAMS 0x000000070b400000, 0x000000070b400000| Untracked 
|1070|0x000000070b800000, 0x000000070b800000, 0x000000070bc00000|  0%| F|  |TAMS 0x000000070b800000, 0x000000070b800000| Untracked 
|1071|0x000000070bc00000, 0x000000070bc00000, 0x000000070c000000|  0%| F|  |TAMS 0x000000070bc00000, 0x000000070bc00000| Untracked 
|1072|0x000000070c000000, 0x000000070c000000, 0x000000070c400000|  0%| F|  |TAMS 0x000000070c000000, 0x000000070c000000| Untracked 
|1073|0x000000070c400000, 0x000000070c400000, 0x000000070c800000|  0%| F|  |TAMS 0x000000070c400000, 0x000000070c400000| Untracked 
|1074|0x000000070c800000, 0x000000070c800000, 0x000000070cc00000|  0%| F|  |TAMS 0x000000070c800000, 0x000000070c800000| Untracked 
|1075|0x000000070cc00000, 0x000000070cc00000, 0x000000070d000000|  0%| F|  |TAMS 0x000000070cc00000, 0x000000070cc00000| Untracked 
|1076|0x000000070d000000, 0x000000070d000000, 0x000000070d400000|  0%| F|  |TAMS 0x000000070d000000, 0x000000070d000000| Untracked 
|1077|0x000000070d400000, 0x000000070d400000, 0x000000070d800000|  0%| F|  |TAMS 0x000000070d400000, 0x000000070d400000| Untracked 
|1078|0x000000070d800000, 0x000000070d800000, 0x000000070dc00000|  0%| F|  |TAMS 0x000000070d800000, 0x000000070d800000| Untracked 
|1079|0x000000070dc00000, 0x000000070dc00000, 0x000000070e000000|  0%| F|  |TAMS 0x000000070dc00000, 0x000000070dc00000| Untracked 
|1080|0x000000070e000000, 0x000000070e000000, 0x000000070e400000|  0%| F|  |TAMS 0x000000070e000000, 0x000000070e000000| Untracked 
|1081|0x000000070e400000, 0x000000070e400000, 0x000000070e800000|  0%| F|  |TAMS 0x000000070e400000, 0x000000070e400000| Untracked 
|1082|0x000000070e800000, 0x000000070e800000, 0x000000070ec00000|  0%| F|  |TAMS 0x000000070e800000, 0x000000070e800000| Untracked 
|1083|0x000000070ec00000, 0x000000070ec00000, 0x000000070f000000|  0%| F|  |TAMS 0x000000070ec00000, 0x000000070ec00000| Untracked 
|1084|0x000000070f000000, 0x000000070f000000, 0x000000070f400000|  0%| F|  |TAMS 0x000000070f000000, 0x000000070f000000| Untracked 
|1085|0x000000070f400000, 0x000000070f400000, 0x000000070f800000|  0%| F|  |TAMS 0x000000070f400000, 0x000000070f400000| Untracked 
|1086|0x000000070f800000, 0x000000070f800000, 0x000000070fc00000|  0%| F|  |TAMS 0x000000070f800000, 0x000000070f800000| Untracked 
|1087|0x000000070fc00000, 0x000000070fc00000, 0x0000000710000000|  0%| F|  |TAMS 0x000000070fc00000, 0x000000070fc00000| Untracked 
|1088|0x0000000710000000, 0x0000000710000000, 0x0000000710400000|  0%| F|  |TAMS 0x0000000710000000, 0x0000000710000000| Untracked 
|1089|0x0000000710400000, 0x0000000710400000, 0x0000000710800000|  0%| F|  |TAMS 0x0000000710400000, 0x0000000710400000| Untracked 
|1090|0x0000000710800000, 0x0000000710800000, 0x0000000710c00000|  0%| F|  |TAMS 0x0000000710800000, 0x0000000710800000| Untracked 
|1091|0x0000000710c00000, 0x0000000710c00000, 0x0000000711000000|  0%| F|  |TAMS 0x0000000710c00000, 0x0000000710c00000| Untracked 
|1092|0x0000000711000000, 0x0000000711000000, 0x0000000711400000|  0%| F|  |TAMS 0x0000000711000000, 0x0000000711000000| Untracked 
|1093|0x0000000711400000, 0x0000000711400000, 0x0000000711800000|  0%| F|  |TAMS 0x0000000711400000, 0x0000000711400000| Untracked 
|1094|0x0000000711800000, 0x0000000711800000, 0x0000000711c00000|  0%| F|  |TAMS 0x0000000711800000, 0x0000000711800000| Untracked 
|1095|0x0000000711c00000, 0x0000000711c00000, 0x0000000712000000|  0%| F|  |TAMS 0x0000000711c00000, 0x0000000711c00000| Untracked 
|1096|0x0000000712000000, 0x0000000712000000, 0x0000000712400000|  0%| F|  |TAMS 0x0000000712000000, 0x0000000712000000| Untracked 
|1097|0x0000000712400000, 0x0000000712400000, 0x0000000712800000|  0%| F|  |TAMS 0x0000000712400000, 0x0000000712400000| Untracked 
|1098|0x0000000712800000, 0x0000000712800000, 0x0000000712c00000|  0%| F|  |TAMS 0x0000000712800000, 0x0000000712800000| Untracked 
|1099|0x0000000712c00000, 0x0000000712c00000, 0x0000000713000000|  0%| F|  |TAMS 0x0000000712c00000, 0x0000000712c00000| Untracked 
|1100|0x0000000713000000, 0x0000000713000000, 0x0000000713400000|  0%| F|  |TAMS 0x0000000713000000, 0x0000000713000000| Untracked 
|1101|0x0000000713400000, 0x0000000713400000, 0x0000000713800000|  0%| F|  |TAMS 0x0000000713400000, 0x0000000713400000| Untracked 
|1102|0x0000000713800000, 0x0000000713800000, 0x0000000713c00000|  0%| F|  |TAMS 0x0000000713800000, 0x0000000713800000| Untracked 
|1103|0x0000000713c00000, 0x0000000713c00000, 0x0000000714000000|  0%| F|  |TAMS 0x0000000713c00000, 0x0000000713c00000| Untracked 
|1104|0x0000000714000000, 0x0000000714000000, 0x0000000714400000|  0%| F|  |TAMS 0x0000000714000000, 0x0000000714000000| Untracked 
|1105|0x0000000714400000, 0x0000000714400000, 0x0000000714800000|  0%| F|  |TAMS 0x0000000714400000, 0x0000000714400000| Untracked 
|1106|0x0000000714800000, 0x0000000714800000, 0x0000000714c00000|  0%| F|  |TAMS 0x0000000714800000, 0x0000000714800000| Untracked 
|1107|0x0000000714c00000, 0x0000000714c00000, 0x0000000715000000|  0%| F|  |TAMS 0x0000000714c00000, 0x0000000714c00000| Untracked 
|1108|0x0000000715000000, 0x0000000715000000, 0x0000000715400000|  0%| F|  |TAMS 0x0000000715000000, 0x0000000715000000| Untracked 
|1109|0x0000000715400000, 0x0000000715400000, 0x0000000715800000|  0%| F|  |TAMS 0x0000000715400000, 0x0000000715400000| Untracked 
|1110|0x0000000715800000, 0x0000000715800000, 0x0000000715c00000|  0%| F|  |TAMS 0x0000000715800000, 0x0000000715800000| Untracked 
|1111|0x0000000715c00000, 0x0000000715c00000, 0x0000000716000000|  0%| F|  |TAMS 0x0000000715c00000, 0x0000000715c00000| Untracked 
|1112|0x0000000716000000, 0x0000000716000000, 0x0000000716400000|  0%| F|  |TAMS 0x0000000716000000, 0x0000000716000000| Untracked 
|1113|0x0000000716400000, 0x0000000716400000, 0x0000000716800000|  0%| F|  |TAMS 0x0000000716400000, 0x0000000716400000| Untracked 
|1114|0x0000000716800000, 0x0000000716800000, 0x0000000716c00000|  0%| F|  |TAMS 0x0000000716800000, 0x0000000716800000| Untracked 
|1115|0x0000000716c00000, 0x0000000716c00000, 0x0000000717000000|  0%| F|  |TAMS 0x0000000716c00000, 0x0000000716c00000| Untracked 
|1116|0x0000000717000000, 0x0000000717000000, 0x0000000717400000|  0%| F|  |TAMS 0x0000000717000000, 0x0000000717000000| Untracked 
|1117|0x0000000717400000, 0x0000000717400000, 0x0000000717800000|  0%| F|  |TAMS 0x0000000717400000, 0x0000000717400000| Untracked 
|1118|0x0000000717800000, 0x0000000717800000, 0x0000000717c00000|  0%| F|  |TAMS 0x0000000717800000, 0x0000000717800000| Untracked 
|1119|0x0000000717c00000, 0x0000000717c00000, 0x0000000718000000|  0%| F|  |TAMS 0x0000000717c00000, 0x0000000717c00000| Untracked 
|1120|0x0000000718000000, 0x0000000718000000, 0x0000000718400000|  0%| F|  |TAMS 0x0000000718000000, 0x0000000718000000| Untracked 
|1121|0x0000000718400000, 0x0000000718400000, 0x0000000718800000|  0%| F|  |TAMS 0x0000000718400000, 0x0000000718400000| Untracked 
|1122|0x0000000718800000, 0x0000000718800000, 0x0000000718c00000|  0%| F|  |TAMS 0x0000000718800000, 0x0000000718800000| Untracked 
|1123|0x0000000718c00000, 0x0000000718c00000, 0x0000000719000000|  0%| F|  |TAMS 0x0000000718c00000, 0x0000000718c00000| Untracked 
|1124|0x0000000719000000, 0x0000000719000000, 0x0000000719400000|  0%| F|  |TAMS 0x0000000719000000, 0x0000000719000000| Untracked 
|1125|0x0000000719400000, 0x0000000719400000, 0x0000000719800000|  0%| F|  |TAMS 0x0000000719400000, 0x0000000719400000| Untracked 
|1126|0x0000000719800000, 0x0000000719800000, 0x0000000719c00000|  0%| F|  |TAMS 0x0000000719800000, 0x0000000719800000| Untracked 
|1127|0x0000000719c00000, 0x0000000719c00000, 0x000000071a000000|  0%| F|  |TAMS 0x0000000719c00000, 0x0000000719c00000| Untracked 
|1128|0x000000071a000000, 0x000000071a000000, 0x000000071a400000|  0%| F|  |TAMS 0x000000071a000000, 0x000000071a000000| Untracked 
|1129|0x000000071a400000, 0x000000071a400000, 0x000000071a800000|  0%| F|  |TAMS 0x000000071a400000, 0x000000071a400000| Untracked 
|1130|0x000000071a800000, 0x000000071a800000, 0x000000071ac00000|  0%| F|  |TAMS 0x000000071a800000, 0x000000071a800000| Untracked 
|1131|0x000000071ac00000, 0x000000071ac00000, 0x000000071b000000|  0%| F|  |TAMS 0x000000071ac00000, 0x000000071ac00000| Untracked 
|1132|0x000000071b000000, 0x000000071b000000, 0x000000071b400000|  0%| F|  |TAMS 0x000000071b000000, 0x000000071b000000| Untracked 
|1133|0x000000071b400000, 0x000000071b400000, 0x000000071b800000|  0%| F|  |TAMS 0x000000071b400000, 0x000000071b400000| Untracked 
|1134|0x000000071b800000, 0x000000071b800000, 0x000000071bc00000|  0%| F|  |TAMS 0x000000071b800000, 0x000000071b800000| Untracked 
|1135|0x000000071bc00000, 0x000000071bc00000, 0x000000071c000000|  0%| F|  |TAMS 0x000000071bc00000, 0x000000071bc00000| Untracked 
|1136|0x000000071c000000, 0x000000071c000000, 0x000000071c400000|  0%| F|  |TAMS 0x000000071c000000, 0x000000071c000000| Untracked 
|1137|0x000000071c400000, 0x000000071c400000, 0x000000071c800000|  0%| F|  |TAMS 0x000000071c400000, 0x000000071c400000| Untracked 
|1138|0x000000071c800000, 0x000000071c800000, 0x000000071cc00000|  0%| F|  |TAMS 0x000000071c800000, 0x000000071c800000| Untracked 
|1139|0x000000071cc00000, 0x000000071cc00000, 0x000000071d000000|  0%| F|  |TAMS 0x000000071cc00000, 0x000000071cc00000| Untracked 
|1140|0x000000071d000000, 0x000000071d000000, 0x000000071d400000|  0%| F|  |TAMS 0x000000071d000000, 0x000000071d000000| Untracked 
|1141|0x000000071d400000, 0x000000071d400000, 0x000000071d800000|  0%| F|  |TAMS 0x000000071d400000, 0x000000071d400000| Untracked 
|1142|0x000000071d800000, 0x000000071d800000, 0x000000071dc00000|  0%| F|  |TAMS 0x000000071d800000, 0x000000071d800000| Untracked 
|1143|0x000000071dc00000, 0x000000071dc00000, 0x000000071e000000|  0%| F|  |TAMS 0x000000071dc00000, 0x000000071dc00000| Untracked 
|1144|0x000000071e000000, 0x000000071e000000, 0x000000071e400000|  0%| F|  |TAMS 0x000000071e000000, 0x000000071e000000| Untracked 
|1145|0x000000071e400000, 0x000000071e400000, 0x000000071e800000|  0%| F|  |TAMS 0x000000071e400000, 0x000000071e400000| Untracked 
|1146|0x000000071e800000, 0x000000071e800000, 0x000000071ec00000|  0%| F|  |TAMS 0x000000071e800000, 0x000000071e800000| Untracked 
|1147|0x000000071ec00000, 0x000000071ec00000, 0x000000071f000000|  0%| F|  |TAMS 0x000000071ec00000, 0x000000071ec00000| Untracked 
|1148|0x000000071f000000, 0x000000071f000000, 0x000000071f400000|  0%| F|  |TAMS 0x000000071f000000, 0x000000071f000000| Untracked 
|1149|0x000000071f400000, 0x000000071f400000, 0x000000071f800000|  0%| F|  |TAMS 0x000000071f400000, 0x000000071f400000| Untracked 
|1150|0x000000071f800000, 0x000000071f800000, 0x000000071fc00000|  0%| F|  |TAMS 0x000000071f800000, 0x000000071f800000| Untracked 
|1151|0x000000071fc00000, 0x000000071fc00000, 0x0000000720000000|  0%| F|  |TAMS 0x000000071fc00000, 0x000000071fc00000| Untracked 
|1152|0x0000000720000000, 0x0000000720000000, 0x0000000720400000|  0%| F|  |TAMS 0x0000000720000000, 0x0000000720000000| Untracked 
|1153|0x0000000720400000, 0x0000000720400000, 0x0000000720800000|  0%| F|  |TAMS 0x0000000720400000, 0x0000000720400000| Untracked 
|1154|0x0000000720800000, 0x0000000720800000, 0x0000000720c00000|  0%| F|  |TAMS 0x0000000720800000, 0x0000000720800000| Untracked 
|1155|0x0000000720c00000, 0x0000000720c00000, 0x0000000721000000|  0%| F|  |TAMS 0x0000000720c00000, 0x0000000720c00000| Untracked 
|1156|0x0000000721000000, 0x0000000721000000, 0x0000000721400000|  0%| F|  |TAMS 0x0000000721000000, 0x0000000721000000| Untracked 
|1157|0x0000000721400000, 0x0000000721400000, 0x0000000721800000|  0%| F|  |TAMS 0x0000000721400000, 0x0000000721400000| Untracked 
|1158|0x0000000721800000, 0x0000000721800000, 0x0000000721c00000|  0%| F|  |TAMS 0x0000000721800000, 0x0000000721800000| Untracked 
|1159|0x0000000721c00000, 0x0000000721c00000, 0x0000000722000000|  0%| F|  |TAMS 0x0000000721c00000, 0x0000000721c00000| Untracked 
|1160|0x0000000722000000, 0x0000000722000000, 0x0000000722400000|  0%| F|  |TAMS 0x0000000722000000, 0x0000000722000000| Untracked 
|1161|0x0000000722400000, 0x0000000722400000, 0x0000000722800000|  0%| F|  |TAMS 0x0000000722400000, 0x0000000722400000| Untracked 
|1162|0x0000000722800000, 0x0000000722800000, 0x0000000722c00000|  0%| F|  |TAMS 0x0000000722800000, 0x0000000722800000| Untracked 
|1163|0x0000000722c00000, 0x0000000722c00000, 0x0000000723000000|  0%| F|  |TAMS 0x0000000722c00000, 0x0000000722c00000| Untracked 
|1164|0x0000000723000000, 0x0000000723000000, 0x0000000723400000|  0%| F|  |TAMS 0x0000000723000000, 0x0000000723000000| Untracked 
|1165|0x0000000723400000, 0x0000000723400000, 0x0000000723800000|  0%| F|  |TAMS 0x0000000723400000, 0x0000000723400000| Untracked 
|1166|0x0000000723800000, 0x0000000723800000, 0x0000000723c00000|  0%| F|  |TAMS 0x0000000723800000, 0x0000000723800000| Untracked 
|1167|0x0000000723c00000, 0x0000000723c00000, 0x0000000724000000|  0%| F|  |TAMS 0x0000000723c00000, 0x0000000723c00000| Untracked 
|1168|0x0000000724000000, 0x0000000724000000, 0x0000000724400000|  0%| F|  |TAMS 0x0000000724000000, 0x0000000724000000| Untracked 
|1169|0x0000000724400000, 0x0000000724400000, 0x0000000724800000|  0%| F|  |TAMS 0x0000000724400000, 0x0000000724400000| Untracked 
|1170|0x0000000724800000, 0x0000000724800000, 0x0000000724c00000|  0%| F|  |TAMS 0x0000000724800000, 0x0000000724800000| Untracked 
|1171|0x0000000724c00000, 0x0000000724c00000, 0x0000000725000000|  0%| F|  |TAMS 0x0000000724c00000, 0x0000000724c00000| Untracked 
|1172|0x0000000725000000, 0x0000000725000000, 0x0000000725400000|  0%| F|  |TAMS 0x0000000725000000, 0x0000000725000000| Untracked 
|1173|0x0000000725400000, 0x0000000725400000, 0x0000000725800000|  0%| F|  |TAMS 0x0000000725400000, 0x0000000725400000| Untracked 
|1174|0x0000000725800000, 0x0000000725800000, 0x0000000725c00000|  0%| F|  |TAMS 0x0000000725800000, 0x0000000725800000| Untracked 
|1175|0x0000000725c00000, 0x0000000725c00000, 0x0000000726000000|  0%| F|  |TAMS 0x0000000725c00000, 0x0000000725c00000| Untracked 
|1176|0x0000000726000000, 0x0000000726000000, 0x0000000726400000|  0%| F|  |TAMS 0x0000000726000000, 0x0000000726000000| Untracked 
|1177|0x0000000726400000, 0x0000000726400000, 0x0000000726800000|  0%| F|  |TAMS 0x0000000726400000, 0x0000000726400000| Untracked 
|1178|0x0000000726800000, 0x0000000726800000, 0x0000000726c00000|  0%| F|  |TAMS 0x0000000726800000, 0x0000000726800000| Untracked 
|1179|0x0000000726c00000, 0x0000000726c00000, 0x0000000727000000|  0%| F|  |TAMS 0x0000000726c00000, 0x0000000726c00000| Untracked 
|1180|0x0000000727000000, 0x0000000727000000, 0x0000000727400000|  0%| F|  |TAMS 0x0000000727000000, 0x0000000727000000| Untracked 
|1181|0x0000000727400000, 0x0000000727400000, 0x0000000727800000|  0%| F|  |TAMS 0x0000000727400000, 0x0000000727400000| Untracked 
|1182|0x0000000727800000, 0x0000000727800000, 0x0000000727c00000|  0%| F|  |TAMS 0x0000000727800000, 0x0000000727800000| Untracked 
|1183|0x0000000727c00000, 0x0000000727c00000, 0x0000000728000000|  0%| F|  |TAMS 0x0000000727c00000, 0x0000000727c00000| Untracked 
|1184|0x0000000728000000, 0x0000000728000000, 0x0000000728400000|  0%| F|  |TAMS 0x0000000728000000, 0x0000000728000000| Untracked 
|1185|0x0000000728400000, 0x0000000728400000, 0x0000000728800000|  0%| F|  |TAMS 0x0000000728400000, 0x0000000728400000| Untracked 
|1186|0x0000000728800000, 0x0000000728800000, 0x0000000728c00000|  0%| F|  |TAMS 0x0000000728800000, 0x0000000728800000| Untracked 
|1187|0x0000000728c00000, 0x0000000728c00000, 0x0000000729000000|  0%| F|  |TAMS 0x0000000728c00000, 0x0000000728c00000| Untracked 
|1188|0x0000000729000000, 0x0000000729000000, 0x0000000729400000|  0%| F|  |TAMS 0x0000000729000000, 0x0000000729000000| Untracked 
|1189|0x0000000729400000, 0x0000000729400000, 0x0000000729800000|  0%| F|  |TAMS 0x0000000729400000, 0x0000000729400000| Untracked 
|1190|0x0000000729800000, 0x0000000729800000, 0x0000000729c00000|  0%| F|  |TAMS 0x0000000729800000, 0x0000000729800000| Untracked 
|1191|0x0000000729c00000, 0x0000000729c00000, 0x000000072a000000|  0%| F|  |TAMS 0x0000000729c00000, 0x0000000729c00000| Untracked 
|1192|0x000000072a000000, 0x000000072a000000, 0x000000072a400000|  0%| F|  |TAMS 0x000000072a000000, 0x000000072a000000| Untracked 
|1193|0x000000072a400000, 0x000000072a400000, 0x000000072a800000|  0%| F|  |TAMS 0x000000072a400000, 0x000000072a400000| Untracked 
|1194|0x000000072a800000, 0x000000072a800000, 0x000000072ac00000|  0%| F|  |TAMS 0x000000072a800000, 0x000000072a800000| Untracked 
|1195|0x000000072ac00000, 0x000000072ac00000, 0x000000072b000000|  0%| F|  |TAMS 0x000000072ac00000, 0x000000072ac00000| Untracked 
|1196|0x000000072b000000, 0x000000072b000000, 0x000000072b400000|  0%| F|  |TAMS 0x000000072b000000, 0x000000072b000000| Untracked 
|1197|0x000000072b400000, 0x000000072b400000, 0x000000072b800000|  0%| F|  |TAMS 0x000000072b400000, 0x000000072b400000| Untracked 
|1198|0x000000072b800000, 0x000000072b800000, 0x000000072bc00000|  0%| F|  |TAMS 0x000000072b800000, 0x000000072b800000| Untracked 
|1199|0x000000072bc00000, 0x000000072bc00000, 0x000000072c000000|  0%| F|  |TAMS 0x000000072bc00000, 0x000000072bc00000| Untracked 
|1200|0x000000072c000000, 0x000000072c000000, 0x000000072c400000|  0%| F|  |TAMS 0x000000072c000000, 0x000000072c000000| Untracked 
|1201|0x000000072c400000, 0x000000072c400000, 0x000000072c800000|  0%| F|  |TAMS 0x000000072c400000, 0x000000072c400000| Untracked 
|1202|0x000000072c800000, 0x000000072c800000, 0x000000072cc00000|  0%| F|  |TAMS 0x000000072c800000, 0x000000072c800000| Untracked 
|1203|0x000000072cc00000, 0x000000072cc00000, 0x000000072d000000|  0%| F|  |TAMS 0x000000072cc00000, 0x000000072cc00000| Untracked 
|1204|0x000000072d000000, 0x000000072d000000, 0x000000072d400000|  0%| F|  |TAMS 0x000000072d000000, 0x000000072d000000| Untracked 
|1205|0x000000072d400000, 0x000000072d400000, 0x000000072d800000|  0%| F|  |TAMS 0x000000072d400000, 0x000000072d400000| Untracked 
|1206|0x000000072d800000, 0x000000072d800000, 0x000000072dc00000|  0%| F|  |TAMS 0x000000072d800000, 0x000000072d800000| Untracked 
|1207|0x000000072dc00000, 0x000000072dc00000, 0x000000072e000000|  0%| F|  |TAMS 0x000000072dc00000, 0x000000072dc00000| Untracked 
|1208|0x000000072e000000, 0x000000072e000000, 0x000000072e400000|  0%| F|  |TAMS 0x000000072e000000, 0x000000072e000000| Untracked 
|1209|0x000000072e400000, 0x000000072e400000, 0x000000072e800000|  0%| F|  |TAMS 0x000000072e400000, 0x000000072e400000| Untracked 
|1210|0x000000072e800000, 0x000000072e800000, 0x000000072ec00000|  0%| F|  |TAMS 0x000000072e800000, 0x000000072e800000| Untracked 
|1211|0x000000072ec00000, 0x000000072ec00000, 0x000000072f000000|  0%| F|  |TAMS 0x000000072ec00000, 0x000000072ec00000| Untracked 
|1212|0x000000072f000000, 0x000000072f000000, 0x000000072f400000|  0%| F|  |TAMS 0x000000072f000000, 0x000000072f000000| Untracked 
|1213|0x000000072f400000, 0x000000072f400000, 0x000000072f800000|  0%| F|  |TAMS 0x000000072f400000, 0x000000072f400000| Untracked 
|1214|0x000000072f800000, 0x000000072f800000, 0x000000072fc00000|  0%| F|  |TAMS 0x000000072f800000, 0x000000072f800000| Untracked 
|1215|0x000000072fc00000, 0x000000072fc00000, 0x0000000730000000|  0%| F|  |TAMS 0x000000072fc00000, 0x000000072fc00000| Untracked 
|1216|0x0000000730000000, 0x0000000730000000, 0x0000000730400000|  0%| F|  |TAMS 0x0000000730000000, 0x0000000730000000| Untracked 
|1217|0x0000000730400000, 0x0000000730400000, 0x0000000730800000|  0%| F|  |TAMS 0x0000000730400000, 0x0000000730400000| Untracked 
|1218|0x0000000730800000, 0x0000000730800000, 0x0000000730c00000|  0%| F|  |TAMS 0x0000000730800000, 0x0000000730800000| Untracked 
|1219|0x0000000730c00000, 0x0000000730c00000, 0x0000000731000000|  0%| F|  |TAMS 0x0000000730c00000, 0x0000000730c00000| Untracked 
|1220|0x0000000731000000, 0x0000000731000000, 0x0000000731400000|  0%| F|  |TAMS 0x0000000731000000, 0x0000000731000000| Untracked 
|1221|0x0000000731400000, 0x0000000731400000, 0x0000000731800000|  0%| F|  |TAMS 0x0000000731400000, 0x0000000731400000| Untracked 
|1222|0x0000000731800000, 0x0000000731800000, 0x0000000731c00000|  0%| F|  |TAMS 0x0000000731800000, 0x0000000731800000| Untracked 
|1223|0x0000000731c00000, 0x0000000731c00000, 0x0000000732000000|  0%| F|  |TAMS 0x0000000731c00000, 0x0000000731c00000| Untracked 
|1224|0x0000000732000000, 0x0000000732000000, 0x0000000732400000|  0%| F|  |TAMS 0x0000000732000000, 0x0000000732000000| Untracked 
|1225|0x0000000732400000, 0x0000000732400000, 0x0000000732800000|  0%| F|  |TAMS 0x0000000732400000, 0x0000000732400000| Untracked 
|1226|0x0000000732800000, 0x0000000732800000, 0x0000000732c00000|  0%| F|  |TAMS 0x0000000732800000, 0x0000000732800000| Untracked 
|1227|0x0000000732c00000, 0x0000000732c00000, 0x0000000733000000|  0%| F|  |TAMS 0x0000000732c00000, 0x0000000732c00000| Untracked 
|1228|0x0000000733000000, 0x0000000733000000, 0x0000000733400000|  0%| F|  |TAMS 0x0000000733000000, 0x0000000733000000| Untracked 
|1229|0x0000000733400000, 0x0000000733400000, 0x0000000733800000|  0%| F|  |TAMS 0x0000000733400000, 0x0000000733400000| Untracked 
|1230|0x0000000733800000, 0x0000000733800000, 0x0000000733c00000|  0%| F|  |TAMS 0x0000000733800000, 0x0000000733800000| Untracked 
|1231|0x0000000733c00000, 0x0000000733c00000, 0x0000000734000000|  0%| F|  |TAMS 0x0000000733c00000, 0x0000000733c00000| Untracked 
|1232|0x0000000734000000, 0x0000000734000000, 0x0000000734400000|  0%| F|  |TAMS 0x0000000734000000, 0x0000000734000000| Untracked 
|1233|0x0000000734400000, 0x0000000734400000, 0x0000000734800000|  0%| F|  |TAMS 0x0000000734400000, 0x0000000734400000| Untracked 
|1234|0x0000000734800000, 0x0000000734800000, 0x0000000734c00000|  0%| F|  |TAMS 0x0000000734800000, 0x0000000734800000| Untracked 
|1235|0x0000000734c00000, 0x0000000734c00000, 0x0000000735000000|  0%| F|  |TAMS 0x0000000734c00000, 0x0000000734c00000| Untracked 
|1236|0x0000000735000000, 0x0000000735000000, 0x0000000735400000|  0%| F|  |TAMS 0x0000000735000000, 0x0000000735000000| Untracked 
|1237|0x0000000735400000, 0x0000000735400000, 0x0000000735800000|  0%| F|  |TAMS 0x0000000735400000, 0x0000000735400000| Untracked 
|1238|0x0000000735800000, 0x0000000735800000, 0x0000000735c00000|  0%| F|  |TAMS 0x0000000735800000, 0x0000000735800000| Untracked 
|1239|0x0000000735c00000, 0x0000000735c00000, 0x0000000736000000|  0%| F|  |TAMS 0x0000000735c00000, 0x0000000735c00000| Untracked 
|1240|0x0000000736000000, 0x0000000736000000, 0x0000000736400000|  0%| F|  |TAMS 0x0000000736000000, 0x0000000736000000| Untracked 
|1241|0x0000000736400000, 0x0000000736400000, 0x0000000736800000|  0%| F|  |TAMS 0x0000000736400000, 0x0000000736400000| Untracked 
|1242|0x0000000736800000, 0x0000000736800000, 0x0000000736c00000|  0%| F|  |TAMS 0x0000000736800000, 0x0000000736800000| Untracked 
|1243|0x0000000736c00000, 0x0000000736c00000, 0x0000000737000000|  0%| F|  |TAMS 0x0000000736c00000, 0x0000000736c00000| Untracked 
|1244|0x0000000737000000, 0x0000000737000000, 0x0000000737400000|  0%| F|  |TAMS 0x0000000737000000, 0x0000000737000000| Untracked 
|1245|0x0000000737400000, 0x0000000737400000, 0x0000000737800000|  0%| F|  |TAMS 0x0000000737400000, 0x0000000737400000| Untracked 
|1246|0x0000000737800000, 0x0000000737800000, 0x0000000737c00000|  0%| F|  |TAMS 0x0000000737800000, 0x0000000737800000| Untracked 
|1247|0x0000000737c00000, 0x0000000737c00000, 0x0000000738000000|  0%| F|  |TAMS 0x0000000737c00000, 0x0000000737c00000| Untracked 
|1248|0x0000000738000000, 0x0000000738000000, 0x0000000738400000|  0%| F|  |TAMS 0x0000000738000000, 0x0000000738000000| Untracked 
|1249|0x0000000738400000, 0x0000000738400000, 0x0000000738800000|  0%| F|  |TAMS 0x0000000738400000, 0x0000000738400000| Untracked 
|1250|0x0000000738800000, 0x0000000738800000, 0x0000000738c00000|  0%| F|  |TAMS 0x0000000738800000, 0x0000000738800000| Untracked 
|1251|0x0000000738c00000, 0x0000000738c00000, 0x0000000739000000|  0%| F|  |TAMS 0x0000000738c00000, 0x0000000738c00000| Untracked 
|1252|0x0000000739000000, 0x0000000739000000, 0x0000000739400000|  0%| F|  |TAMS 0x0000000739000000, 0x0000000739000000| Untracked 
|1253|0x0000000739400000, 0x0000000739400000, 0x0000000739800000|  0%| F|  |TAMS 0x0000000739400000, 0x0000000739400000| Untracked 
|1254|0x0000000739800000, 0x0000000739800000, 0x0000000739c00000|  0%| F|  |TAMS 0x0000000739800000, 0x0000000739800000| Untracked 
|1255|0x0000000739c00000, 0x0000000739c00000, 0x000000073a000000|  0%| F|  |TAMS 0x0000000739c00000, 0x0000000739c00000| Untracked 
|1256|0x000000073a000000, 0x000000073a000000, 0x000000073a400000|  0%| F|  |TAMS 0x000000073a000000, 0x000000073a000000| Untracked 
|1257|0x000000073a400000, 0x000000073a400000, 0x000000073a800000|  0%| F|  |TAMS 0x000000073a400000, 0x000000073a400000| Untracked 
|1258|0x000000073a800000, 0x000000073a800000, 0x000000073ac00000|  0%| F|  |TAMS 0x000000073a800000, 0x000000073a800000| Untracked 
|1259|0x000000073ac00000, 0x000000073ac00000, 0x000000073b000000|  0%| F|  |TAMS 0x000000073ac00000, 0x000000073ac00000| Untracked 
|1260|0x000000073b000000, 0x000000073b000000, 0x000000073b400000|  0%| F|  |TAMS 0x000000073b000000, 0x000000073b000000| Untracked 
|1261|0x000000073b400000, 0x000000073b400000, 0x000000073b800000|  0%| F|  |TAMS 0x000000073b400000, 0x000000073b400000| Untracked 
|1262|0x000000073b800000, 0x000000073b800000, 0x000000073bc00000|  0%| F|  |TAMS 0x000000073b800000, 0x000000073b800000| Untracked 
|1263|0x000000073bc00000, 0x000000073bc00000, 0x000000073c000000|  0%| F|  |TAMS 0x000000073bc00000, 0x000000073bc00000| Untracked 
|1264|0x000000073c000000, 0x000000073c000000, 0x000000073c400000|  0%| F|  |TAMS 0x000000073c000000, 0x000000073c000000| Untracked 
|1265|0x000000073c400000, 0x000000073c400000, 0x000000073c800000|  0%| F|  |TAMS 0x000000073c400000, 0x000000073c400000| Untracked 
|1266|0x000000073c800000, 0x000000073c800000, 0x000000073cc00000|  0%| F|  |TAMS 0x000000073c800000, 0x000000073c800000| Untracked 
|1267|0x000000073cc00000, 0x000000073cc00000, 0x000000073d000000|  0%| F|  |TAMS 0x000000073cc00000, 0x000000073cc00000| Untracked 
|1268|0x000000073d000000, 0x000000073d000000, 0x000000073d400000|  0%| F|  |TAMS 0x000000073d000000, 0x000000073d000000| Untracked 
|1269|0x000000073d400000, 0x000000073d400000, 0x000000073d800000|  0%| F|  |TAMS 0x000000073d400000, 0x000000073d400000| Untracked 
|1270|0x000000073d800000, 0x000000073d800000, 0x000000073dc00000|  0%| F|  |TAMS 0x000000073d800000, 0x000000073d800000| Untracked 
|1271|0x000000073dc00000, 0x000000073dc00000, 0x000000073e000000|  0%| F|  |TAMS 0x000000073dc00000, 0x000000073dc00000| Untracked 
|1272|0x000000073e000000, 0x000000073e000000, 0x000000073e400000|  0%| F|  |TAMS 0x000000073e000000, 0x000000073e000000| Untracked 
|1273|0x000000073e400000, 0x000000073e400000, 0x000000073e800000|  0%| F|  |TAMS 0x000000073e400000, 0x000000073e400000| Untracked 
|1274|0x000000073e800000, 0x000000073e800000, 0x000000073ec00000|  0%| F|  |TAMS 0x000000073e800000, 0x000000073e800000| Untracked 
|1275|0x000000073ec00000, 0x000000073ec00000, 0x000000073f000000|  0%| F|  |TAMS 0x000000073ec00000, 0x000000073ec00000| Untracked 
|1276|0x000000073f000000, 0x000000073f000000, 0x000000073f400000|  0%| F|  |TAMS 0x000000073f000000, 0x000000073f000000| Untracked 
|1277|0x000000073f400000, 0x000000073f400000, 0x000000073f800000|  0%| F|  |TAMS 0x000000073f400000, 0x000000073f400000| Untracked 
|1278|0x000000073f800000, 0x000000073f800000, 0x000000073fc00000|  0%| F|  |TAMS 0x000000073f800000, 0x000000073f800000| Untracked 
|1279|0x000000073fc00000, 0x000000073fc00000, 0x0000000740000000|  0%| F|  |TAMS 0x000000073fc00000, 0x000000073fc00000| Untracked 
|1280|0x0000000740000000, 0x0000000740000000, 0x0000000740400000|  0%| F|  |TAMS 0x0000000740000000, 0x0000000740000000| Untracked 
|1281|0x0000000740400000, 0x0000000740400000, 0x0000000740800000|  0%| F|  |TAMS 0x0000000740400000, 0x0000000740400000| Untracked 
|1282|0x0000000740800000, 0x0000000740800000, 0x0000000740c00000|  0%| F|  |TAMS 0x0000000740800000, 0x0000000740800000| Untracked 
|1283|0x0000000740c00000, 0x0000000740c00000, 0x0000000741000000|  0%| F|  |TAMS 0x0000000740c00000, 0x0000000740c00000| Untracked 
|1284|0x0000000741000000, 0x0000000741000000, 0x0000000741400000|  0%| F|  |TAMS 0x0000000741000000, 0x0000000741000000| Untracked 
|1285|0x0000000741400000, 0x0000000741400000, 0x0000000741800000|  0%| F|  |TAMS 0x0000000741400000, 0x0000000741400000| Untracked 
|1286|0x0000000741800000, 0x0000000741800000, 0x0000000741c00000|  0%| F|  |TAMS 0x0000000741800000, 0x0000000741800000| Untracked 
|1287|0x0000000741c00000, 0x0000000741c00000, 0x0000000742000000|  0%| F|  |TAMS 0x0000000741c00000, 0x0000000741c00000| Untracked 
|1288|0x0000000742000000, 0x0000000742000000, 0x0000000742400000|  0%| F|  |TAMS 0x0000000742000000, 0x0000000742000000| Untracked 
|1289|0x0000000742400000, 0x0000000742400000, 0x0000000742800000|  0%| F|  |TAMS 0x0000000742400000, 0x0000000742400000| Untracked 
|1290|0x0000000742800000, 0x0000000742800000, 0x0000000742c00000|  0%| F|  |TAMS 0x0000000742800000, 0x0000000742800000| Untracked 
|1291|0x0000000742c00000, 0x0000000742c00000, 0x0000000743000000|  0%| F|  |TAMS 0x0000000742c00000, 0x0000000742c00000| Untracked 
|1292|0x0000000743000000, 0x0000000743000000, 0x0000000743400000|  0%| F|  |TAMS 0x0000000743000000, 0x0000000743000000| Untracked 
|1293|0x0000000743400000, 0x0000000743400000, 0x0000000743800000|  0%| F|  |TAMS 0x0000000743400000, 0x0000000743400000| Untracked 
|1294|0x0000000743800000, 0x0000000743800000, 0x0000000743c00000|  0%| F|  |TAMS 0x0000000743800000, 0x0000000743800000| Untracked 
|1295|0x0000000743c00000, 0x0000000743c00000, 0x0000000744000000|  0%| F|  |TAMS 0x0000000743c00000, 0x0000000743c00000| Untracked 
|1296|0x0000000744000000, 0x0000000744000000, 0x0000000744400000|  0%| F|  |TAMS 0x0000000744000000, 0x0000000744000000| Untracked 
|1297|0x0000000744400000, 0x0000000744400000, 0x0000000744800000|  0%| F|  |TAMS 0x0000000744400000, 0x0000000744400000| Untracked 
|1298|0x0000000744800000, 0x0000000744800000, 0x0000000744c00000|  0%| F|  |TAMS 0x0000000744800000, 0x0000000744800000| Untracked 
|1299|0x0000000744c00000, 0x0000000744c00000, 0x0000000745000000|  0%| F|  |TAMS 0x0000000744c00000, 0x0000000744c00000| Untracked 
|1300|0x0000000745000000, 0x0000000745000000, 0x0000000745400000|  0%| F|  |TAMS 0x0000000745000000, 0x0000000745000000| Untracked 
|1301|0x0000000745400000, 0x0000000745400000, 0x0000000745800000|  0%| F|  |TAMS 0x0000000745400000, 0x0000000745400000| Untracked 
|1302|0x0000000745800000, 0x0000000745800000, 0x0000000745c00000|  0%| F|  |TAMS 0x0000000745800000, 0x0000000745800000| Untracked 
|1303|0x0000000745c00000, 0x0000000745c00000, 0x0000000746000000|  0%| F|  |TAMS 0x0000000745c00000, 0x0000000745c00000| Untracked 
|1304|0x0000000746000000, 0x0000000746000000, 0x0000000746400000|  0%| F|  |TAMS 0x0000000746000000, 0x0000000746000000| Untracked 
|1305|0x0000000746400000, 0x0000000746400000, 0x0000000746800000|  0%| F|  |TAMS 0x0000000746400000, 0x0000000746400000| Untracked 
|1306|0x0000000746800000, 0x0000000746800000, 0x0000000746c00000|  0%| F|  |TAMS 0x0000000746800000, 0x0000000746800000| Untracked 
|1307|0x0000000746c00000, 0x0000000746c00000, 0x0000000747000000|  0%| F|  |TAMS 0x0000000746c00000, 0x0000000746c00000| Untracked 
|1308|0x0000000747000000, 0x0000000747000000, 0x0000000747400000|  0%| F|  |TAMS 0x0000000747000000, 0x0000000747000000| Untracked 
|1309|0x0000000747400000, 0x0000000747400000, 0x0000000747800000|  0%| F|  |TAMS 0x0000000747400000, 0x0000000747400000| Untracked 
|1310|0x0000000747800000, 0x0000000747800000, 0x0000000747c00000|  0%| F|  |TAMS 0x0000000747800000, 0x0000000747800000| Untracked 
|1311|0x0000000747c00000, 0x0000000747c00000, 0x0000000748000000|  0%| F|  |TAMS 0x0000000747c00000, 0x0000000747c00000| Untracked 
|1312|0x0000000748000000, 0x0000000748000000, 0x0000000748400000|  0%| F|  |TAMS 0x0000000748000000, 0x0000000748000000| Untracked 
|1313|0x0000000748400000, 0x0000000748400000, 0x0000000748800000|  0%| F|  |TAMS 0x0000000748400000, 0x0000000748400000| Untracked 
|1314|0x0000000748800000, 0x0000000748800000, 0x0000000748c00000|  0%| F|  |TAMS 0x0000000748800000, 0x0000000748800000| Untracked 
|1315|0x0000000748c00000, 0x0000000748c00000, 0x0000000749000000|  0%| F|  |TAMS 0x0000000748c00000, 0x0000000748c00000| Untracked 
|1316|0x0000000749000000, 0x0000000749000000, 0x0000000749400000|  0%| F|  |TAMS 0x0000000749000000, 0x0000000749000000| Untracked 
|1317|0x0000000749400000, 0x0000000749400000, 0x0000000749800000|  0%| F|  |TAMS 0x0000000749400000, 0x0000000749400000| Untracked 
|1318|0x0000000749800000, 0x0000000749800000, 0x0000000749c00000|  0%| F|  |TAMS 0x0000000749800000, 0x0000000749800000| Untracked 
|1319|0x0000000749c00000, 0x0000000749c00000, 0x000000074a000000|  0%| F|  |TAMS 0x0000000749c00000, 0x0000000749c00000| Untracked 
|1320|0x000000074a000000, 0x000000074a000000, 0x000000074a400000|  0%| F|  |TAMS 0x000000074a000000, 0x000000074a000000| Untracked 
|1321|0x000000074a400000, 0x000000074a400000, 0x000000074a800000|  0%| F|  |TAMS 0x000000074a400000, 0x000000074a400000| Untracked 
|1322|0x000000074a800000, 0x000000074a800000, 0x000000074ac00000|  0%| F|  |TAMS 0x000000074a800000, 0x000000074a800000| Untracked 
|1323|0x000000074ac00000, 0x000000074ac00000, 0x000000074b000000|  0%| F|  |TAMS 0x000000074ac00000, 0x000000074ac00000| Untracked 
|1324|0x000000074b000000, 0x000000074b000000, 0x000000074b400000|  0%| F|  |TAMS 0x000000074b000000, 0x000000074b000000| Untracked 
|1325|0x000000074b400000, 0x000000074b400000, 0x000000074b800000|  0%| F|  |TAMS 0x000000074b400000, 0x000000074b400000| Untracked 
|1326|0x000000074b800000, 0x000000074b800000, 0x000000074bc00000|  0%| F|  |TAMS 0x000000074b800000, 0x000000074b800000| Untracked 
|1327|0x000000074bc00000, 0x000000074bc00000, 0x000000074c000000|  0%| F|  |TAMS 0x000000074bc00000, 0x000000074bc00000| Untracked 
|1328|0x000000074c000000, 0x000000074c000000, 0x000000074c400000|  0%| F|  |TAMS 0x000000074c000000, 0x000000074c000000| Untracked 
|1329|0x000000074c400000, 0x000000074c400000, 0x000000074c800000|  0%| F|  |TAMS 0x000000074c400000, 0x000000074c400000| Untracked 
|1330|0x000000074c800000, 0x000000074c800000, 0x000000074cc00000|  0%| F|  |TAMS 0x000000074c800000, 0x000000074c800000| Untracked 
|1331|0x000000074cc00000, 0x000000074cc00000, 0x000000074d000000|  0%| F|  |TAMS 0x000000074cc00000, 0x000000074cc00000| Untracked 
|1332|0x000000074d000000, 0x000000074d000000, 0x000000074d400000|  0%| F|  |TAMS 0x000000074d000000, 0x000000074d000000| Untracked 
|1333|0x000000074d400000, 0x000000074d400000, 0x000000074d800000|  0%| F|  |TAMS 0x000000074d400000, 0x000000074d400000| Untracked 
|1334|0x000000074d800000, 0x000000074d800000, 0x000000074dc00000|  0%| F|  |TAMS 0x000000074d800000, 0x000000074d800000| Untracked 
|1335|0x000000074dc00000, 0x000000074dc00000, 0x000000074e000000|  0%| F|  |TAMS 0x000000074dc00000, 0x000000074dc00000| Untracked 
|1336|0x000000074e000000, 0x000000074e000000, 0x000000074e400000|  0%| F|  |TAMS 0x000000074e000000, 0x000000074e000000| Untracked 
|1337|0x000000074e400000, 0x000000074e400000, 0x000000074e800000|  0%| F|  |TAMS 0x000000074e400000, 0x000000074e400000| Untracked 
|1338|0x000000074e800000, 0x000000074e800000, 0x000000074ec00000|  0%| F|  |TAMS 0x000000074e800000, 0x000000074e800000| Untracked 
|1339|0x000000074ec00000, 0x000000074ec00000, 0x000000074f000000|  0%| F|  |TAMS 0x000000074ec00000, 0x000000074ec00000| Untracked 
|1340|0x000000074f000000, 0x000000074f000000, 0x000000074f400000|  0%| F|  |TAMS 0x000000074f000000, 0x000000074f000000| Untracked 
|1341|0x000000074f400000, 0x000000074f400000, 0x000000074f800000|  0%| F|  |TAMS 0x000000074f400000, 0x000000074f400000| Untracked 
|1342|0x000000074f800000, 0x000000074f800000, 0x000000074fc00000|  0%| F|  |TAMS 0x000000074f800000, 0x000000074f800000| Untracked 
|1343|0x000000074fc00000, 0x000000074fc00000, 0x0000000750000000|  0%| F|  |TAMS 0x000000074fc00000, 0x000000074fc00000| Untracked 
|1344|0x0000000750000000, 0x0000000750000000, 0x0000000750400000|  0%| F|  |TAMS 0x0000000750000000, 0x0000000750000000| Untracked 
|1345|0x0000000750400000, 0x0000000750400000, 0x0000000750800000|  0%| F|  |TAMS 0x0000000750400000, 0x0000000750400000| Untracked 
|1346|0x0000000750800000, 0x0000000750800000, 0x0000000750c00000|  0%| F|  |TAMS 0x0000000750800000, 0x0000000750800000| Untracked 
|1347|0x0000000750c00000, 0x0000000750c00000, 0x0000000751000000|  0%| F|  |TAMS 0x0000000750c00000, 0x0000000750c00000| Untracked 
|1348|0x0000000751000000, 0x0000000751000000, 0x0000000751400000|  0%| F|  |TAMS 0x0000000751000000, 0x0000000751000000| Untracked 
|1349|0x0000000751400000, 0x0000000751400000, 0x0000000751800000|  0%| F|  |TAMS 0x0000000751400000, 0x0000000751400000| Untracked 
|1350|0x0000000751800000, 0x0000000751800000, 0x0000000751c00000|  0%| F|  |TAMS 0x0000000751800000, 0x0000000751800000| Untracked 
|1351|0x0000000751c00000, 0x0000000751c00000, 0x0000000752000000|  0%| F|  |TAMS 0x0000000751c00000, 0x0000000751c00000| Untracked 
|1352|0x0000000752000000, 0x0000000752000000, 0x0000000752400000|  0%| F|  |TAMS 0x0000000752000000, 0x0000000752000000| Untracked 
|1353|0x0000000752400000, 0x0000000752400000, 0x0000000752800000|  0%| F|  |TAMS 0x0000000752400000, 0x0000000752400000| Untracked 
|1354|0x0000000752800000, 0x0000000752800000, 0x0000000752c00000|  0%| F|  |TAMS 0x0000000752800000, 0x0000000752800000| Untracked 
|1355|0x0000000752c00000, 0x0000000752c00000, 0x0000000753000000|  0%| F|  |TAMS 0x0000000752c00000, 0x0000000752c00000| Untracked 
|1356|0x0000000753000000, 0x0000000753000000, 0x0000000753400000|  0%| F|  |TAMS 0x0000000753000000, 0x0000000753000000| Untracked 
|1357|0x0000000753400000, 0x0000000753400000, 0x0000000753800000|  0%| F|  |TAMS 0x0000000753400000, 0x0000000753400000| Untracked 
|1358|0x0000000753800000, 0x0000000753800000, 0x0000000753c00000|  0%| F|  |TAMS 0x0000000753800000, 0x0000000753800000| Untracked 
|1359|0x0000000753c00000, 0x0000000753c00000, 0x0000000754000000|  0%| F|  |TAMS 0x0000000753c00000, 0x0000000753c00000| Untracked 
|1360|0x0000000754000000, 0x0000000754000000, 0x0000000754400000|  0%| F|  |TAMS 0x0000000754000000, 0x0000000754000000| Untracked 
|1361|0x0000000754400000, 0x0000000754400000, 0x0000000754800000|  0%| F|  |TAMS 0x0000000754400000, 0x0000000754400000| Untracked 
|1362|0x0000000754800000, 0x0000000754800000, 0x0000000754c00000|  0%| F|  |TAMS 0x0000000754800000, 0x0000000754800000| Untracked 
|1363|0x0000000754c00000, 0x0000000754c00000, 0x0000000755000000|  0%| F|  |TAMS 0x0000000754c00000, 0x0000000754c00000| Untracked 
|1364|0x0000000755000000, 0x0000000755000000, 0x0000000755400000|  0%| F|  |TAMS 0x0000000755000000, 0x0000000755000000| Untracked 
|1365|0x0000000755400000, 0x0000000755400000, 0x0000000755800000|  0%| F|  |TAMS 0x0000000755400000, 0x0000000755400000| Untracked 
|1366|0x0000000755800000, 0x0000000755800000, 0x0000000755c00000|  0%| F|  |TAMS 0x0000000755800000, 0x0000000755800000| Untracked 
|1367|0x0000000755c00000, 0x0000000755c00000, 0x0000000756000000|  0%| F|  |TAMS 0x0000000755c00000, 0x0000000755c00000| Untracked 
|1368|0x0000000756000000, 0x0000000756000000, 0x0000000756400000|  0%| F|  |TAMS 0x0000000756000000, 0x0000000756000000| Untracked 
|1369|0x0000000756400000, 0x0000000756400000, 0x0000000756800000|  0%| F|  |TAMS 0x0000000756400000, 0x0000000756400000| Untracked 
|1370|0x0000000756800000, 0x0000000756800000, 0x0000000756c00000|  0%| F|  |TAMS 0x0000000756800000, 0x0000000756800000| Untracked 
|1371|0x0000000756c00000, 0x0000000756c00000, 0x0000000757000000|  0%| F|  |TAMS 0x0000000756c00000, 0x0000000756c00000| Untracked 
|1372|0x0000000757000000, 0x0000000757000000, 0x0000000757400000|  0%| F|  |TAMS 0x0000000757000000, 0x0000000757000000| Untracked 
|1373|0x0000000757400000, 0x0000000757400000, 0x0000000757800000|  0%| F|  |TAMS 0x0000000757400000, 0x0000000757400000| Untracked 
|1374|0x0000000757800000, 0x0000000757800000, 0x0000000757c00000|  0%| F|  |TAMS 0x0000000757800000, 0x0000000757800000| Untracked 
|1375|0x0000000757c00000, 0x0000000757c00000, 0x0000000758000000|  0%| F|  |TAMS 0x0000000757c00000, 0x0000000757c00000| Untracked 
|1376|0x0000000758000000, 0x0000000758000000, 0x0000000758400000|  0%| F|  |TAMS 0x0000000758000000, 0x0000000758000000| Untracked 
|1377|0x0000000758400000, 0x0000000758400000, 0x0000000758800000|  0%| F|  |TAMS 0x0000000758400000, 0x0000000758400000| Untracked 
|1378|0x0000000758800000, 0x0000000758800000, 0x0000000758c00000|  0%| F|  |TAMS 0x0000000758800000, 0x0000000758800000| Untracked 
|1379|0x0000000758c00000, 0x0000000758c00000, 0x0000000759000000|  0%| F|  |TAMS 0x0000000758c00000, 0x0000000758c00000| Untracked 
|1380|0x0000000759000000, 0x0000000759000000, 0x0000000759400000|  0%| F|  |TAMS 0x0000000759000000, 0x0000000759000000| Untracked 
|1381|0x0000000759400000, 0x0000000759400000, 0x0000000759800000|  0%| F|  |TAMS 0x0000000759400000, 0x0000000759400000| Untracked 
|1382|0x0000000759800000, 0x0000000759800000, 0x0000000759c00000|  0%| F|  |TAMS 0x0000000759800000, 0x0000000759800000| Untracked 
|1383|0x0000000759c00000, 0x0000000759c00000, 0x000000075a000000|  0%| F|  |TAMS 0x0000000759c00000, 0x0000000759c00000| Untracked 
|1384|0x000000075a000000, 0x000000075a000000, 0x000000075a400000|  0%| F|  |TAMS 0x000000075a000000, 0x000000075a000000| Untracked 
|1385|0x000000075a400000, 0x000000075a400000, 0x000000075a800000|  0%| F|  |TAMS 0x000000075a400000, 0x000000075a400000| Untracked 
|1386|0x000000075a800000, 0x000000075a800000, 0x000000075ac00000|  0%| F|  |TAMS 0x000000075a800000, 0x000000075a800000| Untracked 
|1387|0x000000075ac00000, 0x000000075ac00000, 0x000000075b000000|  0%| F|  |TAMS 0x000000075ac00000, 0x000000075ac00000| Untracked 
|1388|0x000000075b000000, 0x000000075b000000, 0x000000075b400000|  0%| F|  |TAMS 0x000000075b000000, 0x000000075b000000| Untracked 
|1389|0x000000075b400000, 0x000000075b400000, 0x000000075b800000|  0%| F|  |TAMS 0x000000075b400000, 0x000000075b400000| Untracked 
|1390|0x000000075b800000, 0x000000075b800000, 0x000000075bc00000|  0%| F|  |TAMS 0x000000075b800000, 0x000000075b800000| Untracked 
|1391|0x000000075bc00000, 0x000000075bc00000, 0x000000075c000000|  0%| F|  |TAMS 0x000000075bc00000, 0x000000075bc00000| Untracked 
|1392|0x000000075c000000, 0x000000075c000000, 0x000000075c400000|  0%| F|  |TAMS 0x000000075c000000, 0x000000075c000000| Untracked 
|1393|0x000000075c400000, 0x000000075c400000, 0x000000075c800000|  0%| F|  |TAMS 0x000000075c400000, 0x000000075c400000| Untracked 
|1394|0x000000075c800000, 0x000000075c800000, 0x000000075cc00000|  0%| F|  |TAMS 0x000000075c800000, 0x000000075c800000| Untracked 
|1395|0x000000075cc00000, 0x000000075cc00000, 0x000000075d000000|  0%| F|  |TAMS 0x000000075cc00000, 0x000000075cc00000| Untracked 
|1396|0x000000075d000000, 0x000000075d000000, 0x000000075d400000|  0%| F|  |TAMS 0x000000075d000000, 0x000000075d000000| Untracked 
|1397|0x000000075d400000, 0x000000075d400000, 0x000000075d800000|  0%| F|  |TAMS 0x000000075d400000, 0x000000075d400000| Untracked 
|1398|0x000000075d800000, 0x000000075d800000, 0x000000075dc00000|  0%| F|  |TAMS 0x000000075d800000, 0x000000075d800000| Untracked 
|1399|0x000000075dc00000, 0x000000075dc00000, 0x000000075e000000|  0%| F|  |TAMS 0x000000075dc00000, 0x000000075dc00000| Untracked 
|1400|0x000000075e000000, 0x000000075e000000, 0x000000075e400000|  0%| F|  |TAMS 0x000000075e000000, 0x000000075e000000| Untracked 
|1401|0x000000075e400000, 0x000000075e400000, 0x000000075e800000|  0%| F|  |TAMS 0x000000075e400000, 0x000000075e400000| Untracked 
|1402|0x000000075e800000, 0x000000075e800000, 0x000000075ec00000|  0%| F|  |TAMS 0x000000075e800000, 0x000000075e800000| Untracked 
|1403|0x000000075ec00000, 0x000000075ec00000, 0x000000075f000000|  0%| F|  |TAMS 0x000000075ec00000, 0x000000075ec00000| Untracked 
|1404|0x000000075f000000, 0x000000075f000000, 0x000000075f400000|  0%| F|  |TAMS 0x000000075f000000, 0x000000075f000000| Untracked 
|1405|0x000000075f400000, 0x000000075f400000, 0x000000075f800000|  0%| F|  |TAMS 0x000000075f400000, 0x000000075f400000| Untracked 
|1406|0x000000075f800000, 0x000000075f800000, 0x000000075fc00000|  0%| F|  |TAMS 0x000000075f800000, 0x000000075f800000| Untracked 
|1407|0x000000075fc00000, 0x000000075fc00000, 0x0000000760000000|  0%| F|  |TAMS 0x000000075fc00000, 0x000000075fc00000| Untracked 
|1408|0x0000000760000000, 0x0000000760000000, 0x0000000760400000|  0%| F|  |TAMS 0x0000000760000000, 0x0000000760000000| Untracked 
|1409|0x0000000760400000, 0x0000000760400000, 0x0000000760800000|  0%| F|  |TAMS 0x0000000760400000, 0x0000000760400000| Untracked 
|1410|0x0000000760800000, 0x0000000760800000, 0x0000000760c00000|  0%| F|  |TAMS 0x0000000760800000, 0x0000000760800000| Untracked 
|1411|0x0000000760c00000, 0x0000000760c00000, 0x0000000761000000|  0%| F|  |TAMS 0x0000000760c00000, 0x0000000760c00000| Untracked 
|1412|0x0000000761000000, 0x0000000761000000, 0x0000000761400000|  0%| F|  |TAMS 0x0000000761000000, 0x0000000761000000| Untracked 
|1413|0x0000000761400000, 0x0000000761400000, 0x0000000761800000|  0%| F|  |TAMS 0x0000000761400000, 0x0000000761400000| Untracked 
|1414|0x0000000761800000, 0x0000000761800000, 0x0000000761c00000|  0%| F|  |TAMS 0x0000000761800000, 0x0000000761800000| Untracked 
|1415|0x0000000761c00000, 0x0000000761c00000, 0x0000000762000000|  0%| F|  |TAMS 0x0000000761c00000, 0x0000000761c00000| Untracked 
|1416|0x0000000762000000, 0x0000000762000000, 0x0000000762400000|  0%| F|  |TAMS 0x0000000762000000, 0x0000000762000000| Untracked 
|1417|0x0000000762400000, 0x0000000762400000, 0x0000000762800000|  0%| F|  |TAMS 0x0000000762400000, 0x0000000762400000| Untracked 
|1418|0x0000000762800000, 0x0000000762800000, 0x0000000762c00000|  0%| F|  |TAMS 0x0000000762800000, 0x0000000762800000| Untracked 
|1419|0x0000000762c00000, 0x0000000762c00000, 0x0000000763000000|  0%| F|  |TAMS 0x0000000762c00000, 0x0000000762c00000| Untracked 
|1420|0x0000000763000000, 0x0000000763000000, 0x0000000763400000|  0%| F|  |TAMS 0x0000000763000000, 0x0000000763000000| Untracked 
|1421|0x0000000763400000, 0x0000000763400000, 0x0000000763800000|  0%| F|  |TAMS 0x0000000763400000, 0x0000000763400000| Untracked 
|1422|0x0000000763800000, 0x0000000763800000, 0x0000000763c00000|  0%| F|  |TAMS 0x0000000763800000, 0x0000000763800000| Untracked 
|1423|0x0000000763c00000, 0x0000000763c00000, 0x0000000764000000|  0%| F|  |TAMS 0x0000000763c00000, 0x0000000763c00000| Untracked 
|1424|0x0000000764000000, 0x0000000764000000, 0x0000000764400000|  0%| F|  |TAMS 0x0000000764000000, 0x0000000764000000| Untracked 
|1425|0x0000000764400000, 0x0000000764400000, 0x0000000764800000|  0%| F|  |TAMS 0x0000000764400000, 0x0000000764400000| Untracked 
|1426|0x0000000764800000, 0x0000000764800000, 0x0000000764c00000|  0%| F|  |TAMS 0x0000000764800000, 0x0000000764800000| Untracked 
|1427|0x0000000764c00000, 0x0000000764c00000, 0x0000000765000000|  0%| F|  |TAMS 0x0000000764c00000, 0x0000000764c00000| Untracked 
|1428|0x0000000765000000, 0x0000000765000000, 0x0000000765400000|  0%| F|  |TAMS 0x0000000765000000, 0x0000000765000000| Untracked 
|1429|0x0000000765400000, 0x0000000765400000, 0x0000000765800000|  0%| F|  |TAMS 0x0000000765400000, 0x0000000765400000| Untracked 
|1430|0x0000000765800000, 0x0000000765800000, 0x0000000765c00000|  0%| F|  |TAMS 0x0000000765800000, 0x0000000765800000| Untracked 
|1431|0x0000000765c00000, 0x0000000765c00000, 0x0000000766000000|  0%| F|  |TAMS 0x0000000765c00000, 0x0000000765c00000| Untracked 
|1432|0x0000000766000000, 0x0000000766000000, 0x0000000766400000|  0%| F|  |TAMS 0x0000000766000000, 0x0000000766000000| Untracked 
|1433|0x0000000766400000, 0x0000000766400000, 0x0000000766800000|  0%| F|  |TAMS 0x0000000766400000, 0x0000000766400000| Untracked 
|1434|0x0000000766800000, 0x0000000766800000, 0x0000000766c00000|  0%| F|  |TAMS 0x0000000766800000, 0x0000000766800000| Untracked 
|1435|0x0000000766c00000, 0x0000000766c00000, 0x0000000767000000|  0%| F|  |TAMS 0x0000000766c00000, 0x0000000766c00000| Untracked 
|1436|0x0000000767000000, 0x0000000767000000, 0x0000000767400000|  0%| F|  |TAMS 0x0000000767000000, 0x0000000767000000| Untracked 
|1437|0x0000000767400000, 0x0000000767400000, 0x0000000767800000|  0%| F|  |TAMS 0x0000000767400000, 0x0000000767400000| Untracked 
|1438|0x0000000767800000, 0x0000000767800000, 0x0000000767c00000|  0%| F|  |TAMS 0x0000000767800000, 0x0000000767800000| Untracked 
|1439|0x0000000767c00000, 0x0000000767c00000, 0x0000000768000000|  0%| F|  |TAMS 0x0000000767c00000, 0x0000000767c00000| Untracked 
|1440|0x0000000768000000, 0x0000000768000000, 0x0000000768400000|  0%| F|  |TAMS 0x0000000768000000, 0x0000000768000000| Untracked 
|1441|0x0000000768400000, 0x0000000768400000, 0x0000000768800000|  0%| F|  |TAMS 0x0000000768400000, 0x0000000768400000| Untracked 
|1442|0x0000000768800000, 0x0000000768800000, 0x0000000768c00000|  0%| F|  |TAMS 0x0000000768800000, 0x0000000768800000| Untracked 
|1443|0x0000000768c00000, 0x0000000768c00000, 0x0000000769000000|  0%| F|  |TAMS 0x0000000768c00000, 0x0000000768c00000| Untracked 
|1444|0x0000000769000000, 0x0000000769000000, 0x0000000769400000|  0%| F|  |TAMS 0x0000000769000000, 0x0000000769000000| Untracked 
|1445|0x0000000769400000, 0x0000000769400000, 0x0000000769800000|  0%| F|  |TAMS 0x0000000769400000, 0x0000000769400000| Untracked 
|1446|0x0000000769800000, 0x0000000769800000, 0x0000000769c00000|  0%| F|  |TAMS 0x0000000769800000, 0x0000000769800000| Untracked 
|1447|0x0000000769c00000, 0x0000000769c00000, 0x000000076a000000|  0%| F|  |TAMS 0x0000000769c00000, 0x0000000769c00000| Untracked 
|1448|0x000000076a000000, 0x000000076a000000, 0x000000076a400000|  0%| F|  |TAMS 0x000000076a000000, 0x000000076a000000| Untracked 
|1449|0x000000076a400000, 0x000000076a400000, 0x000000076a800000|  0%| F|  |TAMS 0x000000076a400000, 0x000000076a400000| Untracked 
|1450|0x000000076a800000, 0x000000076a800000, 0x000000076ac00000|  0%| F|  |TAMS 0x000000076a800000, 0x000000076a800000| Untracked 
|1451|0x000000076ac00000, 0x000000076ac00000, 0x000000076b000000|  0%| F|  |TAMS 0x000000076ac00000, 0x000000076ac00000| Untracked 
|1452|0x000000076b000000, 0x000000076b000000, 0x000000076b400000|  0%| F|  |TAMS 0x000000076b000000, 0x000000076b000000| Untracked 
|1453|0x000000076b400000, 0x000000076b400000, 0x000000076b800000|  0%| F|  |TAMS 0x000000076b400000, 0x000000076b400000| Untracked 
|1454|0x000000076b800000, 0x000000076b800000, 0x000000076bc00000|  0%| F|  |TAMS 0x000000076b800000, 0x000000076b800000| Untracked 
|1455|0x000000076bc00000, 0x000000076bc00000, 0x000000076c000000|  0%| F|  |TAMS 0x000000076bc00000, 0x000000076bc00000| Untracked 
|1456|0x000000076c000000, 0x000000076c000000, 0x000000076c400000|  0%| F|  |TAMS 0x000000076c000000, 0x000000076c000000| Untracked 
|1457|0x000000076c400000, 0x000000076c400000, 0x000000076c800000|  0%| F|  |TAMS 0x000000076c400000, 0x000000076c400000| Untracked 
|1458|0x000000076c800000, 0x000000076c800000, 0x000000076cc00000|  0%| F|  |TAMS 0x000000076c800000, 0x000000076c800000| Untracked 
|1459|0x000000076cc00000, 0x000000076cc00000, 0x000000076d000000|  0%| F|  |TAMS 0x000000076cc00000, 0x000000076cc00000| Untracked 
|1460|0x000000076d000000, 0x000000076d000000, 0x000000076d400000|  0%| F|  |TAMS 0x000000076d000000, 0x000000076d000000| Untracked 
|1461|0x000000076d400000, 0x000000076d400000, 0x000000076d800000|  0%| F|  |TAMS 0x000000076d400000, 0x000000076d400000| Untracked 
|1462|0x000000076d800000, 0x000000076d800000, 0x000000076dc00000|  0%| F|  |TAMS 0x000000076d800000, 0x000000076d800000| Untracked 
|1463|0x000000076dc00000, 0x000000076dc00000, 0x000000076e000000|  0%| F|  |TAMS 0x000000076dc00000, 0x000000076dc00000| Untracked 
|1464|0x000000076e000000, 0x000000076e000000, 0x000000076e400000|  0%| F|  |TAMS 0x000000076e000000, 0x000000076e000000| Untracked 
|1465|0x000000076e400000, 0x000000076e400000, 0x000000076e800000|  0%| F|  |TAMS 0x000000076e400000, 0x000000076e400000| Untracked 
|1466|0x000000076e800000, 0x000000076e800000, 0x000000076ec00000|  0%| F|  |TAMS 0x000000076e800000, 0x000000076e800000| Untracked 
|1467|0x000000076ec00000, 0x000000076ec00000, 0x000000076f000000|  0%| F|  |TAMS 0x000000076ec00000, 0x000000076ec00000| Untracked 
|1468|0x000000076f000000, 0x000000076f000000, 0x000000076f400000|  0%| F|  |TAMS 0x000000076f000000, 0x000000076f000000| Untracked 
|1469|0x000000076f400000, 0x000000076f400000, 0x000000076f800000|  0%| F|  |TAMS 0x000000076f400000, 0x000000076f400000| Untracked 
|1470|0x000000076f800000, 0x000000076f800000, 0x000000076fc00000|  0%| F|  |TAMS 0x000000076f800000, 0x000000076f800000| Untracked 
|1471|0x000000076fc00000, 0x000000076fc00000, 0x0000000770000000|  0%| F|  |TAMS 0x000000076fc00000, 0x000000076fc00000| Untracked 
|1472|0x0000000770000000, 0x0000000770000000, 0x0000000770400000|  0%| F|  |TAMS 0x0000000770000000, 0x0000000770000000| Untracked 
|1473|0x0000000770400000, 0x0000000770400000, 0x0000000770800000|  0%| F|  |TAMS 0x0000000770400000, 0x0000000770400000| Untracked 
|1474|0x0000000770800000, 0x0000000770800000, 0x0000000770c00000|  0%| F|  |TAMS 0x0000000770800000, 0x0000000770800000| Untracked 
|1475|0x0000000770c00000, 0x0000000770c00000, 0x0000000771000000|  0%| F|  |TAMS 0x0000000770c00000, 0x0000000770c00000| Untracked 
|1476|0x0000000771000000, 0x0000000771000000, 0x0000000771400000|  0%| F|  |TAMS 0x0000000771000000, 0x0000000771000000| Untracked 
|1477|0x0000000771400000, 0x0000000771400000, 0x0000000771800000|  0%| F|  |TAMS 0x0000000771400000, 0x0000000771400000| Untracked 
|1478|0x0000000771800000, 0x0000000771800000, 0x0000000771c00000|  0%| F|  |TAMS 0x0000000771800000, 0x0000000771800000| Untracked 
|1479|0x0000000771c00000, 0x0000000771c00000, 0x0000000772000000|  0%| F|  |TAMS 0x0000000771c00000, 0x0000000771c00000| Untracked 
|1480|0x0000000772000000, 0x0000000772000000, 0x0000000772400000|  0%| F|  |TAMS 0x0000000772000000, 0x0000000772000000| Untracked 
|1481|0x0000000772400000, 0x0000000772400000, 0x0000000772800000|  0%| F|  |TAMS 0x0000000772400000, 0x0000000772400000| Untracked 
|1482|0x0000000772800000, 0x0000000772800000, 0x0000000772c00000|  0%| F|  |TAMS 0x0000000772800000, 0x0000000772800000| Untracked 
|1483|0x0000000772c00000, 0x0000000772c00000, 0x0000000773000000|  0%| F|  |TAMS 0x0000000772c00000, 0x0000000772c00000| Untracked 
|1484|0x0000000773000000, 0x0000000773000000, 0x0000000773400000|  0%| F|  |TAMS 0x0000000773000000, 0x0000000773000000| Untracked 
|1485|0x0000000773400000, 0x0000000773400000, 0x0000000773800000|  0%| F|  |TAMS 0x0000000773400000, 0x0000000773400000| Untracked 
|1486|0x0000000773800000, 0x0000000773800000, 0x0000000773c00000|  0%| F|  |TAMS 0x0000000773800000, 0x0000000773800000| Untracked 
|1487|0x0000000773c00000, 0x0000000773c00000, 0x0000000774000000|  0%| F|  |TAMS 0x0000000773c00000, 0x0000000773c00000| Untracked 
|1488|0x0000000774000000, 0x0000000774000000, 0x0000000774400000|  0%| F|  |TAMS 0x0000000774000000, 0x0000000774000000| Untracked 
|1489|0x0000000774400000, 0x0000000774400000, 0x0000000774800000|  0%| F|  |TAMS 0x0000000774400000, 0x0000000774400000| Untracked 
|1490|0x0000000774800000, 0x0000000774800000, 0x0000000774c00000|  0%| F|  |TAMS 0x0000000774800000, 0x0000000774800000| Untracked 
|1491|0x0000000774c00000, 0x0000000774c00000, 0x0000000775000000|  0%| F|  |TAMS 0x0000000774c00000, 0x0000000774c00000| Untracked 
|1492|0x0000000775000000, 0x0000000775000000, 0x0000000775400000|  0%| F|  |TAMS 0x0000000775000000, 0x0000000775000000| Untracked 
|1493|0x0000000775400000, 0x0000000775400000, 0x0000000775800000|  0%| F|  |TAMS 0x0000000775400000, 0x0000000775400000| Untracked 
|1494|0x0000000775800000, 0x0000000775800000, 0x0000000775c00000|  0%| F|  |TAMS 0x0000000775800000, 0x0000000775800000| Untracked 
|1495|0x0000000775c00000, 0x0000000775c00000, 0x0000000776000000|  0%| F|  |TAMS 0x0000000775c00000, 0x0000000775c00000| Untracked 
|1496|0x0000000776000000, 0x0000000776000000, 0x0000000776400000|  0%| F|  |TAMS 0x0000000776000000, 0x0000000776000000| Untracked 
|1497|0x0000000776400000, 0x0000000776400000, 0x0000000776800000|  0%| F|  |TAMS 0x0000000776400000, 0x0000000776400000| Untracked 
|1498|0x0000000776800000, 0x0000000776800000, 0x0000000776c00000|  0%| F|  |TAMS 0x0000000776800000, 0x0000000776800000| Untracked 
|1499|0x0000000776c00000, 0x0000000776c00000, 0x0000000777000000|  0%| F|  |TAMS 0x0000000776c00000, 0x0000000776c00000| Untracked 
|1500|0x0000000777000000, 0x0000000777000000, 0x0000000777400000|  0%| F|  |TAMS 0x0000000777000000, 0x0000000777000000| Untracked 
|1501|0x0000000777400000, 0x0000000777400000, 0x0000000777800000|  0%| F|  |TAMS 0x0000000777400000, 0x0000000777400000| Untracked 
|1502|0x0000000777800000, 0x0000000777800000, 0x0000000777c00000|  0%| F|  |TAMS 0x0000000777800000, 0x0000000777800000| Untracked 
|1503|0x0000000777c00000, 0x0000000777c00000, 0x0000000778000000|  0%| F|  |TAMS 0x0000000777c00000, 0x0000000777c00000| Untracked 
|1504|0x0000000778000000, 0x0000000778000000, 0x0000000778400000|  0%| F|  |TAMS 0x0000000778000000, 0x0000000778000000| Untracked 
|1505|0x0000000778400000, 0x0000000778400000, 0x0000000778800000|  0%| F|  |TAMS 0x0000000778400000, 0x0000000778400000| Untracked 
|1506|0x0000000778800000, 0x0000000778800000, 0x0000000778c00000|  0%| F|  |TAMS 0x0000000778800000, 0x0000000778800000| Untracked 
|1507|0x0000000778c00000, 0x0000000778c00000, 0x0000000779000000|  0%| F|  |TAMS 0x0000000778c00000, 0x0000000778c00000| Untracked 
|1508|0x0000000779000000, 0x0000000779000000, 0x0000000779400000|  0%| F|  |TAMS 0x0000000779000000, 0x0000000779000000| Untracked 
|1509|0x0000000779400000, 0x0000000779400000, 0x0000000779800000|  0%| F|  |TAMS 0x0000000779400000, 0x0000000779400000| Untracked 
|1510|0x0000000779800000, 0x0000000779800000, 0x0000000779c00000|  0%| F|  |TAMS 0x0000000779800000, 0x0000000779800000| Untracked 
|1511|0x0000000779c00000, 0x0000000779c00000, 0x000000077a000000|  0%| F|  |TAMS 0x0000000779c00000, 0x0000000779c00000| Untracked 
|1512|0x000000077a000000, 0x000000077a000000, 0x000000077a400000|  0%| F|  |TAMS 0x000000077a000000, 0x000000077a000000| Untracked 
|1513|0x000000077a400000, 0x000000077a400000, 0x000000077a800000|  0%| F|  |TAMS 0x000000077a400000, 0x000000077a400000| Untracked 
|1514|0x000000077a800000, 0x000000077a800000, 0x000000077ac00000|  0%| F|  |TAMS 0x000000077a800000, 0x000000077a800000| Untracked 
|1515|0x000000077ac00000, 0x000000077ac00000, 0x000000077b000000|  0%| F|  |TAMS 0x000000077ac00000, 0x000000077ac00000| Untracked 
|1516|0x000000077b000000, 0x000000077b000000, 0x000000077b400000|  0%| F|  |TAMS 0x000000077b000000, 0x000000077b000000| Untracked 
|1517|0x000000077b400000, 0x000000077b400000, 0x000000077b800000|  0%| F|  |TAMS 0x000000077b400000, 0x000000077b400000| Untracked 
|1518|0x000000077b800000, 0x000000077b800000, 0x000000077bc00000|  0%| F|  |TAMS 0x000000077b800000, 0x000000077b800000| Untracked 
|1519|0x000000077bc00000, 0x000000077bc00000, 0x000000077c000000|  0%| F|  |TAMS 0x000000077bc00000, 0x000000077bc00000| Untracked 
|1520|0x000000077c000000, 0x000000077c000000, 0x000000077c400000|  0%| F|  |TAMS 0x000000077c000000, 0x000000077c000000| Untracked 
|1521|0x000000077c400000, 0x000000077c400000, 0x000000077c800000|  0%| F|  |TAMS 0x000000077c400000, 0x000000077c400000| Untracked 
|1522|0x000000077c800000, 0x000000077c800000, 0x000000077cc00000|  0%| F|  |TAMS 0x000000077c800000, 0x000000077c800000| Untracked 
|1523|0x000000077cc00000, 0x000000077cc00000, 0x000000077d000000|  0%| F|  |TAMS 0x000000077cc00000, 0x000000077cc00000| Untracked 
|1524|0x000000077d000000, 0x000000077d000000, 0x000000077d400000|  0%| F|  |TAMS 0x000000077d000000, 0x000000077d000000| Untracked 
|1525|0x000000077d400000, 0x000000077d400000, 0x000000077d800000|  0%| F|  |TAMS 0x000000077d400000, 0x000000077d400000| Untracked 
|1526|0x000000077d800000, 0x000000077d800000, 0x000000077dc00000|  0%| F|  |TAMS 0x000000077d800000, 0x000000077d800000| Untracked 
|1527|0x000000077dc00000, 0x000000077dc00000, 0x000000077e000000|  0%| F|  |TAMS 0x000000077dc00000, 0x000000077dc00000| Untracked 
|1528|0x000000077e000000, 0x000000077e000000, 0x000000077e400000|  0%| F|  |TAMS 0x000000077e000000, 0x000000077e000000| Untracked 
|1529|0x000000077e400000, 0x000000077e400000, 0x000000077e800000|  0%| F|  |TAMS 0x000000077e400000, 0x000000077e400000| Untracked 
|1530|0x000000077e800000, 0x000000077e800000, 0x000000077ec00000|  0%| F|  |TAMS 0x000000077e800000, 0x000000077e800000| Untracked 
|1531|0x000000077ec00000, 0x000000077ec00000, 0x000000077f000000|  0%| F|  |TAMS 0x000000077ec00000, 0x000000077ec00000| Untracked 
|1532|0x000000077f000000, 0x000000077f000000, 0x000000077f400000|  0%| F|  |TAMS 0x000000077f000000, 0x000000077f000000| Untracked 
|1533|0x000000077f400000, 0x000000077f400000, 0x000000077f800000|  0%| F|  |TAMS 0x000000077f400000, 0x000000077f400000| Untracked 
|1534|0x000000077f800000, 0x000000077f800000, 0x000000077fc00000|  0%| F|  |TAMS 0x000000077f800000, 0x000000077f800000| Untracked 
|1535|0x000000077fc00000, 0x000000077fc00000, 0x0000000780000000|  0%| F|  |TAMS 0x000000077fc00000, 0x000000077fc00000| Untracked 
|1536|0x0000000780000000, 0x0000000780000000, 0x0000000780400000|  0%| F|  |TAMS 0x0000000780000000, 0x0000000780000000| Untracked 
|1537|0x0000000780400000, 0x0000000780400000, 0x0000000780800000|  0%| F|  |TAMS 0x0000000780400000, 0x0000000780400000| Untracked 
|1538|0x0000000780800000, 0x0000000780800000, 0x0000000780c00000|  0%| F|  |TAMS 0x0000000780800000, 0x0000000780800000| Untracked 
|1539|0x0000000780c00000, 0x0000000780c00000, 0x0000000781000000|  0%| F|  |TAMS 0x0000000780c00000, 0x0000000780c00000| Untracked 
|1540|0x0000000781000000, 0x0000000781000000, 0x0000000781400000|  0%| F|  |TAMS 0x0000000781000000, 0x0000000781000000| Untracked 
|1541|0x0000000781400000, 0x0000000781400000, 0x0000000781800000|  0%| F|  |TAMS 0x0000000781400000, 0x0000000781400000| Untracked 
|1542|0x0000000781800000, 0x0000000781800000, 0x0000000781c00000|  0%| F|  |TAMS 0x0000000781800000, 0x0000000781800000| Untracked 
|1543|0x0000000781c00000, 0x0000000781c00000, 0x0000000782000000|  0%| F|  |TAMS 0x0000000781c00000, 0x0000000781c00000| Untracked 
|1544|0x0000000782000000, 0x0000000782000000, 0x0000000782400000|  0%| F|  |TAMS 0x0000000782000000, 0x0000000782000000| Untracked 
|1545|0x0000000782400000, 0x0000000782400000, 0x0000000782800000|  0%| F|  |TAMS 0x0000000782400000, 0x0000000782400000| Untracked 
|1546|0x0000000782800000, 0x0000000782800000, 0x0000000782c00000|  0%| F|  |TAMS 0x0000000782800000, 0x0000000782800000| Untracked 
|1547|0x0000000782c00000, 0x0000000782c00000, 0x0000000783000000|  0%| F|  |TAMS 0x0000000782c00000, 0x0000000782c00000| Untracked 
|1548|0x0000000783000000, 0x0000000783000000, 0x0000000783400000|  0%| F|  |TAMS 0x0000000783000000, 0x0000000783000000| Untracked 
|1549|0x0000000783400000, 0x0000000783400000, 0x0000000783800000|  0%| F|  |TAMS 0x0000000783400000, 0x0000000783400000| Untracked 
|1550|0x0000000783800000, 0x0000000783800000, 0x0000000783c00000|  0%| F|  |TAMS 0x0000000783800000, 0x0000000783800000| Untracked 
|1551|0x0000000783c00000, 0x0000000783c00000, 0x0000000784000000|  0%| F|  |TAMS 0x0000000783c00000, 0x0000000783c00000| Untracked 
|1552|0x0000000784000000, 0x0000000784000000, 0x0000000784400000|  0%| F|  |TAMS 0x0000000784000000, 0x0000000784000000| Untracked 
|1553|0x0000000784400000, 0x0000000784400000, 0x0000000784800000|  0%| F|  |TAMS 0x0000000784400000, 0x0000000784400000| Untracked 
|1554|0x0000000784800000, 0x0000000784800000, 0x0000000784c00000|  0%| F|  |TAMS 0x0000000784800000, 0x0000000784800000| Untracked 
|1555|0x0000000784c00000, 0x0000000784c00000, 0x0000000785000000|  0%| F|  |TAMS 0x0000000784c00000, 0x0000000784c00000| Untracked 
|1556|0x0000000785000000, 0x0000000785000000, 0x0000000785400000|  0%| F|  |TAMS 0x0000000785000000, 0x0000000785000000| Untracked 
|1557|0x0000000785400000, 0x0000000785400000, 0x0000000785800000|  0%| F|  |TAMS 0x0000000785400000, 0x0000000785400000| Untracked 
|1558|0x0000000785800000, 0x0000000785800000, 0x0000000785c00000|  0%| F|  |TAMS 0x0000000785800000, 0x0000000785800000| Untracked 
|1559|0x0000000785c00000, 0x0000000785c00000, 0x0000000786000000|  0%| F|  |TAMS 0x0000000785c00000, 0x0000000785c00000| Untracked 
|1560|0x0000000786000000, 0x0000000786000000, 0x0000000786400000|  0%| F|  |TAMS 0x0000000786000000, 0x0000000786000000| Untracked 
|1561|0x0000000786400000, 0x0000000786400000, 0x0000000786800000|  0%| F|  |TAMS 0x0000000786400000, 0x0000000786400000| Untracked 
|1562|0x0000000786800000, 0x0000000786800000, 0x0000000786c00000|  0%| F|  |TAMS 0x0000000786800000, 0x0000000786800000| Untracked 
|1563|0x0000000786c00000, 0x0000000786c00000, 0x0000000787000000|  0%| F|  |TAMS 0x0000000786c00000, 0x0000000786c00000| Untracked 
|1564|0x0000000787000000, 0x0000000787000000, 0x0000000787400000|  0%| F|  |TAMS 0x0000000787000000, 0x0000000787000000| Untracked 
|1565|0x0000000787400000, 0x0000000787400000, 0x0000000787800000|  0%| F|  |TAMS 0x0000000787400000, 0x0000000787400000| Untracked 
|1566|0x0000000787800000, 0x0000000787800000, 0x0000000787c00000|  0%| F|  |TAMS 0x0000000787800000, 0x0000000787800000| Untracked 
|1567|0x0000000787c00000, 0x0000000787c00000, 0x0000000788000000|  0%| F|  |TAMS 0x0000000787c00000, 0x0000000787c00000| Untracked 
|1568|0x0000000788000000, 0x0000000788000000, 0x0000000788400000|  0%| F|  |TAMS 0x0000000788000000, 0x0000000788000000| Untracked 
|1569|0x0000000788400000, 0x0000000788400000, 0x0000000788800000|  0%| F|  |TAMS 0x0000000788400000, 0x0000000788400000| Untracked 
|1570|0x0000000788800000, 0x0000000788800000, 0x0000000788c00000|  0%| F|  |TAMS 0x0000000788800000, 0x0000000788800000| Untracked 
|1571|0x0000000788c00000, 0x0000000788c00000, 0x0000000789000000|  0%| F|  |TAMS 0x0000000788c00000, 0x0000000788c00000| Untracked 
|1572|0x0000000789000000, 0x0000000789000000, 0x0000000789400000|  0%| F|  |TAMS 0x0000000789000000, 0x0000000789000000| Untracked 
|1573|0x0000000789400000, 0x0000000789400000, 0x0000000789800000|  0%| F|  |TAMS 0x0000000789400000, 0x0000000789400000| Untracked 
|1574|0x0000000789800000, 0x0000000789800000, 0x0000000789c00000|  0%| F|  |TAMS 0x0000000789800000, 0x0000000789800000| Untracked 
|1575|0x0000000789c00000, 0x0000000789c00000, 0x000000078a000000|  0%| F|  |TAMS 0x0000000789c00000, 0x0000000789c00000| Untracked 
|1576|0x000000078a000000, 0x000000078a000000, 0x000000078a400000|  0%| F|  |TAMS 0x000000078a000000, 0x000000078a000000| Untracked 
|1577|0x000000078a400000, 0x000000078a400000, 0x000000078a800000|  0%| F|  |TAMS 0x000000078a400000, 0x000000078a400000| Untracked 
|1578|0x000000078a800000, 0x000000078a800000, 0x000000078ac00000|  0%| F|  |TAMS 0x000000078a800000, 0x000000078a800000| Untracked 
|1579|0x000000078ac00000, 0x000000078ac00000, 0x000000078b000000|  0%| F|  |TAMS 0x000000078ac00000, 0x000000078ac00000| Untracked 
|1580|0x000000078b000000, 0x000000078b000000, 0x000000078b400000|  0%| F|  |TAMS 0x000000078b000000, 0x000000078b000000| Untracked 
|1581|0x000000078b400000, 0x000000078b400000, 0x000000078b800000|  0%| F|  |TAMS 0x000000078b400000, 0x000000078b400000| Untracked 
|1582|0x000000078b800000, 0x000000078b800000, 0x000000078bc00000|  0%| F|  |TAMS 0x000000078b800000, 0x000000078b800000| Untracked 
|1583|0x000000078bc00000, 0x000000078bc00000, 0x000000078c000000|  0%| F|  |TAMS 0x000000078bc00000, 0x000000078bc00000| Untracked 
|1584|0x000000078c000000, 0x000000078c000000, 0x000000078c400000|  0%| F|  |TAMS 0x000000078c000000, 0x000000078c000000| Untracked 
|1585|0x000000078c400000, 0x000000078c400000, 0x000000078c800000|  0%| F|  |TAMS 0x000000078c400000, 0x000000078c400000| Untracked 
|1586|0x000000078c800000, 0x000000078c800000, 0x000000078cc00000|  0%| F|  |TAMS 0x000000078c800000, 0x000000078c800000| Untracked 
|1587|0x000000078cc00000, 0x000000078cc00000, 0x000000078d000000|  0%| F|  |TAMS 0x000000078cc00000, 0x000000078cc00000| Untracked 
|1588|0x000000078d000000, 0x000000078d000000, 0x000000078d400000|  0%| F|  |TAMS 0x000000078d000000, 0x000000078d000000| Untracked 
|1589|0x000000078d400000, 0x000000078d400000, 0x000000078d800000|  0%| F|  |TAMS 0x000000078d400000, 0x000000078d400000| Untracked 
|1590|0x000000078d800000, 0x000000078d800000, 0x000000078dc00000|  0%| F|  |TAMS 0x000000078d800000, 0x000000078d800000| Untracked 
|1591|0x000000078dc00000, 0x000000078dc00000, 0x000000078e000000|  0%| F|  |TAMS 0x000000078dc00000, 0x000000078dc00000| Untracked 
|1592|0x000000078e000000, 0x000000078e000000, 0x000000078e400000|  0%| F|  |TAMS 0x000000078e000000, 0x000000078e000000| Untracked 
|1593|0x000000078e400000, 0x000000078e400000, 0x000000078e800000|  0%| F|  |TAMS 0x000000078e400000, 0x000000078e400000| Untracked 
|1594|0x000000078e800000, 0x000000078e800000, 0x000000078ec00000|  0%| F|  |TAMS 0x000000078e800000, 0x000000078e800000| Untracked 
|1595|0x000000078ec00000, 0x000000078ec00000, 0x000000078f000000|  0%| F|  |TAMS 0x000000078ec00000, 0x000000078ec00000| Untracked 
|1596|0x000000078f000000, 0x000000078f000000, 0x000000078f400000|  0%| F|  |TAMS 0x000000078f000000, 0x000000078f000000| Untracked 
|1597|0x000000078f400000, 0x000000078f400000, 0x000000078f800000|  0%| F|  |TAMS 0x000000078f400000, 0x000000078f400000| Untracked 
|1598|0x000000078f800000, 0x000000078f800000, 0x000000078fc00000|  0%| F|  |TAMS 0x000000078f800000, 0x000000078f800000| Untracked 
|1599|0x000000078fc00000, 0x000000078fc00000, 0x0000000790000000|  0%| F|  |TAMS 0x000000078fc00000, 0x000000078fc00000| Untracked 
|1600|0x0000000790000000, 0x0000000790000000, 0x0000000790400000|  0%| F|  |TAMS 0x0000000790000000, 0x0000000790000000| Untracked 
|1601|0x0000000790400000, 0x0000000790400000, 0x0000000790800000|  0%| F|  |TAMS 0x0000000790400000, 0x0000000790400000| Untracked 
|1602|0x0000000790800000, 0x0000000790800000, 0x0000000790c00000|  0%| F|  |TAMS 0x0000000790800000, 0x0000000790800000| Untracked 
|1603|0x0000000790c00000, 0x0000000790c00000, 0x0000000791000000|  0%| F|  |TAMS 0x0000000790c00000, 0x0000000790c00000| Untracked 
|1604|0x0000000791000000, 0x0000000791000000, 0x0000000791400000|  0%| F|  |TAMS 0x0000000791000000, 0x0000000791000000| Untracked 
|1605|0x0000000791400000, 0x0000000791400000, 0x0000000791800000|  0%| F|  |TAMS 0x0000000791400000, 0x0000000791400000| Untracked 
|1606|0x0000000791800000, 0x0000000791800000, 0x0000000791c00000|  0%| F|  |TAMS 0x0000000791800000, 0x0000000791800000| Untracked 
|1607|0x0000000791c00000, 0x0000000791c00000, 0x0000000792000000|  0%| F|  |TAMS 0x0000000791c00000, 0x0000000791c00000| Untracked 
|1608|0x0000000792000000, 0x0000000792000000, 0x0000000792400000|  0%| F|  |TAMS 0x0000000792000000, 0x0000000792000000| Untracked 
|1609|0x0000000792400000, 0x0000000792400000, 0x0000000792800000|  0%| F|  |TAMS 0x0000000792400000, 0x0000000792400000| Untracked 
|1610|0x0000000792800000, 0x0000000792800000, 0x0000000792c00000|  0%| F|  |TAMS 0x0000000792800000, 0x0000000792800000| Untracked 
|1611|0x0000000792c00000, 0x0000000792c00000, 0x0000000793000000|  0%| F|  |TAMS 0x0000000792c00000, 0x0000000792c00000| Untracked 
|1612|0x0000000793000000, 0x0000000793000000, 0x0000000793400000|  0%| F|  |TAMS 0x0000000793000000, 0x0000000793000000| Untracked 
|1613|0x0000000793400000, 0x0000000793400000, 0x0000000793800000|  0%| F|  |TAMS 0x0000000793400000, 0x0000000793400000| Untracked 
|1614|0x0000000793800000, 0x0000000793800000, 0x0000000793c00000|  0%| F|  |TAMS 0x0000000793800000, 0x0000000793800000| Untracked 
|1615|0x0000000793c00000, 0x0000000793c00000, 0x0000000794000000|  0%| F|  |TAMS 0x0000000793c00000, 0x0000000793c00000| Untracked 
|1616|0x0000000794000000, 0x0000000794000000, 0x0000000794400000|  0%| F|  |TAMS 0x0000000794000000, 0x0000000794000000| Untracked 
|1617|0x0000000794400000, 0x0000000794400000, 0x0000000794800000|  0%| F|  |TAMS 0x0000000794400000, 0x0000000794400000| Untracked 
|1618|0x0000000794800000, 0x0000000794800000, 0x0000000794c00000|  0%| F|  |TAMS 0x0000000794800000, 0x0000000794800000| Untracked 
|1619|0x0000000794c00000, 0x0000000794c00000, 0x0000000795000000|  0%| F|  |TAMS 0x0000000794c00000, 0x0000000794c00000| Untracked 
|1620|0x0000000795000000, 0x0000000795000000, 0x0000000795400000|  0%| F|  |TAMS 0x0000000795000000, 0x0000000795000000| Untracked 
|1621|0x0000000795400000, 0x0000000795400000, 0x0000000795800000|  0%| F|  |TAMS 0x0000000795400000, 0x0000000795400000| Untracked 
|1622|0x0000000795800000, 0x0000000795800000, 0x0000000795c00000|  0%| F|  |TAMS 0x0000000795800000, 0x0000000795800000| Untracked 
|1623|0x0000000795c00000, 0x0000000795c00000, 0x0000000796000000|  0%| F|  |TAMS 0x0000000795c00000, 0x0000000795c00000| Untracked 
|1624|0x0000000796000000, 0x0000000796000000, 0x0000000796400000|  0%| F|  |TAMS 0x0000000796000000, 0x0000000796000000| Untracked 
|1625|0x0000000796400000, 0x0000000796400000, 0x0000000796800000|  0%| F|  |TAMS 0x0000000796400000, 0x0000000796400000| Untracked 
|1626|0x0000000796800000, 0x0000000796800000, 0x0000000796c00000|  0%| F|  |TAMS 0x0000000796800000, 0x0000000796800000| Untracked 
|1627|0x0000000796c00000, 0x0000000796c00000, 0x0000000797000000|  0%| F|  |TAMS 0x0000000796c00000, 0x0000000796c00000| Untracked 
|1628|0x0000000797000000, 0x0000000797000000, 0x0000000797400000|  0%| F|  |TAMS 0x0000000797000000, 0x0000000797000000| Untracked 
|1629|0x0000000797400000, 0x0000000797400000, 0x0000000797800000|  0%| F|  |TAMS 0x0000000797400000, 0x0000000797400000| Untracked 
|1630|0x0000000797800000, 0x0000000797800000, 0x0000000797c00000|  0%| F|  |TAMS 0x0000000797800000, 0x0000000797800000| Untracked 
|1631|0x0000000797c00000, 0x0000000797c00000, 0x0000000798000000|  0%| F|  |TAMS 0x0000000797c00000, 0x0000000797c00000| Untracked 
|1632|0x0000000798000000, 0x0000000798000000, 0x0000000798400000|  0%| F|  |TAMS 0x0000000798000000, 0x0000000798000000| Untracked 
|1633|0x0000000798400000, 0x0000000798400000, 0x0000000798800000|  0%| F|  |TAMS 0x0000000798400000, 0x0000000798400000| Untracked 
|1634|0x0000000798800000, 0x0000000798800000, 0x0000000798c00000|  0%| F|  |TAMS 0x0000000798800000, 0x0000000798800000| Untracked 
|1635|0x0000000798c00000, 0x0000000798c00000, 0x0000000799000000|  0%| F|  |TAMS 0x0000000798c00000, 0x0000000798c00000| Untracked 
|1636|0x0000000799000000, 0x0000000799000000, 0x0000000799400000|  0%| F|  |TAMS 0x0000000799000000, 0x0000000799000000| Untracked 
|1637|0x0000000799400000, 0x0000000799400000, 0x0000000799800000|  0%| F|  |TAMS 0x0000000799400000, 0x0000000799400000| Untracked 
|1638|0x0000000799800000, 0x0000000799800000, 0x0000000799c00000|  0%| F|  |TAMS 0x0000000799800000, 0x0000000799800000| Untracked 
|1639|0x0000000799c00000, 0x0000000799c00000, 0x000000079a000000|  0%| F|  |TAMS 0x0000000799c00000, 0x0000000799c00000| Untracked 
|1640|0x000000079a000000, 0x000000079a000000, 0x000000079a400000|  0%| F|  |TAMS 0x000000079a000000, 0x000000079a000000| Untracked 
|1641|0x000000079a400000, 0x000000079a400000, 0x000000079a800000|  0%| F|  |TAMS 0x000000079a400000, 0x000000079a400000| Untracked 
|1642|0x000000079a800000, 0x000000079a800000, 0x000000079ac00000|  0%| F|  |TAMS 0x000000079a800000, 0x000000079a800000| Untracked 
|1643|0x000000079ac00000, 0x000000079ac00000, 0x000000079b000000|  0%| F|  |TAMS 0x000000079ac00000, 0x000000079ac00000| Untracked 
|1644|0x000000079b000000, 0x000000079b000000, 0x000000079b400000|  0%| F|  |TAMS 0x000000079b000000, 0x000000079b000000| Untracked 
|1645|0x000000079b400000, 0x000000079b400000, 0x000000079b800000|  0%| F|  |TAMS 0x000000079b400000, 0x000000079b400000| Untracked 
|1646|0x000000079b800000, 0x000000079b800000, 0x000000079bc00000|  0%| F|  |TAMS 0x000000079b800000, 0x000000079b800000| Untracked 
|1647|0x000000079bc00000, 0x000000079bc00000, 0x000000079c000000|  0%| F|  |TAMS 0x000000079bc00000, 0x000000079bc00000| Untracked 
|1648|0x000000079c000000, 0x000000079c000000, 0x000000079c400000|  0%| F|  |TAMS 0x000000079c000000, 0x000000079c000000| Untracked 
|1649|0x000000079c400000, 0x000000079c400000, 0x000000079c800000|  0%| F|  |TAMS 0x000000079c400000, 0x000000079c400000| Untracked 
|1650|0x000000079c800000, 0x000000079c800000, 0x000000079cc00000|  0%| F|  |TAMS 0x000000079c800000, 0x000000079c800000| Untracked 
|1651|0x000000079cc00000, 0x000000079cc00000, 0x000000079d000000|  0%| F|  |TAMS 0x000000079cc00000, 0x000000079cc00000| Untracked 
|1652|0x000000079d000000, 0x000000079d000000, 0x000000079d400000|  0%| F|  |TAMS 0x000000079d000000, 0x000000079d000000| Untracked 
|1653|0x000000079d400000, 0x000000079d400000, 0x000000079d800000|  0%| F|  |TAMS 0x000000079d400000, 0x000000079d400000| Untracked 
|1654|0x000000079d800000, 0x000000079d800000, 0x000000079dc00000|  0%| F|  |TAMS 0x000000079d800000, 0x000000079d800000| Untracked 
|1655|0x000000079dc00000, 0x000000079dc00000, 0x000000079e000000|  0%| F|  |TAMS 0x000000079dc00000, 0x000000079dc00000| Untracked 
|1656|0x000000079e000000, 0x000000079e000000, 0x000000079e400000|  0%| F|  |TAMS 0x000000079e000000, 0x000000079e000000| Untracked 
|1657|0x000000079e400000, 0x000000079e400000, 0x000000079e800000|  0%| F|  |TAMS 0x000000079e400000, 0x000000079e400000| Untracked 
|1658|0x000000079e800000, 0x000000079e800000, 0x000000079ec00000|  0%| F|  |TAMS 0x000000079e800000, 0x000000079e800000| Untracked 
|1659|0x000000079ec00000, 0x000000079ec00000, 0x000000079f000000|  0%| F|  |TAMS 0x000000079ec00000, 0x000000079ec00000| Untracked 
|1660|0x000000079f000000, 0x000000079f000000, 0x000000079f400000|  0%| F|  |TAMS 0x000000079f000000, 0x000000079f000000| Untracked 
|1661|0x000000079f400000, 0x000000079f400000, 0x000000079f800000|  0%| F|  |TAMS 0x000000079f400000, 0x000000079f400000| Untracked 
|1662|0x000000079f800000, 0x000000079f800000, 0x000000079fc00000|  0%| F|  |TAMS 0x000000079f800000, 0x000000079f800000| Untracked 
|1663|0x000000079fc00000, 0x000000079fc00000, 0x00000007a0000000|  0%| F|  |TAMS 0x000000079fc00000, 0x000000079fc00000| Untracked 
|1664|0x00000007a0000000, 0x00000007a0000000, 0x00000007a0400000|  0%| F|  |TAMS 0x00000007a0000000, 0x00000007a0000000| Untracked 
|1665|0x00000007a0400000, 0x00000007a0400000, 0x00000007a0800000|  0%| F|  |TAMS 0x00000007a0400000, 0x00000007a0400000| Untracked 
|1666|0x00000007a0800000, 0x00000007a0800000, 0x00000007a0c00000|  0%| F|  |TAMS 0x00000007a0800000, 0x00000007a0800000| Untracked 
|1667|0x00000007a0c00000, 0x00000007a0c00000, 0x00000007a1000000|  0%| F|  |TAMS 0x00000007a0c00000, 0x00000007a0c00000| Untracked 
|1668|0x00000007a1000000, 0x00000007a1000000, 0x00000007a1400000|  0%| F|  |TAMS 0x00000007a1000000, 0x00000007a1000000| Untracked 
|1669|0x00000007a1400000, 0x00000007a1400000, 0x00000007a1800000|  0%| F|  |TAMS 0x00000007a1400000, 0x00000007a1400000| Untracked 
|1670|0x00000007a1800000, 0x00000007a1800000, 0x00000007a1c00000|  0%| F|  |TAMS 0x00000007a1800000, 0x00000007a1800000| Untracked 
|1671|0x00000007a1c00000, 0x00000007a1c00000, 0x00000007a2000000|  0%| F|  |TAMS 0x00000007a1c00000, 0x00000007a1c00000| Untracked 
|1672|0x00000007a2000000, 0x00000007a2000000, 0x00000007a2400000|  0%| F|  |TAMS 0x00000007a2000000, 0x00000007a2000000| Untracked 
|1673|0x00000007a2400000, 0x00000007a2400000, 0x00000007a2800000|  0%| F|  |TAMS 0x00000007a2400000, 0x00000007a2400000| Untracked 
|1674|0x00000007a2800000, 0x00000007a2800000, 0x00000007a2c00000|  0%| F|  |TAMS 0x00000007a2800000, 0x00000007a2800000| Untracked 
|1675|0x00000007a2c00000, 0x00000007a2c00000, 0x00000007a3000000|  0%| F|  |TAMS 0x00000007a2c00000, 0x00000007a2c00000| Untracked 
|1676|0x00000007a3000000, 0x00000007a3000000, 0x00000007a3400000|  0%| F|  |TAMS 0x00000007a3000000, 0x00000007a3000000| Untracked 
|1677|0x00000007a3400000, 0x00000007a3400000, 0x00000007a3800000|  0%| F|  |TAMS 0x00000007a3400000, 0x00000007a3400000| Untracked 
|1678|0x00000007a3800000, 0x00000007a3800000, 0x00000007a3c00000|  0%| F|  |TAMS 0x00000007a3800000, 0x00000007a3800000| Untracked 
|1679|0x00000007a3c00000, 0x00000007a3c00000, 0x00000007a4000000|  0%| F|  |TAMS 0x00000007a3c00000, 0x00000007a3c00000| Untracked 
|1680|0x00000007a4000000, 0x00000007a4000000, 0x00000007a4400000|  0%| F|  |TAMS 0x00000007a4000000, 0x00000007a4000000| Untracked 
|1681|0x00000007a4400000, 0x00000007a4400000, 0x00000007a4800000|  0%| F|  |TAMS 0x00000007a4400000, 0x00000007a4400000| Untracked 
|1682|0x00000007a4800000, 0x00000007a4800000, 0x00000007a4c00000|  0%| F|  |TAMS 0x00000007a4800000, 0x00000007a4800000| Untracked 
|1683|0x00000007a4c00000, 0x00000007a4c00000, 0x00000007a5000000|  0%| F|  |TAMS 0x00000007a4c00000, 0x00000007a4c00000| Untracked 
|1684|0x00000007a5000000, 0x00000007a5000000, 0x00000007a5400000|  0%| F|  |TAMS 0x00000007a5000000, 0x00000007a5000000| Untracked 
|1685|0x00000007a5400000, 0x00000007a5400000, 0x00000007a5800000|  0%| F|  |TAMS 0x00000007a5400000, 0x00000007a5400000| Untracked 
|1686|0x00000007a5800000, 0x00000007a5800000, 0x00000007a5c00000|  0%| F|  |TAMS 0x00000007a5800000, 0x00000007a5800000| Untracked 
|1687|0x00000007a5c00000, 0x00000007a5c00000, 0x00000007a6000000|  0%| F|  |TAMS 0x00000007a5c00000, 0x00000007a5c00000| Untracked 
|1688|0x00000007a6000000, 0x00000007a6000000, 0x00000007a6400000|  0%| F|  |TAMS 0x00000007a6000000, 0x00000007a6000000| Untracked 
|1689|0x00000007a6400000, 0x00000007a6400000, 0x00000007a6800000|  0%| F|  |TAMS 0x00000007a6400000, 0x00000007a6400000| Untracked 
|1690|0x00000007a6800000, 0x00000007a6800000, 0x00000007a6c00000|  0%| F|  |TAMS 0x00000007a6800000, 0x00000007a6800000| Untracked 
|1691|0x00000007a6c00000, 0x00000007a6c00000, 0x00000007a7000000|  0%| F|  |TAMS 0x00000007a6c00000, 0x00000007a6c00000| Untracked 
|1692|0x00000007a7000000, 0x00000007a7000000, 0x00000007a7400000|  0%| F|  |TAMS 0x00000007a7000000, 0x00000007a7000000| Untracked 
|1693|0x00000007a7400000, 0x00000007a7400000, 0x00000007a7800000|  0%| F|  |TAMS 0x00000007a7400000, 0x00000007a7400000| Untracked 
|1694|0x00000007a7800000, 0x00000007a7800000, 0x00000007a7c00000|  0%| F|  |TAMS 0x00000007a7800000, 0x00000007a7800000| Untracked 
|1695|0x00000007a7c00000, 0x00000007a7c00000, 0x00000007a8000000|  0%| F|  |TAMS 0x00000007a7c00000, 0x00000007a7c00000| Untracked 
|1696|0x00000007a8000000, 0x00000007a8000000, 0x00000007a8400000|  0%| F|  |TAMS 0x00000007a8000000, 0x00000007a8000000| Untracked 
|1697|0x00000007a8400000, 0x00000007a8400000, 0x00000007a8800000|  0%| F|  |TAMS 0x00000007a8400000, 0x00000007a8400000| Untracked 
|1698|0x00000007a8800000, 0x00000007a8800000, 0x00000007a8c00000|  0%| F|  |TAMS 0x00000007a8800000, 0x00000007a8800000| Untracked 
|1699|0x00000007a8c00000, 0x00000007a8c00000, 0x00000007a9000000|  0%| F|  |TAMS 0x00000007a8c00000, 0x00000007a8c00000| Untracked 
|1700|0x00000007a9000000, 0x00000007a9000000, 0x00000007a9400000|  0%| F|  |TAMS 0x00000007a9000000, 0x00000007a9000000| Untracked 
|1701|0x00000007a9400000, 0x00000007a9400000, 0x00000007a9800000|  0%| F|  |TAMS 0x00000007a9400000, 0x00000007a9400000| Untracked 
|1702|0x00000007a9800000, 0x00000007a9800000, 0x00000007a9c00000|  0%| F|  |TAMS 0x00000007a9800000, 0x00000007a9800000| Untracked 
|1703|0x00000007a9c00000, 0x00000007a9c00000, 0x00000007aa000000|  0%| F|  |TAMS 0x00000007a9c00000, 0x00000007a9c00000| Untracked 
|1704|0x00000007aa000000, 0x00000007aa000000, 0x00000007aa400000|  0%| F|  |TAMS 0x00000007aa000000, 0x00000007aa000000| Untracked 
|1705|0x00000007aa400000, 0x00000007aa400000, 0x00000007aa800000|  0%| F|  |TAMS 0x00000007aa400000, 0x00000007aa400000| Untracked 
|1706|0x00000007aa800000, 0x00000007aa800000, 0x00000007aac00000|  0%| F|  |TAMS 0x00000007aa800000, 0x00000007aa800000| Untracked 
|1707|0x00000007aac00000, 0x00000007aac00000, 0x00000007ab000000|  0%| F|  |TAMS 0x00000007aac00000, 0x00000007aac00000| Untracked 
|1708|0x00000007ab000000, 0x00000007ab000000, 0x00000007ab400000|  0%| F|  |TAMS 0x00000007ab000000, 0x00000007ab000000| Untracked 
|1709|0x00000007ab400000, 0x00000007ab400000, 0x00000007ab800000|  0%| F|  |TAMS 0x00000007ab400000, 0x00000007ab400000| Untracked 
|1710|0x00000007ab800000, 0x00000007ab800000, 0x00000007abc00000|  0%| F|  |TAMS 0x00000007ab800000, 0x00000007ab800000| Untracked 
|1711|0x00000007abc00000, 0x00000007abc00000, 0x00000007ac000000|  0%| F|  |TAMS 0x00000007abc00000, 0x00000007abc00000| Untracked 
|1712|0x00000007ac000000, 0x00000007ac000000, 0x00000007ac400000|  0%| F|  |TAMS 0x00000007ac000000, 0x00000007ac000000| Untracked 
|1713|0x00000007ac400000, 0x00000007ac400000, 0x00000007ac800000|  0%| F|  |TAMS 0x00000007ac400000, 0x00000007ac400000| Untracked 
|1714|0x00000007ac800000, 0x00000007ac800000, 0x00000007acc00000|  0%| F|  |TAMS 0x00000007ac800000, 0x00000007ac800000| Untracked 
|1715|0x00000007acc00000, 0x00000007acc00000, 0x00000007ad000000|  0%| F|  |TAMS 0x00000007acc00000, 0x00000007acc00000| Untracked 
|1716|0x00000007ad000000, 0x00000007ad000000, 0x00000007ad400000|  0%| F|  |TAMS 0x00000007ad000000, 0x00000007ad000000| Untracked 
|1717|0x00000007ad400000, 0x00000007ad400000, 0x00000007ad800000|  0%| F|  |TAMS 0x00000007ad400000, 0x00000007ad400000| Untracked 
|1718|0x00000007ad800000, 0x00000007ad800000, 0x00000007adc00000|  0%| F|  |TAMS 0x00000007ad800000, 0x00000007ad800000| Untracked 
|1719|0x00000007adc00000, 0x00000007adc00000, 0x00000007ae000000|  0%| F|  |TAMS 0x00000007adc00000, 0x00000007adc00000| Untracked 
|1720|0x00000007ae000000, 0x00000007ae000000, 0x00000007ae400000|  0%| F|  |TAMS 0x00000007ae000000, 0x00000007ae000000| Untracked 
|1721|0x00000007ae400000, 0x00000007ae400000, 0x00000007ae800000|  0%| F|  |TAMS 0x00000007ae400000, 0x00000007ae400000| Untracked 
|1722|0x00000007ae800000, 0x00000007ae800000, 0x00000007aec00000|  0%| F|  |TAMS 0x00000007ae800000, 0x00000007ae800000| Untracked 
|1723|0x00000007aec00000, 0x00000007aec00000, 0x00000007af000000|  0%| F|  |TAMS 0x00000007aec00000, 0x00000007aec00000| Untracked 
|1724|0x00000007af000000, 0x00000007af000000, 0x00000007af400000|  0%| F|  |TAMS 0x00000007af000000, 0x00000007af000000| Untracked 
|1725|0x00000007af400000, 0x00000007af400000, 0x00000007af800000|  0%| F|  |TAMS 0x00000007af400000, 0x00000007af400000| Untracked 
|1726|0x00000007af800000, 0x00000007af800000, 0x00000007afc00000|  0%| F|  |TAMS 0x00000007af800000, 0x00000007af800000| Untracked 
|1727|0x00000007afc00000, 0x00000007afc00000, 0x00000007b0000000|  0%| F|  |TAMS 0x00000007afc00000, 0x00000007afc00000| Untracked 
|1728|0x00000007b0000000, 0x00000007b0000000, 0x00000007b0400000|  0%| F|  |TAMS 0x00000007b0000000, 0x00000007b0000000| Untracked 
|1729|0x00000007b0400000, 0x00000007b0400000, 0x00000007b0800000|  0%| F|  |TAMS 0x00000007b0400000, 0x00000007b0400000| Untracked 
|1730|0x00000007b0800000, 0x00000007b0800000, 0x00000007b0c00000|  0%| F|  |TAMS 0x00000007b0800000, 0x00000007b0800000| Untracked 
|1731|0x00000007b0c00000, 0x00000007b0c00000, 0x00000007b1000000|  0%| F|  |TAMS 0x00000007b0c00000, 0x00000007b0c00000| Untracked 
|1732|0x00000007b1000000, 0x00000007b1000000, 0x00000007b1400000|  0%| F|  |TAMS 0x00000007b1000000, 0x00000007b1000000| Untracked 
|1733|0x00000007b1400000, 0x00000007b1400000, 0x00000007b1800000|  0%| F|  |TAMS 0x00000007b1400000, 0x00000007b1400000| Untracked 
|1734|0x00000007b1800000, 0x00000007b1800000, 0x00000007b1c00000|  0%| F|  |TAMS 0x00000007b1800000, 0x00000007b1800000| Untracked 
|1735|0x00000007b1c00000, 0x00000007b1c00000, 0x00000007b2000000|  0%| F|  |TAMS 0x00000007b1c00000, 0x00000007b1c00000| Untracked 
|1736|0x00000007b2000000, 0x00000007b2000000, 0x00000007b2400000|  0%| F|  |TAMS 0x00000007b2000000, 0x00000007b2000000| Untracked 
|1737|0x00000007b2400000, 0x00000007b2400000, 0x00000007b2800000|  0%| F|  |TAMS 0x00000007b2400000, 0x00000007b2400000| Untracked 
|1738|0x00000007b2800000, 0x00000007b2800000, 0x00000007b2c00000|  0%| F|  |TAMS 0x00000007b2800000, 0x00000007b2800000| Untracked 
|1739|0x00000007b2c00000, 0x00000007b2c00000, 0x00000007b3000000|  0%| F|  |TAMS 0x00000007b2c00000, 0x00000007b2c00000| Untracked 
|1740|0x00000007b3000000, 0x00000007b3000000, 0x00000007b3400000|  0%| F|  |TAMS 0x00000007b3000000, 0x00000007b3000000| Untracked 
|1741|0x00000007b3400000, 0x00000007b3400000, 0x00000007b3800000|  0%| F|  |TAMS 0x00000007b3400000, 0x00000007b3400000| Untracked 
|1742|0x00000007b3800000, 0x00000007b3800000, 0x00000007b3c00000|  0%| F|  |TAMS 0x00000007b3800000, 0x00000007b3800000| Untracked 
|1743|0x00000007b3c00000, 0x00000007b4000000, 0x00000007b4000000|100%| S|CS|TAMS 0x00000007b3c00000, 0x00000007b3c00000| Complete 
|1744|0x00000007b4000000, 0x00000007b4400000, 0x00000007b4400000|100%| S|CS|TAMS 0x00000007b4000000, 0x00000007b4000000| Complete 
|1745|0x00000007b4400000, 0x00000007b4800000, 0x00000007b4800000|100%| S|CS|TAMS 0x00000007b4400000, 0x00000007b4400000| Complete 
|1746|0x00000007b4800000, 0x00000007b4c00000, 0x00000007b4c00000|100%| S|CS|TAMS 0x00000007b4800000, 0x00000007b4800000| Complete 
|1747|0x00000007b4c00000, 0x00000007b5000000, 0x00000007b5000000|100%| S|CS|TAMS 0x00000007b4c00000, 0x00000007b4c00000| Complete 
|1748|0x00000007b5000000, 0x00000007b5400000, 0x00000007b5400000|100%| S|CS|TAMS 0x00000007b5000000, 0x00000007b5000000| Complete 
|1749|0x00000007b5400000, 0x00000007b5800000, 0x00000007b5800000|100%| S|CS|TAMS 0x00000007b5400000, 0x00000007b5400000| Complete 
|1750|0x00000007b5800000, 0x00000007b5c00000, 0x00000007b5c00000|100%| S|CS|TAMS 0x00000007b5800000, 0x00000007b5800000| Complete 
|1751|0x00000007b5c00000, 0x00000007b6000000, 0x00000007b6000000|100%| S|CS|TAMS 0x00000007b5c00000, 0x00000007b5c00000| Complete 
|1752|0x00000007b6000000, 0x00000007b6400000, 0x00000007b6400000|100%| S|CS|TAMS 0x00000007b6000000, 0x00000007b6000000| Complete 
|1753|0x00000007b6400000, 0x00000007b6800000, 0x00000007b6800000|100%| S|CS|TAMS 0x00000007b6400000, 0x00000007b6400000| Complete 
|1754|0x00000007b6800000, 0x00000007b6c00000, 0x00000007b6c00000|100%| S|CS|TAMS 0x00000007b6800000, 0x00000007b6800000| Complete 
|1755|0x00000007b6c00000, 0x00000007b6c00000, 0x00000007b7000000|  0%| F|  |TAMS 0x00000007b6c00000, 0x00000007b6c00000| Untracked 
|1756|0x00000007b7000000, 0x00000007b7000000, 0x00000007b7400000|  0%| F|  |TAMS 0x00000007b7000000, 0x00000007b7000000| Untracked 
|1757|0x00000007b7400000, 0x00000007b7400000, 0x00000007b7800000|  0%| F|  |TAMS 0x00000007b7400000, 0x00000007b7400000| Untracked 
|1758|0x00000007b7800000, 0x00000007b7800000, 0x00000007b7c00000|  0%| F|  |TAMS 0x00000007b7800000, 0x00000007b7800000| Untracked 
|1759|0x00000007b7c00000, 0x00000007b7c00000, 0x00000007b8000000|  0%| F|  |TAMS 0x00000007b7c00000, 0x00000007b7c00000| Untracked 
|1760|0x00000007b8000000, 0x00000007b8000000, 0x00000007b8400000|  0%| F|  |TAMS 0x00000007b8000000, 0x00000007b8000000| Untracked 
|1761|0x00000007b8400000, 0x00000007b8400000, 0x00000007b8800000|  0%| F|  |TAMS 0x00000007b8400000, 0x00000007b8400000| Untracked 
|1762|0x00000007b8800000, 0x00000007b8800000, 0x00000007b8c00000|  0%| F|  |TAMS 0x00000007b8800000, 0x00000007b8800000| Untracked 
|1763|0x00000007b8c00000, 0x00000007b8c00000, 0x00000007b9000000|  0%| F|  |TAMS 0x00000007b8c00000, 0x00000007b8c00000| Untracked 
|1764|0x00000007b9000000, 0x00000007b9000000, 0x00000007b9400000|  0%| F|  |TAMS 0x00000007b9000000, 0x00000007b9000000| Untracked 
|1765|0x00000007b9400000, 0x00000007b9400000, 0x00000007b9800000|  0%| F|  |TAMS 0x00000007b9400000, 0x00000007b9400000| Untracked 
|1766|0x00000007b9800000, 0x00000007b9800000, 0x00000007b9c00000|  0%| F|  |TAMS 0x00000007b9800000, 0x00000007b9800000| Untracked 
|1767|0x00000007b9c00000, 0x00000007b9c00000, 0x00000007ba000000|  0%| F|  |TAMS 0x00000007b9c00000, 0x00000007b9c00000| Untracked 
|1768|0x00000007ba000000, 0x00000007ba000000, 0x00000007ba400000|  0%| F|  |TAMS 0x00000007ba000000, 0x00000007ba000000| Untracked 
|1769|0x00000007ba400000, 0x00000007ba400000, 0x00000007ba800000|  0%| F|  |TAMS 0x00000007ba400000, 0x00000007ba400000| Untracked 
|1770|0x00000007ba800000, 0x00000007ba800000, 0x00000007bac00000|  0%| F|  |TAMS 0x00000007ba800000, 0x00000007ba800000| Untracked 
|1771|0x00000007bac00000, 0x00000007bac00000, 0x00000007bb000000|  0%| F|  |TAMS 0x00000007bac00000, 0x00000007bac00000| Untracked 
|1772|0x00000007bb000000, 0x00000007bb000000, 0x00000007bb400000|  0%| F|  |TAMS 0x00000007bb000000, 0x00000007bb000000| Untracked 
|1773|0x00000007bb400000, 0x00000007bb400000, 0x00000007bb800000|  0%| F|  |TAMS 0x00000007bb400000, 0x00000007bb400000| Untracked 
|1774|0x00000007bb800000, 0x00000007bb800000, 0x00000007bbc00000|  0%| F|  |TAMS 0x00000007bb800000, 0x00000007bb800000| Untracked 
|1775|0x00000007bbc00000, 0x00000007bbc00000, 0x00000007bc000000|  0%| F|  |TAMS 0x00000007bbc00000, 0x00000007bbc00000| Untracked 
|1776|0x00000007bc000000, 0x00000007bc000000, 0x00000007bc400000|  0%| F|  |TAMS 0x00000007bc000000, 0x00000007bc000000| Untracked 
|1777|0x00000007bc400000, 0x00000007bc400000, 0x00000007bc800000|  0%| F|  |TAMS 0x00000007bc400000, 0x00000007bc400000| Untracked 
|1778|0x00000007bc800000, 0x00000007bc800000, 0x00000007bcc00000|  0%| F|  |TAMS 0x00000007bc800000, 0x00000007bc800000| Untracked 
|1779|0x00000007bcc00000, 0x00000007bcc00000, 0x00000007bd000000|  0%| F|  |TAMS 0x00000007bcc00000, 0x00000007bcc00000| Untracked 
|1780|0x00000007bd000000, 0x00000007bd000000, 0x00000007bd400000|  0%| F|  |TAMS 0x00000007bd000000, 0x00000007bd000000| Untracked 
|1781|0x00000007bd400000, 0x00000007bd400000, 0x00000007bd800000|  0%| F|  |TAMS 0x00000007bd400000, 0x00000007bd400000| Untracked 
|1782|0x00000007bd800000, 0x00000007bd800000, 0x00000007bdc00000|  0%| F|  |TAMS 0x00000007bd800000, 0x00000007bd800000| Untracked 
|1783|0x00000007bdc00000, 0x00000007bdc00000, 0x00000007be000000|  0%| F|  |TAMS 0x00000007bdc00000, 0x00000007bdc00000| Untracked 
|1784|0x00000007be000000, 0x00000007be000000, 0x00000007be400000|  0%| F|  |TAMS 0x00000007be000000, 0x00000007be000000| Untracked 
|1785|0x00000007be400000, 0x00000007be400000, 0x00000007be800000|  0%| F|  |TAMS 0x00000007be400000, 0x00000007be400000| Untracked 
|1786|0x00000007be800000, 0x00000007be800000, 0x00000007bec00000|  0%| F|  |TAMS 0x00000007be800000, 0x00000007be800000| Untracked 
|1787|0x00000007bec00000, 0x00000007bec00000, 0x00000007bf000000|  0%| F|  |TAMS 0x00000007bec00000, 0x00000007bec00000| Untracked 
|1788|0x00000007bf000000, 0x00000007bf000000, 0x00000007bf400000|  0%| F|  |TAMS 0x00000007bf000000, 0x00000007bf000000| Untracked 
|1789|0x00000007bf400000, 0x00000007bf400000, 0x00000007bf800000|  0%| F|  |TAMS 0x00000007bf400000, 0x00000007bf400000| Untracked 
|1790|0x00000007bf800000, 0x00000007bf800000, 0x00000007bfc00000|  0%| F|  |TAMS 0x00000007bf800000, 0x00000007bf800000| Untracked 
|1791|0x00000007bfc00000, 0x00000007bfc00000, 0x00000007c0000000|  0%| F|  |TAMS 0x00000007bfc00000, 0x00000007bfc00000| Untracked 
|1792|0x00000007c0000000, 0x00000007c0000000, 0x00000007c0400000|  0%| F|  |TAMS 0x00000007c0000000, 0x00000007c0000000| Untracked 
|1793|0x00000007c0400000, 0x00000007c0400000, 0x00000007c0800000|  0%| F|  |TAMS 0x00000007c0400000, 0x00000007c0400000| Untracked 
|1794|0x00000007c0800000, 0x00000007c0800000, 0x00000007c0c00000|  0%| F|  |TAMS 0x00000007c0800000, 0x00000007c0800000| Untracked 
|1795|0x00000007c0c00000, 0x00000007c0c00000, 0x00000007c1000000|  0%| F|  |TAMS 0x00000007c0c00000, 0x00000007c0c00000| Untracked 
|1796|0x00000007c1000000, 0x00000007c1000000, 0x00000007c1400000|  0%| F|  |TAMS 0x00000007c1000000, 0x00000007c1000000| Untracked 
|1797|0x00000007c1400000, 0x00000007c1400000, 0x00000007c1800000|  0%| F|  |TAMS 0x00000007c1400000, 0x00000007c1400000| Untracked 
|1798|0x00000007c1800000, 0x00000007c1800000, 0x00000007c1c00000|  0%| F|  |TAMS 0x00000007c1800000, 0x00000007c1800000| Untracked 
|1799|0x00000007c1c00000, 0x00000007c1c00000, 0x00000007c2000000|  0%| F|  |TAMS 0x00000007c1c00000, 0x00000007c1c00000| Untracked 
|1800|0x00000007c2000000, 0x00000007c2000000, 0x00000007c2400000|  0%| F|  |TAMS 0x00000007c2000000, 0x00000007c2000000| Untracked 
|1801|0x00000007c2400000, 0x00000007c2400000, 0x00000007c2800000|  0%| F|  |TAMS 0x00000007c2400000, 0x00000007c2400000| Untracked 
|1802|0x00000007c2800000, 0x00000007c2800000, 0x00000007c2c00000|  0%| F|  |TAMS 0x00000007c2800000, 0x00000007c2800000| Untracked 
|1803|0x00000007c2c00000, 0x00000007c2c00000, 0x00000007c3000000|  0%| F|  |TAMS 0x00000007c2c00000, 0x00000007c2c00000| Untracked 
|1804|0x00000007c3000000, 0x00000007c3000000, 0x00000007c3400000|  0%| F|  |TAMS 0x00000007c3000000, 0x00000007c3000000| Untracked 
|1805|0x00000007c3400000, 0x00000007c3400000, 0x00000007c3800000|  0%| F|  |TAMS 0x00000007c3400000, 0x00000007c3400000| Untracked 
|1806|0x00000007c3800000, 0x00000007c3800000, 0x00000007c3c00000|  0%| F|  |TAMS 0x00000007c3800000, 0x00000007c3800000| Untracked 
|1807|0x00000007c3c00000, 0x00000007c3c00000, 0x00000007c4000000|  0%| F|  |TAMS 0x00000007c3c00000, 0x00000007c3c00000| Untracked 
|1808|0x00000007c4000000, 0x00000007c4000000, 0x00000007c4400000|  0%| F|  |TAMS 0x00000007c4000000, 0x00000007c4000000| Untracked 
|1809|0x00000007c4400000, 0x00000007c4400000, 0x00000007c4800000|  0%| F|  |TAMS 0x00000007c4400000, 0x00000007c4400000| Untracked 
|1810|0x00000007c4800000, 0x00000007c4800000, 0x00000007c4c00000|  0%| F|  |TAMS 0x00000007c4800000, 0x00000007c4800000| Untracked 
|1811|0x00000007c4c00000, 0x00000007c4c00000, 0x00000007c5000000|  0%| F|  |TAMS 0x00000007c4c00000, 0x00000007c4c00000| Untracked 
|1812|0x00000007c5000000, 0x00000007c5000000, 0x00000007c5400000|  0%| F|  |TAMS 0x00000007c5000000, 0x00000007c5000000| Untracked 
|1813|0x00000007c5400000, 0x00000007c5400000, 0x00000007c5800000|  0%| F|  |TAMS 0x00000007c5400000, 0x00000007c5400000| Untracked 
|1814|0x00000007c5800000, 0x00000007c5800000, 0x00000007c5c00000|  0%| F|  |TAMS 0x00000007c5800000, 0x00000007c5800000| Untracked 
|1815|0x00000007c5c00000, 0x00000007c5c00000, 0x00000007c6000000|  0%| F|  |TAMS 0x00000007c5c00000, 0x00000007c5c00000| Untracked 
|1816|0x00000007c6000000, 0x00000007c6000000, 0x00000007c6400000|  0%| F|  |TAMS 0x00000007c6000000, 0x00000007c6000000| Untracked 
|1817|0x00000007c6400000, 0x00000007c6400000, 0x00000007c6800000|  0%| F|  |TAMS 0x00000007c6400000, 0x00000007c6400000| Untracked 
|1818|0x00000007c6800000, 0x00000007c6800000, 0x00000007c6c00000|  0%| F|  |TAMS 0x00000007c6800000, 0x00000007c6800000| Untracked 
|1819|0x00000007c6c00000, 0x00000007c6c00000, 0x00000007c7000000|  0%| F|  |TAMS 0x00000007c6c00000, 0x00000007c6c00000| Untracked 
|1820|0x00000007c7000000, 0x00000007c7000000, 0x00000007c7400000|  0%| F|  |TAMS 0x00000007c7000000, 0x00000007c7000000| Untracked 
|1821|0x00000007c7400000, 0x00000007c7400000, 0x00000007c7800000|  0%| F|  |TAMS 0x00000007c7400000, 0x00000007c7400000| Untracked 
|1822|0x00000007c7800000, 0x00000007c7800000, 0x00000007c7c00000|  0%| F|  |TAMS 0x00000007c7800000, 0x00000007c7800000| Untracked 
|1823|0x00000007c7c00000, 0x00000007c7c00000, 0x00000007c8000000|  0%| F|  |TAMS 0x00000007c7c00000, 0x00000007c7c00000| Untracked 
|1824|0x00000007c8000000, 0x00000007c8000000, 0x00000007c8400000|  0%| F|  |TAMS 0x00000007c8000000, 0x00000007c8000000| Untracked 
|1825|0x00000007c8400000, 0x00000007c8400000, 0x00000007c8800000|  0%| F|  |TAMS 0x00000007c8400000, 0x00000007c8400000| Untracked 
|1826|0x00000007c8800000, 0x00000007c8800000, 0x00000007c8c00000|  0%| F|  |TAMS 0x00000007c8800000, 0x00000007c8800000| Untracked 
|1827|0x00000007c8c00000, 0x00000007c8c00000, 0x00000007c9000000|  0%| F|  |TAMS 0x00000007c8c00000, 0x00000007c8c00000| Untracked 
|1828|0x00000007c9000000, 0x00000007c9000000, 0x00000007c9400000|  0%| F|  |TAMS 0x00000007c9000000, 0x00000007c9000000| Untracked 
|1829|0x00000007c9400000, 0x00000007c9400000, 0x00000007c9800000|  0%| F|  |TAMS 0x00000007c9400000, 0x00000007c9400000| Untracked 
|1830|0x00000007c9800000, 0x00000007c9800000, 0x00000007c9c00000|  0%| F|  |TAMS 0x00000007c9800000, 0x00000007c9800000| Untracked 
|1831|0x00000007c9c00000, 0x00000007c9e941f0, 0x00000007ca000000| 64%| E|  |TAMS 0x00000007c9c00000, 0x00000007c9c00000| Complete 
|1832|0x00000007ca000000, 0x00000007ca400000, 0x00000007ca400000|100%| E|CS|TAMS 0x00000007ca000000, 0x00000007ca000000| Complete 
|1833|0x00000007ca400000, 0x00000007ca800000, 0x00000007ca800000|100%| E|CS|TAMS 0x00000007ca400000, 0x00000007ca400000| Complete 
|1834|0x00000007ca800000, 0x00000007cac00000, 0x00000007cac00000|100%| E|CS|TAMS 0x00000007ca800000, 0x00000007ca800000| Complete 
|1835|0x00000007cac00000, 0x00000007cb000000, 0x00000007cb000000|100%| E|CS|TAMS 0x00000007cac00000, 0x00000007cac00000| Complete 
|1836|0x00000007cb000000, 0x00000007cb400000, 0x00000007cb400000|100%| E|CS|TAMS 0x00000007cb000000, 0x00000007cb000000| Complete 
|1837|0x00000007cb400000, 0x00000007cb800000, 0x00000007cb800000|100%| E|CS|TAMS 0x00000007cb400000, 0x00000007cb400000| Complete 
|1838|0x00000007cb800000, 0x00000007cbc00000, 0x00000007cbc00000|100%| E|CS|TAMS 0x00000007cb800000, 0x00000007cb800000| Complete 
|1839|0x00000007cbc00000, 0x00000007cc000000, 0x00000007cc000000|100%| E|CS|TAMS 0x00000007cbc00000, 0x00000007cbc00000| Complete 
|1840|0x00000007cc000000, 0x00000007cc400000, 0x00000007cc400000|100%| E|CS|TAMS 0x00000007cc000000, 0x00000007cc000000| Complete 
|1841|0x00000007cc400000, 0x00000007cc800000, 0x00000007cc800000|100%| E|CS|TAMS 0x00000007cc400000, 0x00000007cc400000| Complete 
|1842|0x00000007cc800000, 0x00000007ccc00000, 0x00000007ccc00000|100%| E|CS|TAMS 0x00000007cc800000, 0x00000007cc800000| Complete 
|1843|0x00000007ccc00000, 0x00000007cd000000, 0x00000007cd000000|100%| E|CS|TAMS 0x00000007ccc00000, 0x00000007ccc00000| Complete 
|1844|0x00000007cd000000, 0x00000007cd400000, 0x00000007cd400000|100%| E|CS|TAMS 0x00000007cd000000, 0x00000007cd000000| Complete 
|1845|0x00000007cd400000, 0x00000007cd800000, 0x00000007cd800000|100%| E|CS|TAMS 0x00000007cd400000, 0x00000007cd400000| Complete 
|1846|0x00000007cd800000, 0x00000007cdc00000, 0x00000007cdc00000|100%| E|CS|TAMS 0x00000007cd800000, 0x00000007cd800000| Complete 

Card table byte_map: [0x00000237c8bd0000,0x00000237c9bd0000] _byte_map_base: 0x00000237c5bd0000

Marking Bits (Prev, Next): (CMBitMap*) 0x00000237dac60230, (CMBitMap*) 0x00000237dac601f0
 Prev Bits: [0x00000237d2bd0000, 0x00000237dabd0000)
 Next Bits: [0x00000237cabd0000, 0x00000237d2bd0000)

Polling page: 0x000002379da60000

Metaspace:

Usage:
  Non-class:    185.88 MB used.
      Class:     27.55 MB used.
       Both:    213.43 MB used.

Virtual space:
  Non-class space:      192.00 MB reserved,     187.56 MB ( 98%) committed,  3 nodes.
      Class space:        1.00 GB reserved,      28.94 MB (  3%) committed,  1 nodes.
             Both:        1.19 GB reserved,     216.50 MB ( 18%) committed. 

Chunk freelists:
   Non-Class:  4.08 MB
       Class:  3.04 MB
        Both:  7.12 MB

MaxMetaspaceSize: 4.00 GB
CompressedClassSpaceSize: 1.00 GB
Initial GC threshold: 21.00 MB
Current GC threshold: 312.50 MB
CDS: on
MetaspaceReclaimPolicy: balanced
 - commit_granule_bytes: 65536.
 - commit_granule_words: 8192.
 - virtual_space_node_default_size: 8388608.
 - enlarge_chunks_in_place: 1.
 - new_chunks_are_fully_committed: 0.
 - uncommit_free_chunks: 1.
 - use_allocation_guard: 0.
 - handle_deallocations: 1.


Internal statistics:

num_allocs_failed_limit: 15.
num_arena_births: 4926.
num_arena_deaths: 220.
num_vsnodes_births: 4.
num_vsnodes_deaths: 0.
num_space_committed: 3472.
num_space_uncommitted: 10.
num_chunks_returned_to_freelist: 343.
num_chunks_taken_from_freelist: 15522.
num_chunk_merges: 121.
num_chunk_splits: 9478.
num_chunks_enlarged: 5408.
num_inconsistent_stats: 0.

CodeHeap 'non-profiled nmethods': size=259264Kb used=59849Kb max_used=59849Kb free=199414Kb
 bounds [0x00000237b6ff0000, 0x00000237baa70000, 0x00000237c6d20000]
CodeHeap 'profiled nmethods': size=259264Kb used=91946Kb max_used=91946Kb free=167317Kb
 bounds [0x00000237a6d20000, 0x00000237ac700000, 0x00000237b6a50000]
CodeHeap 'non-nmethods': size=5760Kb used=2626Kb max_used=2719Kb free=3133Kb
 bounds [0x00000237b6a50000, 0x00000237b6d10000, 0x00000237b6ff0000]
 total_blobs=47338 nmethods=46155 adapters=1091
 compilation: enabled
              stopped_count=0, restarted_count=0
 full_count=0

Compilation events (20 events):
Event: 10699.186 Thread 0x00000237dd940720 68212       1       com.android.builder.merge.IncrementalFileMergerState::getInputNames (5 bytes)
Event: 10699.187 Thread 0x00000237dd92f6d0 nmethod 68203 0x00000237baa5d610 code [0x00000237baa5d7a0, 0x00000237baa5d898]
Event: 10699.187 Thread 0x00000237dd92f6d0 68211       4       sun.nio.fs.WindowsPath::getParent (74 bytes)
Event: 10699.187 Thread 0x00000237dd940720 nmethod 68212 0x00000237baa5d990 code [0x00000237baa5db20, 0x00000237baa5dbf8]
Event: 10699.241 Thread 0x00000237dd940720 68214       3       java.io.WinNTFileSystem::resolve (275 bytes)
Event: 10699.246 Thread 0x00000237dd92f6d0 nmethod 68211 0x00000237baa5dc90 code [0x00000237baa5de60, 0x00000237baa5ea88]
Event: 10699.246 Thread 0x00000237dd92f6d0 68213       4       sun.nio.fs.WindowsPath::getParent (5 bytes)
Event: 10699.247 Thread 0x00000237dd940720 nmethod 68214 0x00000237ac6e5110 code [0x00000237ac6e5660, 0x00000237ac6e8518]
Event: 10699.247 Thread 0x00000237dd92f6d0 nmethod 68213 0x00000237baa5ef90 code [0x00000237baa5f120, 0x00000237baa5f1c8]
Event: 10699.247 Thread 0x00000237dd92f6d0 68110       4       com.android.tools.build.apkzlib.zip.StoredEntry::readDataDescriptorRecord (250 bytes)
Event: 10699.343 Thread 0x00000237dd92f6d0 nmethod 68110 0x00000237baa5f290 code [0x00000237baa5f540, 0x00000237baa60680]
Event: 10699.343 Thread 0x00000237dd92f6d0 68128       4       kotlin.io.FilesKt__FilePathComponentsKt::getRootLength$FilesKt__FilePathComponentsKt (137 bytes)
Event: 10699.364 Thread 0x00000237dd92f6d0 nmethod 68128 0x00000237baa61690 code [0x00000237baa61840, 0x00000237baa61b88]
Event: 10699.364 Thread 0x00000237dd92f6d0 68117       4       com.google.gson.stream.JsonReader::peek (144 bytes)
Event: 10699.373 Thread 0x00000237dd92f6d0 nmethod 68117 0x00000237baa61f10 code [0x00000237baa620a0, 0x00000237baa621c8]
Event: 10699.373 Thread 0x00000237dd92f6d0 68149       4       jdk.internal.event.Event::<init> (5 bytes)
Event: 10699.375 Thread 0x00000237dd92f6d0 nmethod 68149 0x00000237baa62290 code [0x00000237baa62400, 0x00000237baa62478]
Event: 10700.025 Thread 0x00000237dd92f6d0 68215       4       com.android.tools.r8.internal.Yt0::a (736 bytes)
Event: 10700.060 Thread 0x00000237dd940720 68217   !   3       java.lang.reflect.Executable::declaredAnnotations (85 bytes)
Event: 10700.075 Thread 0x00000237dd940720 nmethod 68217 0x00000237ac6e9790 code [0x00000237ac6e99c0, 0x00000237ac6ea2a8]

GC Heap History (20 events):
Event: 10606.819 GC heap before
{Heap before GC invocations=185 (full 1):
 garbage-first heap   total 7565312K, used 2403478K [0x0000000600000000, 0x0000000800000000)
  region size 4096K, 105 young (430080K), 5 survivors (20480K)
 Metaspace       used 213582K, committed 216640K, reserved 1245184K
  class space    used 27664K, committed 29056K, reserved 1048576K
}
Event: 10607.200 GC heap after
{Heap after GC invocations=186 (full 1):
 garbage-first heap   total 7565312K, used 2031394K [0x0000000600000000, 0x0000000800000000)
  region size 4096K, 13 young (53248K), 13 survivors (53248K)
 Metaspace       used 213582K, committed 216640K, reserved 1245184K
  class space    used 27664K, committed 29056K, reserved 1048576K
}
Event: 10607.984 GC heap before
{Heap before GC invocations=186 (full 1):
 garbage-first heap   total 7565312K, used 2354978K [0x0000000600000000, 0x0000000800000000)
  region size 4096K, 92 young (376832K), 13 survivors (53248K)
 Metaspace       used 213587K, committed 216640K, reserved 1245184K
  class space    used 27664K, committed 29056K, reserved 1048576K
}
Event: 10608.215 GC heap after
{Heap after GC invocations=187 (full 1):
 garbage-first heap   total 7565312K, used 2027137K [0x0000000600000000, 0x0000000800000000)
  region size 4096K, 3 young (12288K), 3 survivors (12288K)
 Metaspace       used 213587K, committed 216640K, reserved 1245184K
  class space    used 27664K, committed 29056K, reserved 1048576K
}
Event: 10609.343 GC heap before
{Heap before GC invocations=187 (full 1):
 garbage-first heap   total 7565312K, used 2387585K [0x0000000600000000, 0x0000000800000000)
  region size 4096K, 92 young (376832K), 3 survivors (12288K)
 Metaspace       used 213735K, committed 216768K, reserved 1245184K
  class space    used 27669K, committed 29056K, reserved 1048576K
}
Event: 10609.360 GC heap after
{Heap after GC invocations=188 (full 1):
 garbage-first heap   total 7565312K, used 2029720K [0x0000000600000000, 0x0000000800000000)
  region size 4096K, 4 young (16384K), 4 survivors (16384K)
 Metaspace       used 213735K, committed 216768K, reserved 1245184K
  class space    used 27669K, committed 29056K, reserved 1048576K
}
Event: 10610.175 GC heap before
{Heap before GC invocations=188 (full 1):
 garbage-first heap   total 7565312K, used 2386072K [0x0000000600000000, 0x0000000800000000)
  region size 4096K, 92 young (376832K), 4 survivors (16384K)
 Metaspace       used 213905K, committed 216896K, reserved 1245184K
  class space    used 27686K, committed 29056K, reserved 1048576K
}
Event: 10610.196 GC heap after
{Heap after GC invocations=189 (full 1):
 garbage-first heap   total 7565312K, used 2044059K [0x0000000600000000, 0x0000000800000000)
  region size 4096K, 8 young (32768K), 8 survivors (32768K)
 Metaspace       used 213905K, committed 216896K, reserved 1245184K
  class space    used 27686K, committed 29056K, reserved 1048576K
}
Event: 10611.093 GC heap before
{Heap before GC invocations=189 (full 1):
 garbage-first heap   total 7565312K, used 2441371K [0x0000000600000000, 0x0000000800000000)
  region size 4096K, 106 young (434176K), 8 survivors (32768K)
 Metaspace       used 214502K, committed 217536K, reserved 1245184K
  class space    used 27746K, committed 29120K, reserved 1048576K
}
Event: 10611.128 GC heap after
{Heap after GC invocations=190 (full 1):
 garbage-first heap   total 7565312K, used 2046502K [0x0000000600000000, 0x0000000800000000)
  region size 4096K, 8 young (32768K), 8 survivors (32768K)
 Metaspace       used 214502K, committed 217536K, reserved 1245184K
  class space    used 27746K, committed 29120K, reserved 1048576K
}
Event: 10614.595 GC heap before
{Heap before GC invocations=190 (full 1):
 garbage-first heap   total 7565312K, used 2615846K [0x0000000600000000, 0x0000000800000000)
  region size 4096K, 148 young (606208K), 8 survivors (32768K)
 Metaspace       used 215586K, committed 218624K, reserved 1245184K
  class space    used 27854K, committed 29248K, reserved 1048576K
}
Event: 10614.720 GC heap after
{Heap after GC invocations=191 (full 1):
 garbage-first heap   total 7565312K, used 2051470K [0x0000000600000000, 0x0000000800000000)
  region size 4096K, 9 young (36864K), 9 survivors (36864K)
 Metaspace       used 215586K, committed 218624K, reserved 1245184K
  class space    used 27854K, committed 29248K, reserved 1048576K
}
Event: 10616.068 GC heap before
{Heap before GC invocations=191 (full 1):
 garbage-first heap   total 7565312K, used 2567566K [0x0000000600000000, 0x0000000800000000)
  region size 4096K, 136 young (557056K), 9 survivors (36864K)
 Metaspace       used 215593K, committed 218624K, reserved 1245184K
  class space    used 27854K, committed 29248K, reserved 1048576K
}
Event: 10616.102 GC heap after
{Heap after GC invocations=192 (full 1):
 garbage-first heap   total 7565312K, used 2043066K [0x0000000600000000, 0x0000000800000000)
  region size 4096K, 7 young (28672K), 7 survivors (28672K)
 Metaspace       used 215593K, committed 218624K, reserved 1245184K
  class space    used 27854K, committed 29248K, reserved 1048576K
}
Event: 10680.017 GC heap before
{Heap before GC invocations=192 (full 1):
 garbage-first heap   total 7565312K, used 3075258K [0x0000000600000000, 0x0000000800000000)
  region size 4096K, 226 young (925696K), 7 survivors (28672K)
 Metaspace       used 217671K, committed 220800K, reserved 1245184K
  class space    used 28090K, committed 29504K, reserved 1048576K
}
Event: 10680.558 GC heap after
{Heap after GC invocations=193 (full 1):
 garbage-first heap   total 7565312K, used 2186156K [0x0000000600000000, 0x0000000800000000)
  region size 4096K, 23 young (94208K), 23 survivors (94208K)
 Metaspace       used 217671K, committed 220800K, reserved 1245184K
  class space    used 28090K, committed 29504K, reserved 1048576K
}
Event: 10684.882 GC heap before
{Heap before GC invocations=193 (full 1):
 garbage-first heap   total 7565312K, used 2464684K [0x0000000600000000, 0x0000000800000000)
  region size 4096K, 92 young (376832K), 23 survivors (94208K)
 Metaspace       used 217792K, committed 220928K, reserved 1245184K
  class space    used 28100K, committed 29504K, reserved 1048576K
}
Event: 10687.460 GC heap after
{Heap after GC invocations=194 (full 1):
 garbage-first heap   total 7565312K, used 2308556K [0x0000000600000000, 0x0000000800000000)
  region size 4096K, 12 young (49152K), 12 survivors (49152K)
 Metaspace       used 217792K, committed 220928K, reserved 1245184K
  class space    used 28100K, committed 29504K, reserved 1048576K
}
Event: 10700.377 GC heap before
{Heap before GC invocations=194 (full 1):
 garbage-first heap   total 7565312K, used 2632140K [0x0000000600000000, 0x0000000800000000)
  region size 4096K, 92 young (376832K), 12 survivors (49152K)
 Metaspace       used 218414K, committed 221568K, reserved 1245184K
  class space    used 28188K, committed 29632K, reserved 1048576K
}
Event: 10700.794 GC heap after
{Heap after GC invocations=195 (full 1):
 garbage-first heap   total 7565312K, used 2398703K [0x0000000600000000, 0x0000000800000000)
  region size 4096K, 12 young (49152K), 12 survivors (49152K)
 Metaspace       used 218414K, committed 221568K, reserved 1245184K
  class space    used 28188K, committed 29632K, reserved 1048576K
}

Dll operation events (16 events):
Event: 0.012 Loaded shared library C:\Program Files\Eclipse Adoptium\jdk-17.0.17.10-hotspot\bin\java.dll
Event: 0.030 Loaded shared library C:\Program Files\Eclipse Adoptium\jdk-17.0.17.10-hotspot\bin\jsvml.dll
Event: 0.069 Loaded shared library C:\Program Files\Eclipse Adoptium\jdk-17.0.17.10-hotspot\bin\zip.dll
Event: 0.072 Loaded shared library C:\Program Files\Eclipse Adoptium\jdk-17.0.17.10-hotspot\bin\instrument.dll
Event: 0.075 Loaded shared library C:\Program Files\Eclipse Adoptium\jdk-17.0.17.10-hotspot\bin\net.dll
Event: 0.077 Loaded shared library C:\Program Files\Eclipse Adoptium\jdk-17.0.17.10-hotspot\bin\nio.dll
Event: 0.080 Loaded shared library C:\Program Files\Eclipse Adoptium\jdk-17.0.17.10-hotspot\bin\zip.dll
Event: 0.290 Loaded shared library C:\Program Files\Eclipse Adoptium\jdk-17.0.17.10-hotspot\bin\jimage.dll
Event: 0.394 Loaded shared library C:\Program Files\Eclipse Adoptium\jdk-17.0.17.10-hotspot\bin\verify.dll
Event: 0.483 Loaded shared library C:\Users\USER\.gradle\native\1def1411415f61bf3af743bc5b6707747c0891f09f0c88961ee8f79bc544acac\windows-amd64\native-platform.dll
Event: 0.502 Loaded shared library C:\Users\USER\.gradle\native\0.2.7\x86_64-windows-gnu\gradle-fileevents.dll
Event: 1.732 Loaded shared library C:\Program Files\Eclipse Adoptium\jdk-17.0.17.10-hotspot\bin\management.dll
Event: 1.736 Loaded shared library C:\Program Files\Eclipse Adoptium\jdk-17.0.17.10-hotspot\bin\management_ext.dll
Event: 1.967 Loaded shared library C:\Program Files\Eclipse Adoptium\jdk-17.0.17.10-hotspot\bin\extnet.dll
Event: 2.248 Loaded shared library C:\Program Files\Eclipse Adoptium\jdk-17.0.17.10-hotspot\bin\sunmscapi.dll
Event: 10195.527 Loaded shared library C:\Program Files\Eclipse Adoptium\jdk-17.0.17.10-hotspot\bin\rmi.dll

Deoptimization events (20 events):
Event: 10700.889 Thread 0x0000023836523840 Uncommon trap: trap_request=0xffffff45 fr.pc=0x00000237b82e6398 relative=0x0000000000001fb8
Event: 10700.889 Thread 0x0000023836523840 Uncommon trap: reason=unstable_if action=reinterpret pc=0x00000237b82e6398 method=org.gradle.internal.operations.BuildOperationProgressEventListenerAdapter.stop(Lorg/gradle/internal/operations/BuildOperationDescriptor;Lorg/gradle/internal/operations/Build
Event: 10700.889 Thread 0x0000023836523840 DEOPT PACKING pc=0x00000237b82e6398 sp=0x0000007b8d1fe4a0
Event: 10700.889 Thread 0x0000023836523840 DEOPT UNPACKING pc=0x00000237b6aa69a3 sp=0x0000007b8d1fe260 mode 2
Event: 10700.899 Thread 0x000002382959e4a0 Uncommon trap: trap_request=0xffffff45 fr.pc=0x00000237b82e6398 relative=0x0000000000001fb8
Event: 10700.899 Thread 0x000002382959e4a0 Uncommon trap: reason=unstable_if action=reinterpret pc=0x00000237b82e6398 method=org.gradle.internal.operations.BuildOperationProgressEventListenerAdapter.stop(Lorg/gradle/internal/operations/BuildOperationDescriptor;Lorg/gradle/internal/operations/Build
Event: 10700.899 Thread 0x000002382959e4a0 DEOPT PACKING pc=0x00000237b82e6398 sp=0x0000007b8b0fe760
Event: 10700.900 Thread 0x000002382959e4a0 DEOPT UNPACKING pc=0x00000237b6aa69a3 sp=0x0000007b8b0fe520 mode 2
Event: 10700.944 Thread 0x0000023829597a50 Uncommon trap: trap_request=0xffffff45 fr.pc=0x00000237b82e6398 relative=0x0000000000001fb8
Event: 10700.944 Thread 0x0000023829597a50 Uncommon trap: reason=unstable_if action=reinterpret pc=0x00000237b82e6398 method=org.gradle.internal.operations.BuildOperationProgressEventListenerAdapter.stop(Lorg/gradle/internal/operations/BuildOperationDescriptor;Lorg/gradle/internal/operations/Build
Event: 10700.944 Thread 0x0000023829597a50 DEOPT PACKING pc=0x00000237b82e6398 sp=0x0000007b8b1fe7e0
Event: 10700.944 Thread 0x0000023829597a50 DEOPT UNPACKING pc=0x00000237b6aa69a3 sp=0x0000007b8b1fe5a0 mode 2
Event: 10700.947 Thread 0x00000238333d8650 Uncommon trap: trap_request=0xffffff45 fr.pc=0x00000237b82e6398 relative=0x0000000000001fb8
Event: 10700.947 Thread 0x00000238333d8650 Uncommon trap: reason=unstable_if action=reinterpret pc=0x00000237b82e6398 method=org.gradle.internal.operations.BuildOperationProgressEventListenerAdapter.stop(Lorg/gradle/internal/operations/BuildOperationDescriptor;Lorg/gradle/internal/operations/Build
Event: 10700.947 Thread 0x00000238333d8650 DEOPT PACKING pc=0x00000237b82e6398 sp=0x0000007b836fbf60
Event: 10700.948 Thread 0x00000238333d8650 DEOPT UNPACKING pc=0x00000237b6aa69a3 sp=0x0000007b836fbd20 mode 2
Event: 10700.971 Thread 0x000002382959cb50 Uncommon trap: trap_request=0xffffffc6 fr.pc=0x00000237b807196c relative=0x0000000000000b2c
Event: 10700.971 Thread 0x000002382959cb50 Uncommon trap: reason=bimorphic_or_optimized_type_check action=maybe_recompile pc=0x00000237b807196c method=java.util.zip.DeflaterOutputStream.deflate()V @ 32 c2
Event: 10700.971 Thread 0x000002382959cb50 DEOPT PACKING pc=0x00000237b807196c sp=0x0000007b8b8fd6b0
Event: 10700.971 Thread 0x000002382959cb50 DEOPT UNPACKING pc=0x00000237b6aa69a3 sp=0x0000007b8b8fd680 mode 2

Classes loaded (20 events):
Event: 10364.566 Loading class java/lang/Throwable$WrappedPrintWriter
Event: 10364.616 Loading class java/lang/Throwable$PrintStreamOrWriter
Event: 10364.628 Loading class java/lang/Throwable$PrintStreamOrWriter done
Event: 10364.630 Loading class java/lang/Throwable$WrappedPrintWriter done
Event: 10414.370 Loading class java/rmi/server/Unreferenced
Event: 10414.496 Loading class java/rmi/server/Unreferenced done
Event: 10572.058 Loading class java/nio/HeapShortBuffer
Event: 10572.088 Loading class java/nio/HeapShortBuffer done
Event: 10643.195 Loading class java/util/Collections$UnmodifiableSortedMap
Event: 10643.202 Loading class java/util/Collections$UnmodifiableSortedMap done
Event: 10678.522 Loading class sun/nio/cs/US_ASCII$Decoder
Event: 10678.533 Loading class sun/nio/cs/US_ASCII$Decoder done
Event: 10699.148 Loading class java/util/zip/DataFormatException
Event: 10699.159 Loading class java/util/zip/DataFormatException done
Event: 10700.025 Loading class sun/nio/cs/US_ASCII$Encoder
Event: 10700.053 Loading class sun/nio/cs/US_ASCII$Encoder done
Event: 10700.057 Loading class sun/nio/cs/Surrogate$Parser
Event: 10700.076 Loading class sun/nio/cs/Surrogate$Parser done
Event: 10700.076 Loading class sun/nio/cs/Surrogate
Event: 10700.161 Loading class sun/nio/cs/Surrogate done

Classes unloaded (20 events):
Event: 10197.901 Thread 0x00000237dd90bc00 Unloading class 0x00000237df5fc000 'java/lang/invoke/LambdaForm$MH+0x00000237df5fc000'
Event: 10197.901 Thread 0x00000237dd90bc00 Unloading class 0x00000237df5f0400 'java/lang/invoke/LambdaForm$MH+0x00000237df5f0400'
Event: 10197.902 Thread 0x00000237dd90bc00 Unloading class 0x00000237df3b4c00 'java/lang/invoke/LambdaForm$MH+0x00000237df3b4c00'
Event: 10197.903 Thread 0x00000237dd90bc00 Unloading class 0x00000237df1e3c00 'java/lang/invoke/LambdaForm$MH+0x00000237df1e3c00'
Event: 10197.903 Thread 0x00000237dd90bc00 Unloading class 0x00000237df1e3800 'java/lang/invoke/LambdaForm$MH+0x00000237df1e3800'
Event: 10197.903 Thread 0x00000237dd90bc00 Unloading class 0x00000237df1e3400 'java/lang/invoke/LambdaForm$MH+0x00000237df1e3400'
Event: 10197.903 Thread 0x00000237dd90bc00 Unloading class 0x00000237df1e3000 'java/lang/invoke/LambdaForm$MH+0x00000237df1e3000'
Event: 10197.903 Thread 0x00000237dd90bc00 Unloading class 0x00000237df1e2c00 'java/lang/invoke/LambdaForm$MH+0x00000237df1e2c00'
Event: 10197.903 Thread 0x00000237dd90bc00 Unloading class 0x00000237df1e2800 'java/lang/invoke/LambdaForm$MH+0x00000237df1e2800'
Event: 10197.903 Thread 0x00000237dd90bc00 Unloading class 0x00000237df1e2400 'java/lang/invoke/LambdaForm$MH+0x00000237df1e2400'
Event: 10197.903 Thread 0x00000237dd90bc00 Unloading class 0x00000237df1e2000 'java/lang/invoke/LambdaForm$MH+0x00000237df1e2000'
Event: 10197.906 Thread 0x00000237dd90bc00 Unloading class 0x00000237df1e1c00 'java/lang/invoke/LambdaForm$MH+0x00000237df1e1c00'
Event: 10197.906 Thread 0x00000237dd90bc00 Unloading class 0x00000237df1e1800 'java/lang/invoke/LambdaForm$MH+0x00000237df1e1800'
Event: 10197.906 Thread 0x00000237dd90bc00 Unloading class 0x00000237df1e0800 'java/lang/invoke/LambdaForm$MH+0x00000237df1e0800'
Event: 10197.907 Thread 0x00000237dd90bc00 Unloading class 0x00000237df1e0400 'java/lang/invoke/LambdaForm$BMH+0x00000237df1e0400'
Event: 10197.907 Thread 0x00000237dd90bc00 Unloading class 0x00000237df10c800 'java/lang/invoke/LambdaForm$DMH+0x00000237df10c800'
Event: 10197.907 Thread 0x00000237dd90bc00 Unloading class 0x00000237df10c000 'java/lang/invoke/LambdaForm$DMH+0x00000237df10c000'
Event: 10197.907 Thread 0x00000237dd90bc00 Unloading class 0x00000237df036800 'java/lang/invoke/LambdaForm$MH+0x00000237df036800'
Event: 10197.907 Thread 0x00000237dd90bc00 Unloading class 0x00000237df036400 'java/lang/invoke/LambdaForm$MH+0x00000237df036400'
Event: 10197.908 Thread 0x00000237dd90bc00 Unloading class 0x00000237df034000 'java/lang/invoke/LambdaForm$MH+0x00000237df034000'

Classes redefined (0 events):
No events

Internal exceptions (20 events):
Event: 10683.489 Thread 0x00000238333d8650 Exception <a 'sun/nio/fs/WindowsException'{0x00000007c4dcfb18}> (0x00000007c4dcfb18) 
thrown [s\src\hotspot\share\prims\jni.cpp, line 516]
Event: 10692.961 Thread 0x00000238333d3040 Exception <a 'sun/nio/fs/WindowsException'{0x00000007c7147098}> (0x00000007c7147098) 
thrown [s\src\hotspot\share\prims\jni.cpp, line 516]
Event: 10692.995 Thread 0x00000238333d3040 Exception <a 'sun/nio/fs/WindowsException'{0x00000007c71481e8}> (0x00000007c71481e8) 
thrown [s\src\hotspot\share\prims\jni.cpp, line 516]
Event: 10692.996 Thread 0x00000238333d3040 Exception <a 'sun/nio/fs/WindowsException'{0x00000007c7148358}> (0x00000007c7148358) 
thrown [s\src\hotspot\share\prims\jni.cpp, line 516]
Event: 10693.030 Thread 0x00000238333d3040 Exception <a 'sun/nio/fs/WindowsException'{0x00000007c7149808}> (0x00000007c7149808) 
thrown [s\src\hotspot\share\prims\jni.cpp, line 516]
Event: 10693.039 Thread 0x00000238333d3040 Exception <a 'sun/nio/fs/WindowsException'{0x00000007c71499a8}> (0x00000007c71499a8) 
thrown [s\src\hotspot\share\prims\jni.cpp, line 516]
Event: 10699.143 Thread 0x00000237dda87af0 Exception <a 'java/io/IOException'{0x00000007b83dc5d0}> (0x00000007b83dc5d0) 
thrown [s\src\hotspot\share\prims\jni.cpp, line 516]
Event: 10699.200 Thread 0x00000237dda87af0 Exception <a 'java/lang/NoClassDefFoundError'{0x00000007b7eacc18}: com/android/build/gradle/internal/process/GradleProcessResult> (0x00000007b7eacc18) 
thrown [s\src\hotspot\share\classfile\systemDictionary.cpp, line 245]
Event: 10699.598 Thread 0x0000023829598980 Exception <a 'sun/nio/fs/WindowsException'{0x00000007b76541f0}> (0x00000007b76541f0) 
thrown [s\src\hotspot\share\prims\jni.cpp, line 516]
Event: 10699.675 Thread 0x0000023829598980 Exception <a 'sun/nio/fs/WindowsException'{0x00000007b7654488}> (0x00000007b7654488) 
thrown [s\src\hotspot\share\prims\jni.cpp, line 516]
Event: 10699.928 Thread 0x00000238333d3040 Implicit null exception at 0x00000237b893c37f to 0x00000237b89420c0
Event: 10700.800 Thread 0x000002382959e4a0 Exception <a 'sun/nio/fs/WindowsException'{0x00000007cdab3460}> (0x00000007cdab3460) 
thrown [s\src\hotspot\share\prims\jni.cpp, line 516]
Event: 10700.803 Thread 0x0000023829598470 Exception <a 'sun/nio/fs/WindowsException'{0x00000007cdaa5580}> (0x00000007cdaa5580) 
thrown [s\src\hotspot\share\prims\jni.cpp, line 516]
Event: 10700.805 Thread 0x0000023836523840 Exception <a 'sun/nio/fs/WindowsException'{0x00000007cda81c50}> (0x00000007cda81c50) 
thrown [s\src\hotspot\share\prims\jni.cpp, line 516]
Event: 10700.805 Thread 0x00000238295998b0 Exception <a 'sun/nio/fs/WindowsException'{0x00000007cda960a8}> (0x00000007cda960a8) 
thrown [s\src\hotspot\share\prims\jni.cpp, line 516]
Event: 10700.807 Thread 0x000002382959acf0 Exception <a 'sun/nio/fs/WindowsException'{0x00000007cdaad528}> (0x00000007cdaad528) 
thrown [s\src\hotspot\share\prims\jni.cpp, line 516]
Event: 10700.825 Thread 0x0000023829598470 Exception <a 'sun/nio/fs/WindowsException'{0x00000007cdaa5828}> (0x00000007cdaa5828) 
thrown [s\src\hotspot\share\prims\jni.cpp, line 516]
Event: 10700.881 Thread 0x00000238295998b0 Exception <a 'sun/nio/fs/WindowsException'{0x00000007cda96340}> (0x00000007cda96340) 
thrown [s\src\hotspot\share\prims\jni.cpp, line 516]
Event: 10700.889 Thread 0x0000023836523840 Exception <a 'sun/nio/fs/WindowsException'{0x00000007cda81f50}> (0x00000007cda81f50) 
thrown [s\src\hotspot\share\prims\jni.cpp, line 516]
Event: 10700.899 Thread 0x000002382959e4a0 Exception <a 'sun/nio/fs/WindowsException'{0x00000007cdab3708}> (0x00000007cdab3708) 
thrown [s\src\hotspot\share\prims\jni.cpp, line 516]

VM Operations (20 events):
Event: 10691.649 Executing VM operation: Cleanup
Event: 10691.664 Executing VM operation: Cleanup done
Event: 10692.674 Executing VM operation: Cleanup
Event: 10692.689 Executing VM operation: Cleanup done
Event: 10693.704 Executing VM operation: Cleanup
Event: 10693.705 Executing VM operation: Cleanup done
Event: 10694.714 Executing VM operation: Cleanup
Event: 10694.730 Executing VM operation: Cleanup done
Event: 10695.739 Executing VM operation: Cleanup
Event: 10695.756 Executing VM operation: Cleanup done
Event: 10696.765 Executing VM operation: Cleanup
Event: 10697.737 Executing VM operation: Cleanup done
Event: 10697.743 Executing VM operation: HandshakeAllThreads
Event: 10697.789 Executing VM operation: HandshakeAllThreads done
Event: 10698.792 Executing VM operation: Cleanup
Event: 10698.807 Executing VM operation: Cleanup done
Event: 10699.756 Executing VM operation: HandshakeAllThreads
Event: 10699.774 Executing VM operation: HandshakeAllThreads done
Event: 10700.165 Executing VM operation: G1CollectForAllocation
Event: 10700.794 Executing VM operation: G1CollectForAllocation done

Memory protections (0 events):
No events

Nmethod flushes (20 events):
Event: 10650.958 Thread 0x00000237dd942ab0 flushing  nmethod 0x00000237abd33b90
Event: 10650.963 Thread 0x00000237dd942ab0 flushing  nmethod 0x00000237abdb5410
Event: 10650.963 Thread 0x00000237dd942ab0 flushing  nmethod 0x00000237abdb5a10
Event: 10650.973 Thread 0x00000237dd942ab0 flushing  nmethod 0x00000237abe7dd10
Event: 10650.974 Thread 0x00000237dd942ab0 flushing  nmethod 0x00000237abe7e490
Event: 10650.986 Thread 0x00000237dd942ab0 flushing  nmethod 0x00000237abf97010
Event: 10651.002 Thread 0x00000237dd942ab0 flushing  nmethod 0x00000237ac093690
Event: 10651.002 Thread 0x00000237dd942ab0 flushing  nmethod 0x00000237ac095390
Event: 10651.002 Thread 0x00000237dd942ab0 flushing  nmethod 0x00000237ac096a10
Event: 10651.008 Thread 0x00000237dd942ab0 flushing  nmethod 0x00000237ac0e5b10
Event: 10651.013 Thread 0x00000237dd942ab0 flushing  nmethod 0x00000237ac150490
Event: 10651.026 Thread 0x00000237dd942ab0 flushing  nmethod 0x00000237ac2a6790
Event: 10651.036 Thread 0x00000237dd942ab0 flushing  nmethod 0x00000237ac39a510
Event: 10651.037 Thread 0x00000237dd942ab0 flushing  nmethod 0x00000237ac3c9510
Event: 10651.039 Thread 0x00000237dd942ab0 flushing  nmethod 0x00000237ac40bd10
Event: 10651.071 Thread 0x00000237dd942ab0 flushing  nmethod 0x00000237ac5b3f90
Event: 10695.904 Thread 0x00000237dd942ab0 flushing  nmethod 0x00000237a777e990
Event: 10698.670 Thread 0x00000237dd942ab0 flushing  nmethod 0x00000237a8a9e210
Event: 10699.151 Thread 0x00000237dd942ab0 flushing  nmethod 0x00000237a8faea90
Event: 10701.031 Thread 0x00000237dd942ab0 flushing  nmethod 0x00000237a9920f10

Events (20 events):
Event: 10698.025 Thread 0x0000023829598470 Thread added: 0x0000023834c0cf80
Event: 10698.025 Thread 0x00000237dda87af0 Thread added: 0x0000023834c0e3c0
Event: 10698.225 Thread 0x0000023836529870 Thread added: 0x0000023834c0d9a0
Event: 10698.225 Thread 0x0000023836529870 Thread added: 0x0000023834c17690
Event: 10698.270 Thread 0x000002383652cb10 Thread added: 0x0000023834c13ee0
Event: 10698.270 Thread 0x000002383652cb10 Thread added: 0x0000023834c16c70
Event: 10698.311 Thread 0x0000023834c0cf80 Thread added: 0x0000023834c15830
Event: 10698.311 Thread 0x0000023834c0cf80 Thread added: 0x0000023834c143f0
Event: 10698.357 Thread 0x000002383652da40 Thread added: 0x0000023834c14e10
Event: 10698.359 Thread 0x000002383652da40 Thread added: 0x0000023834c180b0
Event: 10698.410 Thread 0x000002383652d530 Thread added: 0x0000023834c15320
Event: 10698.412 Thread 0x000002383652d530 Thread added: 0x0000023834c18fe0
Event: 10698.448 Thread 0x0000023836529360 Thread added: 0x0000023834c1a930
Event: 10698.449 Thread 0x0000023836529360 Thread added: 0x0000023834c19a00
Event: 10698.505 Thread 0x000002383652d020 Thread added: 0x0000023825573a30
Event: 10698.505 Thread 0x000002383652d020 Thread added: 0x0000023825574960
Event: 10698.546 Thread 0x0000023834c10220 Thread added: 0x000002382959f3d0
Event: 10698.546 Thread 0x0000023834c10220 Thread added: 0x000002382959c130
Event: 10698.590 Thread 0x0000023834c0e3c0 Thread added: 0x00000238244659c0
Event: 10698.591 Thread 0x0000023834c0e3c0 Thread added: 0x00000238244654b0


Dynamic libraries:
0x00007ff65fd40000 - 0x00007ff65fd4e000 	C:\Program Files\Eclipse Adoptium\jdk-17.0.17.10-hotspot\bin\java.exe
0x00007ff811180000 - 0x00007ff8113e7000 	C:\WINDOWS\SYSTEM32\ntdll.dll
0x00007ff80fd30000 - 0x00007ff80fdfb000 	C:\WINDOWS\System32\KERNEL32.DLL
0x00007ff80e570000 - 0x00007ff80e972000 	C:\WINDOWS\System32\KERNELBASE.dll
0x00007ff80eb10000 - 0x00007ff80ec5c000 	C:\WINDOWS\System32\ucrtbase.dll
0x00007ff808bc0000 - 0x00007ff808bde000 	C:\Program Files\Eclipse Adoptium\jdk-17.0.17.10-hotspot\bin\VCRUNTIME140.dll
0x00007ffffa020000 - 0x00007ffffa038000 	C:\Program Files\Eclipse Adoptium\jdk-17.0.17.10-hotspot\bin\jli.dll
0x00007ff810020000 - 0x00007ff8101ef000 	C:\WINDOWS\System32\USER32.dll
0x00007ff80e380000 - 0x00007ff80e3a7000 	C:\WINDOWS\System32\win32u.dll
0x00007ff80fe10000 - 0x00007ff80fe3b000 	C:\WINDOWS\System32\GDI32.dll
0x00007fffeb400000 - 0x00007fffeb690000 	C:\WINDOWS\WinSxS\amd64_microsoft.windows.common-controls_6595b64144ccf1df_6.0.26100.9278_none_3e0d1ba8e3303201\COMCTL32.dll
0x00007ff80e440000 - 0x00007ff80e569000 	C:\WINDOWS\System32\gdi32full.dll
0x00007ff810cf0000 - 0x00007ff810d99000 	C:\WINDOWS\System32\msvcrt.dll
0x00007ff80edf0000 - 0x00007ff80ee93000 	C:\WINDOWS\System32\msvcp_win.dll
0x00007ff80ef30000 - 0x00007ff80ef61000 	C:\WINDOWS\System32\IMM32.DLL
0x00007ff808bb0000 - 0x00007ff808bbc000 	C:\Program Files\Eclipse Adoptium\jdk-17.0.17.10-hotspot\bin\vcruntime140_1.dll
0x00007ffff8890000 - 0x00007ffff891d000 	C:\Program Files\Eclipse Adoptium\jdk-17.0.17.10-hotspot\bin\msvcp140.dll
0x00007fff383a0000 - 0x00007fff3900b000 	C:\Program Files\Eclipse Adoptium\jdk-17.0.17.10-hotspot\bin\server\jvm.dll
0x00007ff810320000 - 0x00007ff8103dc000 	C:\WINDOWS\System32\ADVAPI32.dll
0x00007ff810200000 - 0x00007ff8102a9000 	C:\WINDOWS\System32\sechost.dll
0x00007ff80fa40000 - 0x00007ff80fb58000 	C:\WINDOWS\System32\RPCRT4.dll
0x00007ff80f9b0000 - 0x00007ff80fa30000 	C:\WINDOWS\System32\WS2_32.dll
0x00007ff808350000 - 0x00007ff808386000 	C:\WINDOWS\SYSTEM32\WINMM.dll
0x00007ff80e1e0000 - 0x00007ff80e23e000 	C:\WINDOWS\SYSTEM32\POWRPROF.dll
0x00007ffff9850000 - 0x00007ffff985b000 	C:\WINDOWS\SYSTEM32\VERSION.dll
0x00007ff80e1c0000 - 0x00007ff80e1d5000 	C:\WINDOWS\SYSTEM32\UMPDC.dll
0x00007ff80d010000 - 0x00007ff80d02b000 	C:\WINDOWS\SYSTEM32\kernel.appcore.dll
0x00007ff803930000 - 0x00007ff80393a000 	C:\Program Files\Eclipse Adoptium\jdk-17.0.17.10-hotspot\bin\jimage.dll
0x00007ff80b7c0000 - 0x00007ff80ba0c000 	C:\WINDOWS\SYSTEM32\DBGHELP.DLL
0x00007ff810db0000 - 0x00007ff811135000 	C:\WINDOWS\System32\combase.dll
0x00007ff80ff40000 - 0x00007ff810019000 	C:\WINDOWS\System32\OLEAUT32.dll
0x00007fffe55e0000 - 0x00007fffe561b000 	C:\WINDOWS\SYSTEM32\dbgcore.DLL
0x00007ff80ed30000 - 0x00007ff80eddc000 	C:\WINDOWS\System32\bcryptPrimitives.dll
0x00007ffff8b80000 - 0x00007ffff8b8e000 	C:\Program Files\Eclipse Adoptium\jdk-17.0.17.10-hotspot\bin\instrument.dll
0x00007ffff9f20000 - 0x00007ffff9f45000 	C:\Program Files\Eclipse Adoptium\jdk-17.0.17.10-hotspot\bin\java.dll
0x00007ffff7970000 - 0x00007ffff7a47000 	C:\Program Files\Eclipse Adoptium\jdk-17.0.17.10-hotspot\bin\jsvml.dll
0x00007ff80ef70000 - 0x00007ff80f708000 	C:\WINDOWS\System32\SHELL32.dll
0x00007ff80bda0000 - 0x00007ff80c64e000 	C:\WINDOWS\SYSTEM32\windows.storage.dll
0x00007ff80fe40000 - 0x00007ff80ff3b000 	C:\WINDOWS\System32\SHCORE.dll
0x00007ff8103f0000 - 0x00007ff810456000 	C:\WINDOWS\System32\shlwapi.dll
0x00007ff80e2a0000 - 0x00007ff80e2c9000 	C:\WINDOWS\SYSTEM32\profapi.dll
0x00007ffff8870000 - 0x00007ffff8888000 	C:\Program Files\Eclipse Adoptium\jdk-17.0.17.10-hotspot\bin\zip.dll
0x00007ffff9f00000 - 0x00007ffff9f1a000 	C:\Program Files\Eclipse Adoptium\jdk-17.0.17.10-hotspot\bin\net.dll
0x00007ff8049e0000 - 0x00007ff804b0a000 	C:\WINDOWS\SYSTEM32\WINHTTP.dll
0x00007ff80d5b0000 - 0x00007ff80d61c000 	C:\WINDOWS\system32\mswsock.dll
0x00007ffff9970000 - 0x00007ffff9986000 	C:\Program Files\Eclipse Adoptium\jdk-17.0.17.10-hotspot\bin\nio.dll
0x00007ffffa2d0000 - 0x00007ffffa2e0000 	C:\Program Files\Eclipse Adoptium\jdk-17.0.17.10-hotspot\bin\verify.dll
0x00007ffff8840000 - 0x00007ffff8867000 	C:\Users\USER\.gradle\native\1def1411415f61bf3af743bc5b6707747c0891f09f0c88961ee8f79bc544acac\windows-amd64\native-platform.dll
0x00007ffff8170000 - 0x00007ffff81e8000 	C:\Users\USER\.gradle\native\0.2.7\x86_64-windows-gnu\gradle-fileevents.dll
0x00007ffffa010000 - 0x00007ffffa01a000 	C:\Program Files\Eclipse Adoptium\jdk-17.0.17.10-hotspot\bin\management.dll
0x00007ffff9ef0000 - 0x00007ffff9efc000 	C:\Program Files\Eclipse Adoptium\jdk-17.0.17.10-hotspot\bin\management_ext.dll
0x00007ff810da0000 - 0x00007ff810da8000 	C:\WINDOWS\System32\PSAPI.DLL
0x00007ff80ca70000 - 0x00007ff80caa3000 	C:\WINDOWS\SYSTEM32\IPHLPAPI.DLL
0x00007ff80fe00000 - 0x00007ff80fe0a000 	C:\WINDOWS\System32\NSI.dll
0x00007ff806890000 - 0x00007ff8068ad000 	C:\WINDOWS\SYSTEM32\dhcpcsvc6.DLL
0x00007ff806840000 - 0x00007ff806865000 	C:\WINDOWS\SYSTEM32\dhcpcsvc.DLL
0x00007ff80cb50000 - 0x00007ff80cca8000 	C:\WINDOWS\SYSTEM32\DNSAPI.dll
0x00007ff80d3b0000 - 0x00007ff80d3bd000 	C:\WINDOWS\SYSTEM32\DSPARSE.dll
0x00007ffff9960000 - 0x00007ffff9969000 	C:\Program Files\Eclipse Adoptium\jdk-17.0.17.10-hotspot\bin\extnet.dll
0x00007ff80d9d0000 - 0x00007ff80d9eb000 	C:\WINDOWS\SYSTEM32\CRYPTSP.dll
0x00007ff80cf70000 - 0x00007ff80cfa9000 	C:\WINDOWS\system32\rsaenh.dll
0x00007ff80d660000 - 0x00007ff80d694000 	C:\WINDOWS\SYSTEM32\USERENV.dll
0x00007ff80e270000 - 0x00007ff80e29a000 	C:\WINDOWS\SYSTEM32\bcrypt.dll
0x00007ff80d9a0000 - 0x00007ff80d9ac000 	C:\WINDOWS\SYSTEM32\CRYPTBASE.dll
0x00007ffff8830000 - 0x00007ffff883e000 	C:\Program Files\Eclipse Adoptium\jdk-17.0.17.10-hotspot\bin\sunmscapi.dll
0x00007ff80e980000 - 0x00007ff80eafe000 	C:\WINDOWS\System32\CRYPT32.dll
0x00007ff80db40000 - 0x00007ff80db70000 	C:\WINDOWS\SYSTEM32\ncrypt.dll
0x00007ff80daf0000 - 0x00007ff80db2f000 	C:\WINDOWS\SYSTEM32\NTASN1.dll
0x00007fffdcbe0000 - 0x00007fffdcbe8000 	C:\WINDOWS\system32\wshunix.dll
0x00007ff8065d0000 - 0x00007ff8065db000 	C:\Windows\System32\rasadhlp.dll
0x00007ff806fe0000 - 0x00007ff807066000 	C:\WINDOWS\System32\fwpuclnt.dll
0x00007ff80d140000 - 0x00007ff80d176000 	C:\WINDOWS\SYSTEM32\ntmarta.dll
0x00007ffff9800000 - 0x00007ffff9807000 	C:\Program Files\Eclipse Adoptium\jdk-17.0.17.10-hotspot\bin\rmi.dll

dbghelp: loaded successfully - version: 4.0.5 - missing functions: none
symbol engine: initialized successfully - sym options: 0x614 - pdb path: .;C:\Program Files\Eclipse Adoptium\jdk-17.0.17.10-hotspot\bin;C:\WINDOWS\SYSTEM32;C:\WINDOWS\WinSxS\amd64_microsoft.windows.common-controls_6595b64144ccf1df_6.0.26100.9278_none_3e0d1ba8e3303201;C:\Program Files\Eclipse Adoptium\jdk-17.0.17.10-hotspot\bin\server;C:\Users\USER\.gradle\native\1def1411415f61bf3af743bc5b6707747c0891f09f0c88961ee8f79bc544acac\windows-amd64;C:\Users\USER\.gradle\native\0.2.7\x86_64-windows-gnu

VM Arguments:
jvm_args: --add-opens=java.base/java.lang=ALL-UNNAMED --add-opens=java.base/java.lang.invoke=ALL-UNNAMED --add-opens=java.base/java.util=ALL-UNNAMED --add-opens=java.prefs/java.util.prefs=ALL-UNNAMED --add-exports=jdk.compiler/com.sun.tools.javac.api=ALL-UNNAMED --add-exports=jdk.compiler/com.sun.tools.javac.util=ALL-UNNAMED --add-opens=java.base/java.util=ALL-UNNAMED --add-opens=java.prefs/java.util.prefs=ALL-UNNAMED --add-opens=java.base/java.nio.charset=ALL-UNNAMED --add-opens=java.base/java.net=ALL-UNNAMED --add-opens=java.base/java.util.concurrent.atomic=ALL-UNNAMED --add-opens=java.xml/javax.xml.namespace=ALL-UNNAMED -XX:MaxMetaspaceSize=4G -XX:ReservedCodeCacheSize=512m -XX:+HeapDumpOnOutOfMemoryError -Xmx8G -Dfile.encoding=windows-1252 -Duser.country=US -Duser.language=en -Duser.variant -javaagent:C:\Users\USER\.gradle\wrapper\dists\gradle-8.14-all\c2qonpi39x1mddn7hk5gh9iqj\gradle-8.14\lib\agents\gradle-instrumentation-agent-8.14.jar 
java_command: org.gradle.launcher.daemon.bootstrap.GradleDaemon 8.14
java_class_path (initial): C:\Users\USER\.gradle\wrapper\dists\gradle-8.14-all\c2qonpi39x1mddn7hk5gh9iqj\gradle-8.14\lib\gradle-daemon-main-8.14.jar
Launcher Type: SUN_STANDARD

[Global flags]
     intx CICompilerCount                          = 4                                         {product} {ergonomic}
     uint ConcGCThreads                            = 3                                         {product} {ergonomic}
     uint G1ConcRefinementThreads                  = 10                                        {product} {ergonomic}
   size_t G1HeapRegionSize                         = 4194304                                   {product} {ergonomic}
    uintx GCDrainStackTargetSize                   = 64                                        {product} {ergonomic}
     bool HeapDumpOnOutOfMemoryError               = true                                   {manageable} {command line}
   size_t InitialHeapSize                          = 130023424                                 {product} {ergonomic}
   size_t MarkStackSize                            = 4194304                                   {product} {ergonomic}
   size_t MaxHeapSize                              = 8589934592                                {product} {command line}
   size_t MaxMetaspaceSize                         = 4294967296                                {product} {command line}
   size_t MaxNewSize                               = 5150605312                                {product} {ergonomic}
   size_t MinHeapDeltaBytes                        = 4194304                                   {product} {ergonomic}
   size_t MinHeapSize                              = 8388608                                   {product} {ergonomic}
    uintx NonNMethodCodeHeapSize                   = 5839372                                {pd product} {ergonomic}
    uintx NonProfiledCodeHeapSize                  = 265515770                              {pd product} {ergonomic}
    uintx ProfiledCodeHeapSize                     = 265515770                              {pd product} {ergonomic}
    uintx ReservedCodeCacheSize                    = 536870912                              {pd product} {command line}
     bool SegmentedCodeCache                       = true                                      {product} {ergonomic}
   size_t SoftMaxHeapSize                          = 8589934592                             {manageable} {ergonomic}
   double SweeperThreshold                         = 0.234375                                  {product} {ergonomic}
     bool UseCompressedClassPointers               = true                           {product lp64_product} {ergonomic}
     bool UseCompressedOops                        = true                           {product lp64_product} {ergonomic}
     bool UseG1GC                                  = true                                      {product} {ergonomic}
     bool UseLargePagesIndividualAllocation        = false                                  {pd product} {ergonomic}

Logging:
Log output configuration:
 #0: stdout all=warning uptime,level,tags
 #1: stderr all=off uptime,level,tags

Environment Variables:
JAVA_HOME=C:\Program Files\Eclipse Adoptium\jdk-17.0.17.10-hotspot
CLASSPATH=C:\Users\USER\StudioProjects\thumstechs\android\\gradle\wrapper\gradle-wrapper.jar
PATH=C:\Program Files\Eclipse Adoptium\jdk-17.0.17.10-hotspot\bin;C:\Python314\Scripts\;C:\Python314\;C:\Program Files\Eclipse Adoptium\jdk-17.0.17.10-hotspot\bin;C:\Program Files\Eclipse Adoptium\jdk-25.0.1.8-hotspot\bin;C:\WINDOWS\system32;C:\WINDOWS;C:\WINDOWS\System32\Wbem;C:\WINDOWS\System32\WindowsPowerShell\v1.0\;C:\WINDOWS\System32\OpenSSH\;D:\Apps\flutter_windows_3.38.5-stable\flutter\bin;C:\Program Files\Git\bin;C:\Users\USER\AppData\Local\Pub\Cache\bin;C:\Program Files\Eclipse Adoptium\jdk-17.0.17.10-hotspot;C:\msys64\mingw64\bin;C:\Users\USER\AppData\Local\Programs\Python\Python311;C:\Users\USER\AppData\Local\Programs\Python\Python311\Scripts;C:\Program Files (x86)\Windows Kits\10\Windows Performance Toolkit\;C:\Program Files\CMake\bin;C:\ProgramData\chocolatey\bin;C:\Program Files\nodejs\;C:\Users\USER\AppData\Local\Microsoft\WindowsApps;C:\Users\USER\AppData\Local\Programs\Microsoft VS Code\bin;D:\Apps\flutter_windows_3.38.5-stable\flutter\bin;C:\Users\USER\AppData\Local\Programs\Python\Python311\Scripts;C:\Users\USER\AppData\Local\Programs\Python\Python311;C:\Users\USER\AppData\Local\Android\Sdk\platform-tools;C:\Users\USER\AppData\Local\Programs\cursor\resources\app\bin;C:\Users\USER\AppData\Roaming\npm;C:\Users\USER\AppData\Local\Google\Cloud SDK\google-cloud-sdk\bin;C:\Users\USER\AppData\Local\Kingsoft\WPS Office\12.1.0.27458\clitool;D:\Apps\flutter_windows_3.38.5-stable\flutter\bin\mingit\cmd
USERNAME=USER
OS=Windows_NT
PROCESSOR_IDENTIFIER=Intel64 Family 6 Model 186 Stepping 3, GenuineIntel
TMP=C:\Users\USER\AppData\Local\Temp
TEMP=C:\Users\USER\AppData\Local\Temp



Periodic native trim disabled


---------------  S Y S T E M  ---------------

OS:
 Windows 11 , 64 bit Build 26100 (10.0.26100.9444)
OS uptime: 0 days 10:40 hours
Hyper-V role detected

CPU: total 12 (initial active 12) (6 cores per cpu, 2 threads per core) family 6 model 186 stepping 3 microcode 0x4123, cx8, cmov, fxsr, ht, mmx, 3dnowpref, sse, sse2, sse3, ssse3, sse4.1, sse4.2, popcnt, lzcnt, tsc, tscinvbit, avx, avx2, aes, erms, clmul, bmi1, bmi2, adx, sha, fma, vzeroupper, clflush, clflushopt, clwb, hv
Processor Information for processor 0
  Max Mhz: 1700, Current Mhz: 1700, Mhz Limit: 1700
Processor Information for processor 1
  Max Mhz: 1700, Current Mhz: 1700, Mhz Limit: 1700
Processor Information for processor 2
  Max Mhz: 1700, Current Mhz: 1700, Mhz Limit: 1700
Processor Information for processor 3
  Max Mhz: 1700, Current Mhz: 1700, Mhz Limit: 1700
Processor Information for processor 4
  Max Mhz: 1700, Current Mhz: 1200, Mhz Limit: 1190
Processor Information for processor 5
  Max Mhz: 1700, Current Mhz: 1200, Mhz Limit: 1190
Processor Information for processor 6
  Max Mhz: 1700, Current Mhz: 1200, Mhz Limit: 1190
Processor Information for processor 7
  Max Mhz: 1700, Current Mhz: 1200, Mhz Limit: 1190
Processor Information for processor 8
  Max Mhz: 1700, Current Mhz: 1200, Mhz Limit: 1190
Processor Information for processor 9
  Max Mhz: 1700, Current Mhz: 1200, Mhz Limit: 1190
Processor Information for processor 10
  Max Mhz: 1700, Current Mhz: 1200, Mhz Limit: 1190
Processor Information for processor 11
  Max Mhz: 1700, Current Mhz: 1200, Mhz Limit: 1190

Memory: 4k page, system-wide physical 7710M (394M free)
TotalPageFile size 31262M (AvailPageFile size 15M)
current process WorkingSet (physical memory assigned to process): 909M, peak: 2139M
current process commit charge ("private bytes"): 8472M, peak: 8475M

vm_info: OpenJDK 64-Bit Server VM (17.0.17+10) for windows-amd64 JRE (17.0.17+10), built on Oct 21 2025 23:25:32 by "admin" with unknown MS VC++:1942

END.
